lat,lon,cooplabmst_ID,DSP_sample_ID,DSP_Pedon_ID,DSP_Pedon,layer_no,KSSL_labsampnum,pedon_ID,DSP_Plot_ID,Pedon_Num,UserPedonID,laydesg_ID,hzdesg,top_cm,bottom_cm,soc_pct_mass,measured_bulk_density_g_cm3,gee_point_id
39.9519869,-100.89697,1,KeCF3-1-1,KeCF3-1,S2018KS153101,1,19N02620,141,KeCF3,,,1.0,Ap1,0.0,5.0,1.89,1.298786803,dsp4sh_000091
39.9519869,-100.89697,2,KeCF3-1-2,KeCF3-1,S2018KS153101,2,19N02621,141,KeCF3,,,2.0,Ap1,5.0,10.0,1.05,1.347896905,dsp4sh_000091
39.9519869,-100.89697,3,KeCF3-1-3,KeCF3-1,S2018KS153101,3,19N02622,141,KeCF3,,,3.0,Ap2,10.0,23.0,0.89,1.394038814,dsp4sh_000091
39.9519869,-100.89697,4,KeCF3-1-4,KeCF3-1,S2018KS153101,4,19N02623,141,KeCF3,,,4.0,Bt1,23.0,40.0,0.72,1.358523671,dsp4sh_000091
39.9519869,-100.89697,5,KeCF3-1-5,KeCF3-1,S2018KS153101,5,19N02624,141,KeCF3,,,5.0,Bt2,40.0,57.0,0.58,1.30281053,dsp4sh_000091
39.9519869,-100.89697,6,KeCF3-1-6,KeCF3-1,S2018KS153101,6,19N02625,141,KeCF3,,,6.0,Btk1,57.0,74.0,0.48,1.370904369,dsp4sh_000091
39.9519869,-100.89697,7,KeCF3-1-7,KeCF3-1,S2018KS153101,7,19N02626,141,KeCF3,,,7.0,Btk2,74.0,100.0,0.44,1.017617978,dsp4sh_000091
39.9521612,-100.8967806,8,KeCF3-2-1,KeCF3-2,S2018KS153102,1,19N02627,142,KeCF3,,,8.0,Ap1,0.0,5.0,1.65,0.859426784,dsp4sh_000092
39.9521612,-100.8967806,9,KeCF3-2-2,KeCF3-2,S2018KS153102,2,19N02628,142,KeCF3,,,9.0,Ap1,5.0,10.0,1.01,1.422439024,dsp4sh_000092
39.9521612,-100.8967806,10,KeCF3-2-3,KeCF3-2,S2018KS153102,3,19N02629,142,KeCF3,,,10.0,Ap2,10.0,21.0,1.07,1.393180246,dsp4sh_000092
39.9521612,-100.8967806,11,KeCF3-2-4,KeCF3-2,S2018KS153102,4,19N02630,142,KeCF3,,,11.0,Bt1,21.0,36.0,0.67,1.199981955,dsp4sh_000092
39.9521612,-100.8967806,12,KeCF3-2-5,KeCF3-2,S2018KS153102,5,19N02631,142,KeCF3,,,12.0,Bt2,36.0,52.0,0.56,1.353542374,dsp4sh_000092
39.9521612,-100.8967806,13,KeCF3-2-6,KeCF3-2,S2018KS153102,6,19N02632,142,KeCF3,,,13.0,Btk1,52.0,75.0,0.57,1.244338646,dsp4sh_000092
39.9521612,-100.8967806,14,KeCF3-2-7,KeCF3-2,S2018KS153102,7,19N02633,142,KeCF3,,,14.0,Btk2,75.0,100.0,0.78,1.237749962,dsp4sh_000092
39.9521612,-100.8967806,15,KeCF3-3-1,KeCF3-3,S2018KS153103,1,19N02634,143,KeCF3,,,15.0,Ap1,0.0,5.0,1.63,1.114623921,dsp4sh_000092
39.9521612,-100.8967806,16,KeCF3-3-2,KeCF3-3,S2018KS153103,2,19N02635,143,KeCF3,,,16.0,Ap1,5.0,10.0,1.01,1.454009804,dsp4sh_000092
39.9521612,-100.8967806,17,KeCF3-3-3,KeCF3-3,S2018KS153103,3,19N02636,143,KeCF3,,,17.0,Ap2,10.0,21.0,0.8,0.788611771,dsp4sh_000092
39.9521612,-100.8967806,18,KeCF3-3-4,KeCF3-3,S2018KS153103,4,19N02637,143,KeCF3,,,18.0,Bt1,21.0,37.0,0.59,1.274615425,dsp4sh_000092
39.9521612,-100.8967806,19,KeCF3-3-5,KeCF3-3,S2018KS153103,5,19N02638,143,KeCF3,,,19.0,Bt2,37.0,50.0,0.54,1.268902496,dsp4sh_000092
39.9521612,-100.8967806,20,KeCF3-3-6,KeCF3-3,S2018KS153103,6,19N02639,143,KeCF3,,,20.0,Btk1,50.0,83.0,0.72,1.281685964,dsp4sh_000092
39.9521612,-100.8967806,21,KeCF3-3-7,KeCF3-3,S2018KS153103,7,19N02640,143,KeCF3,,,21.0,Btk2,83.0,100.0,0.61,,dsp4sh_000092
39.978288,-100.868944,22,KeC3-1-1,KeC3-1,S2018KS153104,1,19N02641,144,KeC3,,,22.0,Ap1,0.0,5.0,3.79,1.3557896,dsp4sh_000096
39.978288,-100.868944,23,KeC3-1-2,KeC3-1,S2018KS153104,2,19N02642,144,KeC3,,,23.0,Ap1,5.0,10.0,3.73,1.3557896,dsp4sh_000096
39.978288,-100.868944,24,KeC3-1-3,KeC3-1,S2018KS153104,3,19N02643,144,KeC3,,,24.0,Ap2,10.0,23.0,0.96,1.319496695,dsp4sh_000096
39.978288,-100.868944,25,KeC3-1-4,KeC3-1,S2018KS153104,4,19N02644,144,KeC3,,,25.0,Bt,23.0,39.0,0.72,1.267764127,dsp4sh_000096
39.978288,-100.868944,26,KeC3-1-5,KeC3-1,S2018KS153104,5,19N02645,144,KeC3,,,26.0,Btk,39.0,57.0,0.52,1.21216204,dsp4sh_000096
39.978288,-100.868944,27,KeC3-1-6,KeC3-1,S2018KS153104,6,19N02646,144,KeC3,,,27.0,Bk1,57.0,77.0,0.62,1.325972752,dsp4sh_000096
39.978288,-100.868944,28,KeC3-1-7,KeC3-1,S2018KS153104,7,19N02647,144,KeC3,,,28.0,Bk2,77.0,100.0,0.49,1.268741182,dsp4sh_000096
39.978452,-100.868986,29,KeC3-2-1,KeC3-2,S2018KS153105,1,19N02648,145,KeC3,,,29.0,Ap1,0.0,5.0,1.22,1.316326125,dsp4sh_000098
39.978452,-100.868986,30,KeC3-2-2,KeC3-2,S2018KS153105,2,19N02649,145,KeC3,,,30.0,Ap1,5.0,10.0,0.96,1.332111515,dsp4sh_000098
39.978452,-100.868986,31,KeC3-2-3,KeC3-2,S2018KS153105,3,19N02650,145,KeC3,,,31.0,Ap2,10.0,15.0,0.78,1.282124447,dsp4sh_000098
39.978452,-100.868986,32,KeC3-2-4,KeC3-2,S2018KS153105,4,19N02651,145,KeC3,,,32.0,Bt1,15.0,26.0,0.68,1.477289268,dsp4sh_000098
39.978452,-100.868986,33,KeC3-2-5,KeC3-2,S2018KS153105,5,19N02652,145,KeC3,,,33.0,Bt2,26.0,35.0,0.87,1.372451956,dsp4sh_000098
39.978452,-100.868986,34,KeC3-2-6,KeC3-2,S2018KS153105,6,19N02653,145,KeC3,,,34.0,Btk1,35.0,55.0,0.8,1.27401251,dsp4sh_000098
39.978452,-100.868986,35,KeC3-2-7,KeC3-2,S2018KS153105,7,19N02654,145,KeC3,,,35.0,Btk2,55.0,86.0,0.45,1.313044574,dsp4sh_000098
39.978452,-100.868986,36,KeC3-2-8,KeC3-2,S2018KS153105,8,19N02655,145,KeC3,,,36.0,Bk,86.0,100.0,0.4,1.334554492,dsp4sh_000098
39.9783659,-100.8687585,37,KeC3-3-1,KeC3-3,S2018KS153106,1,19N02656,146,KeC3,,,37.0,Ap1,0.0,5.0,1.23,1.252307599,dsp4sh_000097
39.9783659,-100.8687585,38,KeC3-3-2,KeC3-3,S2018KS153106,2,19N02657,146,KeC3,,,38.0,Ap1,5.0,10.0,1.03,1.210213226,dsp4sh_000097
39.9783659,-100.8687585,39,KeC3-3-3,KeC3-3,S2018KS153106,3,19N02658,146,KeC3,,,39.0,Ap2,10.0,18.0,0.88,1.258446362,dsp4sh_000097
39.9783659,-100.8687585,40,KeC3-3-4,KeC3-3,S2018KS153106,4,19N02659,146,KeC3,,,40.0,Bt1,18.0,29.0,1.01,1.427461648,dsp4sh_000097
39.9783659,-100.8687585,41,KeC3-3-5,KeC3-3,S2018KS153106,5,19N02660,146,KeC3,,,41.0,Bt2,29.0,41.0,0.89,1.348335388,dsp4sh_000097
39.9783659,-100.8687585,42,KeC3-3-6,KeC3-3,S2018KS153106,6,19N02661,146,KeC3,,,42.0,Btk1,41.0,57.0,0.59,1.303390875,dsp4sh_000097
39.9783659,-100.8687585,43,KeC3-3-7,KeC3-3,S2018KS153106,7,19N02662,146,KeC3,,,43.0,Btk2,57.0,76.0,0.36,1.313141353,dsp4sh_000097
39.9783659,-100.8687585,44,KeC3-3-8,KeC3-3,S2018KS153106,8,19N02663,146,KeC3,,,44.0,Bk,76.0,100.0,0.41,1.225194731,dsp4sh_000097
39.9736474,-100.8692162,45,KeN3-1-1,KeN3-1,S2018KS153107,1,19N02664,147,KeN3,,,45.0,A1,0.0,5.0,1.35,1.056744158,dsp4sh_000093
39.9736474,-100.8692162,46,KeN3-1-2,KeN3-1,S2018KS153107,2,19N02665,147,KeN3,,,46.0,A1,5.0,10.0,3.01,1.420685092,dsp4sh_000093
39.9736474,-100.8692162,47,KeN3-1-3,KeN3-1,S2018KS153107,3,19N02666,147,KeN3,,,47.0,A2,10.0,25.0,1.04,1.254736121,dsp4sh_000093
39.9736474,-100.8692162,48,KeN3-1-4,KeN3-1,S2018KS153107,4,19N02667,147,KeN3,,,48.0,Bt1,25.0,43.0,0.74,1.301668263,dsp4sh_000093
39.9736474,-100.8692162,49,KeN3-1-5,KeN3-1,S2018KS153107,5,19N02668,147,KeN3,,,49.0,Bt2,43.0,57.0,0.59,1.35582614,dsp4sh_000093
39.9736474,-100.8692162,50,KeN3-1-6,KeN3-1,S2018KS153107,6,19N02669,147,KeN3,,,50.0,Bk1,57.0,83.0,0.73,1.164903311,dsp4sh_000093
39.9736474,-100.8692162,51,KeN3-1-7,KeN3-1,S2018KS153107,7,19N02670,147,KeN3,,,51.0,Bk2,83.0,100.0,0.82,1.348993112,dsp4sh_000093
39.9739409,-100.8692095,52,KeN3-2-1,KeN3-2,S2018KS153108,1,19N02671,148,KeN3,,,52.0,A1,0.0,5.0,2.91,0.686664461,dsp4sh_000095
39.9739409,-100.8692095,53,KeN3-2-2,KeN3-2,S2018KS153108,2,19N02672,148,KeN3,,,53.0,A1,5.0,10.0,1.29,1.275985684,dsp4sh_000095
39.9739409,-100.8692095,54,KeN3-2-3,KeN3-2,S2018KS153108,3,19N02673,148,KeN3,,,54.0,A2,10.0,25.0,1.06,1.297909837,dsp4sh_000095
39.9739409,-100.8692095,55,KeN3-2-4,KeN3-2,S2018KS153108,4,19N02674,148,KeN3,,,55.0,Bt1,25.0,45.0,0.67,1.330169661,dsp4sh_000095
39.9739409,-100.8692095,56,KeN3-2-5,KeN3-2,S2018KS153108,5,19N02675,148,KeN3,,,56.0,Bt2,45.0,71.0,0.58,1.348136077,dsp4sh_000095
39.9739409,-100.8692095,57,KeN3-2-6,KeN3-2,S2018KS153108,6,19N02676,148,KeN3,,,57.0,Btk,71.0,85.0,0.66,1.431647168,dsp4sh_000095
39.9739409,-100.8692095,58,KeN3-2-7,KeN3-2,S2018KS153108,7,19N02677,148,KeN3,,,58.0,Bk,85.0,100.0,0.91,1.33862612,dsp4sh_000095
39.9737363,-100.8690184,59,KeN3-3-1,KeN3-3,S2018KS153109,1,19N02678,149,KeN3,,,59.0,A1,0.0,5.0,2.79,0.734897597,dsp4sh_000094
39.9737363,-100.8690184,60,KeN3-3-2,KeN3-3,S2018KS153109,2,19N02679,149,KeN3,,,60.0,A1,5.0,10.0,1.35,1.158472226,dsp4sh_000094
39.9737363,-100.8690184,61,KeN3-3-3,KeN3-3,S2018KS153109,3,19N02680,149,KeN3,,,61.0,A2,10.0,26.0,0.96,1.290236383,dsp4sh_000094
39.9737363,-100.8690184,62,KeN3-3-4,KeN3-3,S2018KS153109,4,19N02681,149,KeN3,,,62.0,Bt,26.0,44.0,0.71,1.237691498,dsp4sh_000094
39.9737363,-100.8690184,63,KeN3-3-5,KeN3-3,S2018KS153109,5,19N02682,149,KeN3,,,63.0,Btk,44.0,65.0,0.74,1.301807464,dsp4sh_000094
39.9737363,-100.8690184,64,KeN3-3-6,KeN3-3,S2018KS153109,6,19N02683,149,KeN3,,,64.0,Bk1,65.0,79.0,0.89,1.30271227,dsp4sh_000094
39.9737363,-100.8690184,65,KeN3-3-7,KeN3-3,S2018KS153109,7,19N02684,149,KeN3,,,65.0,Bk2,79.0,100.0,0.66,1.189385281,dsp4sh_000094
39.2447359,-100.5431538,66,KeCF1-1-1,KeCF1-1,S2018KS179104,1,19N02511,150,KeCF1,,,66.0,Ap,0.0,5.0,1.92,1.495227211,dsp4sh_000067
39.2447359,-100.5431538,67,KeCF1-1-2,KeCF1-1,S2018KS179104,2,19N02512,150,KeCF1,,,67.0,Ap,5.0,10.0,1.09,1.26107726,dsp4sh_000067
39.2447359,-100.5431538,68,KeCF1-1-3,KeCF1-1,S2018KS179104,3,19N02513,150,KeCF1,,,68.0,A,10.0,18.0,0.93,1.396568524,dsp4sh_000067
39.2447359,-100.5431538,69,KeCF1-1-4,KeCF1-1,S2018KS179104,4,19N02514,150,KeCF1,,,69.0,Bt1,18.0,27.0,0.62,1.426531532,dsp4sh_000067
39.2447359,-100.5431538,70,KeCF1-1-5,KeCF1-1,S2018KS179104,5,19N02515,150,KeCF1,,,70.0,Bt2,27.0,37.0,0.58,1.518466812,dsp4sh_000067
39.2447359,-100.5431538,71,KeCF1-1-6,KeCF1-1,S2018KS179104,6,19N02516,150,KeCF1,,,71.0,Btk,37.0,59.0,0.72,1.168358026,dsp4sh_000067
39.2447359,-100.5431538,72,KeCF1-1-7,KeCF1-1,S2018KS179104,7,19N02517,150,KeCF1,,,72.0,Bk,59.0,100.0,0.51,1.149574228,dsp4sh_000067
39.2450134,-100.5430643,73,KeCF1-2-1,KeCF1-2,S2018KS179105,1,19N02518,151,KeCF1,,,73.0,Ap1,0.0,5.0,1.79,1.275108718,dsp4sh_000068
39.2450134,-100.5430643,74,KeCF1-2-2,KeCF1-2,S2018KS179105,2,19N02519,151,KeCF1,,,74.0,Ap1,5.0,10.0,1.11,1.3557896,dsp4sh_000068
39.2450134,-100.5430643,75,KeCF1-2-3,KeCF1-2,S2018KS179105,3,19N02520,151,KeCF1,,,75.0,Ap2,10.0,18.0,0.9,1.470562539,dsp4sh_000068
39.2450134,-100.5430643,76,KeCF1-2-4,KeCF1-2,S2018KS179105,4,19N02521,151,KeCF1,,,76.0,Bt1,18.0,32.0,0.62,1.24811069,dsp4sh_000068
39.2450134,-100.5430643,77,KeCF1-2-5,KeCF1-2,S2018KS179105,5,19N02522,151,KeCF1,,,77.0,Bt2,32.0,45.0,0.55,1.282731577,dsp4sh_000068
39.2450134,-100.5430643,78,KeCF1-2-6,KeCF1-2,S2018KS179105,6,19N02523,151,KeCF1,,,78.0,Btk,45.0,66.0,0.53,1.019368697,dsp4sh_000068
39.2450134,-100.5430643,79,KeCF1-2-7,KeCF1-2,S2018KS179105,7,19N02524,151,KeCF1,,,79.0,Bk,66.0,100.0,0.5,1.077352861,dsp4sh_000068
39.2447102,-100.5427146,80,KeCF1-3-1,KeCF1-3,S2018KS179106,1,19N02525,152,KeCF1,,,80.0,Ap1,0.0,5.0,1.89,1.06288292,dsp4sh_000066
39.2447102,-100.5427146,81,KeCF1-3-2,KeCF1-3,S2018KS179106,2,19N02526,152,KeCF1,,,81.0,Ap1,5.0,10.0,1.19,1.259323328,dsp4sh_000066
39.2447102,-100.5427146,82,KeCF1-3-3,KeCF1-3,S2018KS179106,3,19N02527,152,KeCF1,,,82.0,Ap2,10.0,18.0,1.23,1.093467113,dsp4sh_000066
39.2447102,-100.5427146,83,KeCF1-3-4,KeCF1-3,S2018KS179106,4,19N02528,152,KeCF1,,,83.0,Bt1,18.0,46.0,0.8,,dsp4sh_000066
39.2447102,-100.5427146,84,KeCF1-3-5,KeCF1-3,S2018KS179106,5,19N02529,152,KeCF1,,,84.0,Bt2,46.0,77.0,0.57,1.265377223,dsp4sh_000066
39.2447102,-100.5427146,85,KeCF1-3-6,KeCF1-3,S2018KS179106,6,19N02530,152,KeCF1,,,85.0,Btk,77.0,95.0,0.48,1.411671829,dsp4sh_000066
39.2447102,-100.5427146,86,KeCF1-3-7,KeCF1-3,S2018KS179106,7,19N02531,152,KeCF1,,,86.0,Bk,95.0,100.0,0.45,1.571523262,dsp4sh_000066
39.249205,-100.56165,87,KeN1-1-1,KeN1-1,S2018KS179107,1,19N02532,153,KeN1,,,87.0,A1,0.0,5.0,3.19,1.153210429,dsp4sh_000069
39.249205,-100.56165,88,KeN1-1-2,KeN1-1,S2018KS179107,2,19N02533,153,KeN1,,,88.0,A1,5.0,10.0,2.01,1.247045803,dsp4sh_000069
39.249205,-100.56165,89,KeN1-1-3,KeN1-1,S2018KS179107,3,19N02534,153,KeN1,,,89.0,A2,10.0,23.0,1.68,0.795992902,dsp4sh_000069
39.249205,-100.56165,90,KeN1-1-4,KeN1-1,S2018KS179107,4,19N02535,153,KeN1,,,90.0,Bt1,23.0,44.0,1.04,1.210944031,dsp4sh_000069
39.249205,-100.56165,91,KeN1-1-5,KeN1-1,S2018KS179107,5,19N02536,153,KeN1,,,91.0,Bt2,44.0,68.0,0.68,1.239654231,dsp4sh_000069
39.249205,-100.56165,92,KeN1-1-6,KeN1-1,S2018KS179107,6,19N02537,153,KeN1,,,92.0,Bk1,68.0,80.0,0.79,0.988779284,dsp4sh_000069
39.249205,-100.56165,93,KeN1-1-7,KeN1-1,S2018KS179107,7,19N02538,153,KeN1,,,93.0,Bk2,80.0,100.0,0.53,1.109362124,dsp4sh_000069
39.249205,-100.56165,94,KeN1-2-1,KeN1-2,S2018KS179108,1,19N02539,154,KeN1,,,94.0,A1,0.0,5.0,3.37,0.885735767,dsp4sh_000069
39.249205,-100.56165,95,KeN1-2-2,KeN1-2,S2018KS179108,2,19N02540,154,KeN1,,,95.0,A1,5.0,10.0,1.9,1.083053141,dsp4sh_000069
39.249205,-100.56165,96,KeN1-2-3,KeN1-2,S2018KS179108,3,19N02541,154,KeN1,,,96.0,A2,10.0,28.0,1.59,1.180688701,dsp4sh_000069
39.249205,-100.56165,97,KeN1-2-4,KeN1-2,S2018KS179108,4,19N02542,154,KeN1,,,97.0,Bt1,28.0,42.0,0.88,1.234768277,dsp4sh_000069
39.249205,-100.56165,98,KeN1-2-5,KeN1-2,S2018KS179108,5,19N02543,154,KeN1,,,98.0,Bt2,42.0,64.0,0.6,1.099749226,dsp4sh_000069
39.249205,-100.56165,99,KeN1-2-6,KeN1-2,S2018KS179108,6,19N02544,154,KeN1,,,99.0,Btk,64.0,86.0,0.53,1.16479891,dsp4sh_000069
39.249205,-100.56165,100,KeN1-2-7,KeN1-2,S2018KS179108,7,19N02545,154,KeN1,,,100.0,Bk,86.0,100.0,0.56,1.148240955,dsp4sh_000069
39.249205,-100.56165,101,KeN1-3-1,KeN1-3,S2018KS179109,1,19N02546,155,KeN1,,,101.0,A1,0.0,5.0,3.53,0.848903191,dsp4sh_000069
39.249205,-100.56165,102,KeN1-3-2,KeN1-3,S2018KS179109,2,19N02547,155,KeN1,,,102.0,A1,5.0,10.0,1.82,1.210213226,dsp4sh_000069
39.249205,-100.56165,103,KeN1-3-3,KeN1-3,S2018KS179109,3,19N02548,155,KeN1,,,103.0,A2,10.0,26.0,1.31,1.181437776,dsp4sh_000069
39.249205,-100.56165,104,KeN1-3-4,KeN1-3,S2018KS179109,4,19N02549,155,KeN1,,,104.0,Bt,26.0,41.0,0.74,1.201199963,dsp4sh_000069
39.249205,-100.56165,105,KeN1-3-5,KeN1-3,S2018KS179109,5,19N02550,155,KeN1,,,105.0,Btk,41.0,59.0,0.59,0.991180501,dsp4sh_000069
39.249205,-100.56165,106,KeN1-3-6,KeN1-3,S2018KS179109,6,19N02551,155,KeN1,,,106.0,Bk1,59.0,80.0,0.56,1.177640199,dsp4sh_000069
39.249205,-100.56165,107,KeN1-3-7,KeN1-3,S2018KS179109,7,19N02552,155,KeN1,,,107.0,Bk2,80.0,100.0,0.46,1.096207632,dsp4sh_000069
39.244626,-100.557271,108,KeC1-1-1,KeC1-1,S2018KS179110,1,19N02553,156,KeC1,,,108.0,Ap1,0.0,5.0,2.17,1.11023909,dsp4sh_000065
39.244626,-100.557271,109,KeC1-1-2,KeC1-1,S2018KS179110,2,19N02554,156,KeC1,,,109.0,Ap1,5.0,10.0,1.9,1.420685092,dsp4sh_000065
39.244626,-100.557271,110,KeC1-1-3,KeC1-1,S2018KS179110,3,19N02555,156,KeC1,,,110.0,Ap2,10.0,23.0,1.61,1.269239791,dsp4sh_000065
39.244626,-100.557271,111,KeC1-1-4,KeC1-1,S2018KS179110,4,19N02556,156,KeC1,,,111.0,Bt1,23.0,36.0,1.14,1.277334863,dsp4sh_000065
39.244626,-100.557271,112,KeC1-1-5,KeC1-1,S2018KS179110,5,19N02557,156,KeC1,,,112.0,Bt2,36.0,54.0,0.78,1.324462422,dsp4sh_000065
39.244626,-100.557271,113,KeC1-1-6,KeC1-1,S2018KS179110,6,19N02558,156,KeC1,,,113.0,Btk1,54.0,69.0,0.6,1.403438092,dsp4sh_000065
39.244626,-100.557271,114,KeC1-1-7,KeC1-1,S2018KS179110,7,19N02559,156,KeC1,,,114.0,Btk2,69.0,87.0,0.83,1.287678566,dsp4sh_000065
39.244626,-100.557271,115,KeC1-1-8,KeC1-1,S2018KS179110,8,19N02560,156,KeC1,,,115.0,Bk,87.0,100.0,0.53,1.111048597,dsp4sh_000065
39.244626,-100.557271,116,KeC1-2-1,KeC1-2,S2018KS179111,1,19N02561,157,KeC1,,,116.0,Ap,0.0,5.0,2.1,1.268092989,dsp4sh_000065
39.244626,-100.557271,117,KeC1-2-2,KeC1-2,S2018KS179111,2,19N02562,157,KeC1,,,117.0,Ap,5.0,10.0,1.74,1.313695227,dsp4sh_000065
39.244626,-100.557271,118,KeC1-2-3,KeC1-2,S2018KS179111,3,19N02563,157,KeC1,,,118.0,A,10.0,25.0,1.15,1.305217888,dsp4sh_000065
39.244626,-100.557271,119,KeC1-2-4,KeC1-2,S2018KS179111,4,19N02564,157,KeC1,,,119.0,Bt1,25.0,36.0,0.75,1.313456054,dsp4sh_000065
39.244626,-100.557271,120,KeC1-2-5,KeC1-2,S2018KS179111,5,19N02565,157,KeC1,,,120.0,Bt2,36.0,59.0,0.59,1.327269137,dsp4sh_000065
39.244626,-100.557271,121,KeC1-2-6,KeC1-2,S2018KS179111,6,19N02566,157,KeC1,,,121.0,Btk,59.0,78.0,0.64,1.201212785,dsp4sh_000065
39.244626,-100.557271,122,KeC1-2-7,KeC1-2,S2018KS179111,7,19N02567,157,KeC1,,,122.0,Bk,78.0,100.0,0.7,1.077273137,dsp4sh_000065
39.244626,-100.557271,123,KeC1-3-1,KeC1-3,S2018KS179112,1,19N02568,158,KeC1,,,123.0,Ap1,0.0,5.0,2.12,0.989217767,dsp4sh_000065
39.244626,-100.557271,124,KeC1-3-2,KeC1-3,S2018KS179112,2,19N02569,158,KeC1,,,124.0,Ap1,5.0,10.0,1.78,1.182150311,dsp4sh_000065
39.244626,-100.557271,125,KeC1-3-3,KeC1-3,S2018KS179112,3,19N02570,158,KeC1,,,125.0,Ap2,10.0,24.0,1.41,1.181085423,dsp4sh_000065
39.244626,-100.557271,126,KeC1-3-4,KeC1-3,S2018KS179112,4,19N02571,158,KeC1,,,126.0,Bt,24.0,38.0,0.92,1.235582603,dsp4sh_000065
39.244626,-100.557271,127,KeC1-3-5,KeC1-3,S2018KS179112,5,19N02572,158,KeC1,,,127.0,Btk1,38.0,61.0,0.64,,dsp4sh_000065
39.244626,-100.557271,128,KeC1-3-6,KeC1-3,S2018KS179112,6,19N02573,158,KeC1,,,128.0,Btk2,61.0,80.0,0.64,,dsp4sh_000065
39.244626,-100.557271,129,KeC1-3-7,KeC1-3,S2018KS179112,7,19N02574,158,KeC1,,,129.0,Bk,80.0,100.0,0.7,,dsp4sh_000065
39.3817794,-101.0631493,130,KeC2-1-1,KeC2-1,S2018KS193101,1,19N02575,159,KeC2,,,130.0,Ap1,0.0,5.0,2.37,0.933968903,dsp4sh_000072
39.3817794,-101.0631493,131,KeC2-1-2,KeC2-1,S2018KS193101,2,19N02576,159,KeC2,,,131.0,Ap1,5.0,10.0,1.73,1.140932904,dsp4sh_000072
39.3817794,-101.0631493,132,KeC2-1-3,KeC2-1,S2018KS193101,3,19N02577,159,KeC2,,,132.0,Ap2,10.0,22.0,1.26,1.221540705,dsp4sh_000072
39.3817794,-101.0631493,133,KeC2-1-4,KeC2-1,S2018KS193101,4,19N02578,159,KeC2,,,133.0,Bt1,22.0,42.0,0.74,1.319614748,dsp4sh_000072
39.3817794,-101.0631493,134,KeC2-1-5,KeC2-1,S2018KS193101,5,19N02579,159,KeC2,,,134.0,Bt2,42.0,56.0,0.75,1.382474426,dsp4sh_000072
39.3817794,-101.0631493,135,KeC2-1-6,KeC2-1,S2018KS193101,6,19N02580,159,KeC2,,,135.0,Btk1,56.0,69.0,1.02,1.368067125,dsp4sh_000072
39.3817794,-101.0631493,136,KeC2-1-7,KeC2-1,S2018KS193101,7,19N02581,159,KeC2,,,136.0,Btk2,69.0,84.0,0.82,1.256107786,dsp4sh_000072
39.3817794,-101.0631493,137,KeC2-1-8,KeC2-1,S2018KS193101,8,19N02582,159,KeC2,,,137.0,Btk3,84.0,100.0,0.59,1.242825403,dsp4sh_000072
39.3815262,-101.0632519,138,KeC2-2-1,KeC2-2,S2018KS193102,1,19N02583,160,KeC2,,,138.0,Ap1,0.0,5.0,2.28,1.382098583,dsp4sh_000070
39.3815262,-101.0632519,139,KeC2-2-2,KeC2-2,S2018KS193102,2,19N02584,160,KeC2,,,139.0,Ap1,5.0,10.0,1.6,1.451378905,dsp4sh_000070
39.3815262,-101.0632519,140,KeC2-2-3,KeC2-2,S2018KS193102,3,19N02585,160,KeC2,,,140.0,Ap2,10.0,23.0,1.25,1.447331369,dsp4sh_000070
39.3815262,-101.0632519,141,KeC2-2-4,KeC2-2,S2018KS193102,4,19N02586,160,KeC2,,,141.0,Bt1,23.0,40.0,0.95,1.266184298,dsp4sh_000070
39.3815262,-101.0632519,142,KeC2-2-5,KeC2-2,S2018KS193102,5,19N02587,160,KeC2,,,142.0,Bt2,40.0,56.0,0.78,1.334358741,dsp4sh_000070
39.3815262,-101.0632519,143,KeC2-2-6,KeC2-2,S2018KS193102,6,19N02588,160,KeC2,,,143.0,Btk1,56.0,69.0,0.78,1.224716896,dsp4sh_000070
39.3815262,-101.0632519,144,KeC2-2-7,KeC2-2,S2018KS193102,7,19N02589,160,KeC2,,,144.0,Btk2,69.0,79.0,0.7,1.274231752,dsp4sh_000070
39.3816973,-101.0629297,145,KeC2-2-8,KeC2-3,S2018KS193102,8,19N02590,161,KeC2,,,145.0,Btk3,79.0,100.0,0.78,1.297544434,dsp4sh_000071
39.3816973,-101.0629297,146,KeC2-3-1,KeC2-3,S2018KS193103,1,19N02591,161,KeC2,,,146.0,Ap1,0.0,5.0,2.09,1.15759526,dsp4sh_000071
39.3816973,-101.0629297,147,KeC2-3-2,KeC2-3,S2018KS193103,2,19N02592,161,KeC2,,,147.0,Ap1,5.0,10.0,1.53,1.404899702,dsp4sh_000071
39.3816973,-101.0629297,148,KeC2-3-3,KeC2-3,S2018KS193103,3,19N02593,161,KeC2,,,148.0,Ap2,10.0,26.0,1.21,1.356008841,dsp4sh_000071
39.3816973,-101.0629297,149,KeC2-3-4,KeC2-3,S2018KS193103,4,19N02594,161,KeC2,,,149.0,Bt1,26.0,40.0,0.89,1.28694776,dsp4sh_000071
39.3816973,-101.0629297,150,KeC2-3-5,KeC2-3,S2018KS193103,5,19N02595,161,KeC2,,,150.0,Bt2,40.0,52.0,0.96,1.357105049,dsp4sh_000071
39.3816973,-101.0629297,151,KeC2-3-6,KeC2-3,S2018KS193103,6,19N02596,161,KeC2,,,151.0,Bt3,52.0,66.0,1.23,1.372765158,dsp4sh_000071
39.3816973,-101.0629297,152,KeC2-3-7,KeC2-3,S2018KS193103,7,19N02597,161,KeC2,,,152.0,Btk1,66.0,81.0,1.25,1.328019006,dsp4sh_000071
39.3816973,-101.0629297,153,KeC2-3-8,KeC2-3,S2018KS193103,8,19N02598,161,KeC2,,,153.0,Btk2,81.0,100.0,0.85,1.334373164,dsp4sh_000071
39.3843208,-101.0636022,154,KeN2-1-1,KeN2-1,S2018KS193104,1,19N02599,162,KeN2,,,154.0,A1,0.0,5.0,1.12,0.917306547,dsp4sh_000075
39.3843208,-101.0636022,155,KeN2-1-2,KeN2-1,S2018KS193104,2,19N02600,162,KeN2,,,155.0,A1,5.0,10.0,1.87,1.208459294,dsp4sh_000075
39.3843208,-101.0636022,156,KeN2-1-3,KeN2-1,S2018KS193104,3,19N02601,162,KeN2,,,156.0,A2,10.0,25.0,1.6,1.205828396,dsp4sh_000075
39.3843208,-101.0636022,157,KeN2-1-4,KeN2-1,S2018KS193104,4,19N02602,162,KeN2,,,157.0,Bt1,25.0,44.0,1.56,1.196135612,dsp4sh_000075
39.3843208,-101.0636022,158,KeN2-1-5,KeN2-1,S2018KS193104,5,19N02603,162,KeN2,,,158.0,Bt2,44.0,70.0,0.93,1.228764432,dsp4sh_000075
39.3843208,-101.0636022,159,KeN2-1-6,KeN2-1,S2018KS193104,6,19N02604,162,KeN2,,,159.0,Bt3,70.0,88.0,0.61,1.274280472,dsp4sh_000075
39.3843208,-101.0636022,160,KeN2-1-7,KeN2-1,S2018KS193104,7,19N02605,162,KeN2,,,160.0,Btk,88.0,100.0,0.6,1.414107846,dsp4sh_000075
39.3840397,-101.0636425,161,KeN2-2-1,KeN2-2,S2018KS193105,1,19N02606,163,KeN2,,,161.0,A1,0.0,5.0,3.87,0.81294758,dsp4sh_000073
39.3840397,-101.0636425,162,KeN2-2-2,KeN2-2,S2018KS193105,2,19N02607,163,KeN2,,,162.0,A1,5.0,10.0,2.44,1.010264954,dsp4sh_000073
39.3840397,-101.0636425,163,KeN2-2-3,KeN2-2,S2018KS193105,3,19N02608,163,KeN2,,,163.0,A2,10.0,26.0,1.56,1.251321012,dsp4sh_000073
39.3840397,-101.0636425,164,KeN2-2-4,KeN2-2,S2018KS193105,4,19N02609,163,KeN2,,,164.0,Bt1,26.0,46.0,1.71,1.242880214,dsp4sh_000073
39.3840397,-101.0636425,165,KeN2-2-5,KeN2-2,S2018KS193105,5,19N02610,163,KeN2,,,165.0,Bt2,46.0,69.0,1.21,1.157023325,dsp4sh_000073
39.3840397,-101.0636425,166,KeN2-2-6,KeN2-2,S2018KS193105,6,19N02611,163,KeN2,,,166.0,Bt3,69.0,93.0,0.69,1.333901987,dsp4sh_000073
39.3840397,-101.0636425,167,KeN2-2-7,KeN2-2,S2018KS193105,7,19N02612,163,KeN2,,,167.0,Btk,93.0,100.0,0.55,1.425069922,dsp4sh_000073
39.384217,-101.063449,168,KeN2-3-1,KeN2-3,S2018KS193106,1,19N02613,164,KeN2,,,168.0,A1,0.0,5.0,4.33,0.755067817,dsp4sh_000074
39.384217,-101.063449,169,KeN2-3-2,KeN2-3,S2018KS193106,2,19N02614,164,KeN2,,,169.0,A1,5.0,10.0,2.15,1.274231752,dsp4sh_000074
39.384217,-101.063449,170,KeN2-3-3,KeN2-3,S2018KS193106,3,19N02615,164,KeN2,,,170.0,A2,10.0,25.0,1.9,1.104977293,dsp4sh_000074
39.384217,-101.063449,171,KeN2-3-4,KeN2-3,S2018KS193106,4,19N02616,164,KeN2,,,171.0,Bt1,25.0,44.0,1.61,1.008049461,dsp4sh_000074
39.384217,-101.063449,172,KeN2-3-5,KeN2-3,S2018KS193106,5,19N02617,164,KeN2,,,172.0,Bt2,44.0,56.0,1.2,1.129093861,dsp4sh_000074
39.384217,-101.063449,173,KeN2-3-6,KeN2-3,S2018KS193106,6,19N02618,164,KeN2,,,173.0,Bt3,56.0,82.0,0.76,1.31662969,dsp4sh_000074
39.384217,-101.063449,174,KeN2-3-7,KeN2-3,S2018KS193106,7,19N02619,164,KeN2,,,174.0,Bt4,82.0,100.0,0.65,1.292306998,dsp4sh_000074
35.73571,-78.68135,175,CeC1-2-1,CeC1-2,C1B,1,18N05150,165,CeC1,b,,175.0,Ap1,0.0,5.0,1.82,1.536133195,dsp4sh_000063
35.73571,-78.68135,176,CeC1-2-2,CeC1-2,C1B,2,18N05151,165,CeC1,b,,176.0,Ap2,5.0,10.0,1.44,1.83819412,dsp4sh_000063
35.73571,-78.68135,177,CeC1-2-3,CeC1-2,C1B,3,,165,CeC1,b,,177.0,Bt1,10.0,24.0,1.02,0.859146172,dsp4sh_000063
35.73571,-78.68135,178,CeC1-2-4,CeC1-2,C1B,4,,165,CeC1,b,,178.0,Bt2,24.0,61.0,0.24,1.706353197,dsp4sh_000063
35.73571,-78.68135,179,CeC1-2-5,CeC1-2,C1B,5,,165,CeC1,b,,179.0,BC,61.0,100.0,0.14,1.891973333,dsp4sh_000063
35.73594,-78.68177,180,CeC1-3-1,CeC1-3,C1C,1,18N05152,166,CeC1,c,,180.0,Ap1,0.0,5.0,1.45,1.537952109,dsp4sh_000064
35.73594,-78.68177,181,CeC1-3-2,CeC1-3,C1C,2,18N05153,166,CeC1,c,,181.0,Ap2,5.0,10.0,1.17,1.678978546,dsp4sh_000064
35.73594,-78.68177,182,CeC1-3-3,CeC1-3,C1C,3,,166,CeC1,c,,182.0,Bt1,10.0,21.0,0.82,2.212873793,dsp4sh_000064
35.73594,-78.68177,183,CeC1-3-4,CeC1-3,C1C,4,,166,CeC1,c,,183.0,Bt2,21.0,55.0,0.39,1.656120865,dsp4sh_000064
35.73594,-78.68177,184,CeC1-3-5,CeC1-3,C1C,5,,166,CeC1,c,,184.0,BC,55.0,100.0,0.14,1.764467487,dsp4sh_000064
35.73547,-78.6893,185,CeC1-1-1,CeC1-1,C1Pit,1,18N05154,167,CeC1,a,,185.0,Ap1,0.0,5.0,1.87,0.870713957,dsp4sh_000062
35.73547,-78.6893,186,CeC1-1-2,CeC1-1,C1Pit,2,18N05155,167,CeC1,a,,186.0,Ap2,5.0,10.0,2.46,1.541044262,dsp4sh_000062
35.73547,-78.6893,187,CeC1-1-3,CeC1-1,C1Pit,3,,167,CeC1,a,,187.0,Bt1,10.0,20.0,1.37,2.127431703,dsp4sh_000062
35.73547,-78.6893,188,CeC1-1-4,CeC1-1,C1Pit,4,,167,CeC1,a,,188.0,Bt2,20.0,42.0,0.52,1.582248168,dsp4sh_000062
35.73547,-78.6893,189,CeC1-1-5,CeC1-1,C1Pit,5,,167,CeC1,a,,189.0,BC,42.0,69.0,0.26,1.668044854,dsp4sh_000062
35.73547,-78.6893,190,CeC1-1-6,CeC1-1,C1Pit,6,,167,CeC1,a,,190.0,C1,69.0,100.0,0.32,1.912587688,dsp4sh_000062
35.72791,-78.67495,191,CeC2-1-1,CeC2-1,C2A,1,18N05156,168,CeC2,a,,191.0,Ap1,0.0,5.0,1.43,1.182778907,dsp4sh_000052
35.72791,-78.67495,192,CeC2-1-2,CeC2-1,C2A,2,18N05157,168,CeC2,a,,192.0,Ap2,5.0,10.0,1.58,1.31531708,dsp4sh_000052
35.72791,-78.67495,193,CeC2-1-3,CeC2-1,C2A,3,,168,CeC2,a,,193.0,Bt1,10.0,25.0,0.66,1.687951854,dsp4sh_000052
35.72791,-78.67495,194,CeC2-1-4,CeC2-1,C2A,4,,168,CeC2,a,,194.0,Bt2,25.0,43.0,0.84,2.242053577,dsp4sh_000052
35.72791,-78.67495,195,CeC2-1-5,CeC2-1,C2A,5,,168,CeC2,a,,195.0,Bt3,43.0,100.0,0.32,1.865538455,dsp4sh_000052
35.72765,-78.67525,196,CeC2-2-1,CeC2-2,C2B,1,18N05158,169,CeC2,b,,196.0,Ap1,0.0,5.0,1.87,1.67946359,dsp4sh_000051
35.72765,-78.67525,197,CeC2-2-2,CeC2-2,C2B,2,18N05159,169,CeC2,b,,197.0,Ap2,5.0,10.0,1.06,1.67146037,dsp4sh_000051
35.72765,-78.67525,198,CeC2-2-3,CeC2-2,C2B,3,18N05160,169,CeC2,b,,198.0,A/B,10.0,34.0,0.67,2.20900998,dsp4sh_000051
35.72765,-78.67525,199,CeC2-2-4,CeC2-2,C2B,4,,169,CeC2,b,,199.0,Bt1,34.0,64.0,0.22,1.838436642,dsp4sh_000051
35.72765,-78.67525,200,CeC2-2-5,CeC2-2,C2B,5,,169,CeC2,b,,200.0,BC,64.0,100.0,0.23,1.811880503,dsp4sh_000051
35.72739,-78.67555,201,CeC2-3-1,CeC2-3,C2C,1,18N05161,170,CeC2,c,,201.0,Ap1,0.0,5.0,1.79,1.404807631,dsp4sh_000050
35.72739,-78.67555,202,CeC2-3-2,CeC2-3,C2C,2,18N05162,170,CeC2,c,,202.0,Ap2,5.0,10.0,1.15,1.570935076,dsp4sh_000050
35.72739,-78.67555,203,CeC2-3-3,CeC2-3,C2C,3,,170,CeC2,c,,203.0,Bt1,10.0,26.0,1.2,2.003472739,dsp4sh_000050
35.72739,-78.67555,204,CeC2-3-4,CeC2-3,C2C,4,,170,CeC2,c,,204.0,Bt2,26.0,46.0,0.46,1.636415967,dsp4sh_000050
35.72739,-78.67555,205,CeC2-3-5,CeC2-3,C2C,5,,170,CeC2,c,,205.0,Bt3,46.0,100.0,0.09,1.767317119,dsp4sh_000050
35.72451,-78.67194,206,CeC3-1-1,CeC3-1,C3A,1,18N05163,171,CeC3,a,,206.0,Ap1,0.0,5.0,2.24,1.445915079,dsp4sh_000045
35.72451,-78.67194,207,CeC3-1-2,CeC3-1,C3A,2,18N05164,171,CeC3,a,,207.0,Ap2,5.0,10.0,1.68,1.696318856,dsp4sh_000045
35.72451,-78.67194,208,CeC3-1-3,CeC3-1,C3A,3,,171,CeC3,a,,208.0,C1,10.0,49.0,1.34,1.758586333,dsp4sh_000045
35.72451,-78.67194,209,CeC3-1-4,CeC3-1,C3A,4,,171,CeC3,a,,209.0,2C,49.0,79.0,0.44,2.060040953,dsp4sh_000045
35.72451,-78.67194,210,CeC3-1-5,CeC3-1,C3A,5,,171,CeC3,a,,210.0,3Abp,79.0,100.0,0.59,2.257514343,dsp4sh_000045
35.72481,-78.67194,211,CeC3-2-1,CeC3-2,C3B,1,18N05165,172,CeC3,b,,211.0,Ap1,0.0,5.0,1.86,1.597733737,dsp4sh_000046
35.72481,-78.67194,212,CeC3-2-2,CeC3-2,C3B,2,18N05166,172,CeC3,b,,212.0,Ap2,5.0,10.0,1.72,1.520005495,dsp4sh_000046
35.72481,-78.67194,213,CeC3-2-3,CeC3-2,C3B,3,,172,CeC3,b,,213.0,C,10.0,39.0,1.96,1.841468164,dsp4sh_000046
35.72481,-78.67194,214,CeC3-2-4,CeC3-2,C3B,4,,172,CeC3,b,,214.0,2C,39.0,77.0,0.7,2.086597092,dsp4sh_000046
35.72481,-78.67194,215,CeC3-2-5,CeC3-2,C3B,5,,172,CeC3,b,,215.0,3Abp,77.0,94.0,0.45,2.219559679,dsp4sh_000046
35.72511,-78.67194,216,CeC3-3-1,CeC3-3,C3C,1,18N05167,173,CeC3,c,,216.0,Ap1,0.0,5.0,1.92,1.703715772,dsp4sh_000047
35.72511,-78.67194,217,CeC3-3-2,CeC3-3,C3C,2,18N05168,173,CeC3,c,,217.0,Ap2,5.0,10.0,1.96,1.843044556,dsp4sh_000047
35.72511,-78.67194,218,CeC3-3-3,CeC3-3,C3C,3,,173,CeC3,c,,218.0,C,10.0,45.0,1.42,2.096055443,dsp4sh_000047
35.72511,-78.67194,219,CeC3-3-4,CeC3-3,C3C,4,,173,CeC3,c,,219.0,2C,45.0,66.0,0.48,2.029543834,dsp4sh_000047
35.72511,-78.67194,220,CeC3-3-5,CeC3-3,C3C,5,,173,CeC3,c,,220.0,3Abp,66.0,89.0,0.69,2.069438673,dsp4sh_000047
35.72511,-78.67194,221,CeC3-3-6,CeC3-3,C3C,6,,173,CeC3,c,,221.0,3Bbt,89.0,100.0,0.34,1.774532143,dsp4sh_000047
35.72619,-78.66952,222,CeF3-2-1,CeF3-2,F3B,1,18N05169,174,CeF3,b,,222.0,Ap1,0.0,5.0,1.95,1.667216238,dsp4sh_000049
35.72619,-78.66952,223,CeF3-2-2,CeF3-2,F3B,2,18N05170,174,CeF3,b,,223.0,Ap2,5.0,10.0,1.18,1.986738733,dsp4sh_000049
35.72619,-78.66952,224,CeF3-2-3,CeF3-2,F3B,3,,174,CeF3,b,,224.0,E,10.0,40.0,0.37,2.455715299,dsp4sh_000049
35.72619,-78.66952,225,CeF3-2-4,CeF3-2,F3B,4,,174,CeF3,b,,225.0,Eb,40.0,60.0,0.2,2.176269534,dsp4sh_000049
35.72619,-78.66952,226,CeF3-2-5,CeF3-2,F3B,5,,174,CeF3,b,,226.0,Bt,60.0,100.0,0.15,2.025299702,dsp4sh_000049
35.72612,-78.66969,227,CeF3-1-1,CeF3-1,F3PIT,1,18N05171,175,CeF3,a,,227.0,A,0.0,5.0,8.59,0.311519275,dsp4sh_000048
35.72612,-78.66969,228,CeF3-1-2,CeF3-1,F3PIT,2,18N05172,175,CeF3,a,,228.0,B,5.0,10.0,2.56,1.276998633,dsp4sh_000048
35.72612,-78.66969,229,CeF3-1-3,CeF3-1,F3PIT,3,,175,CeF3,a,,229.0,Bt1,10.0,40.0,0.49,1.448764711,dsp4sh_000048
35.72612,-78.66969,230,CeF3-1-4,CeF3-1,F3PIT,4,,175,CeF3,a,,230.0,Bt2,40.0,70.0,0.16,1.686981766,dsp4sh_000048
35.72612,-78.66969,231,CeF3-1-5,CeF3-1,F3PIT,5,,175,CeF3,a,,231.0,Bt3,70.0,100.0,0.1,1.733727847,dsp4sh_000048
35.73409,-78.68048,232,CeH1-1-1,CeH1-1,P1A,1,18N05173,176,CeH1,a,,232.0,Ap1,0.0,5.0,2.76,1.052908473,dsp4sh_000059
35.73409,-78.68048,233,CeH1-1-2,CeH1-1,P1A,2,18N05174,176,CeH1,a,,233.0,Ap2,5.0,10.0,0.44,1.676189545,dsp4sh_000059
35.73409,-78.68048,234,CeH1-1-3,CeH1-1,P1A,3,,176,CeH1,a,,234.0,BA,10.0,44.0,0.42,2.087445918,dsp4sh_000059
35.73409,-78.68048,235,CeH1-1-4,CeH1-1,P1A,4,,176,CeH1,a,,235.0,Bt,44.0,75.0,0.23,2.076168654,dsp4sh_000059
35.73409,-78.68048,236,CeH1-1-5,CeH1-1,P1A,5,,176,CeH1,a,,236.0,BC,75.0,100.0,0.2,1.965214922,dsp4sh_000059
35.73443,-78.68042,237,CeH1-2-1,CeH1-2,P1B,1,18N05176,177,CeH1,b,,237.0,Ap1,0.0,5.0,5.05,0.898058292,dsp4sh_000060
35.73443,-78.68042,238,CeH1-2-2,CeH1-2,P1B,2,18N05177,177,CeH1,b,,238.0,Ap2,5.0,10.0,2.18,1.457919909,dsp4sh_000060
35.73443,-78.68042,239,CeH1-2-3,CeH1-2,P1B,3,18N05175,177,CeH1,b,,239.0,BA,10.0,23.0,1.43,1.52723451,dsp4sh_000060
35.73443,-78.68042,240,CeH1-2-4,CeH1-2,P1B,4,,177,CeH1,b,,240.0,Bt,23.0,49.0,0.54,1.689649506,dsp4sh_000060
35.73443,-78.68042,241,CeH1-2-5,CeH1-2,P1B,5,,177,CeH1,b,,241.0,BC,49.0,100.0,0.2,1.616589809,dsp4sh_000060
35.73477,-78.68036,242,CeH1-3-1,CeH1-3,P1PIT,1,18N05179,178,CeH1,c,,242.0,Ap1,0.0,5.0,4.58,1.380434188,dsp4sh_000061
35.73477,-78.68036,243,CeH1-3-2,CeH1-3,P1PIT,2,18N05180,178,CeH1,c,,243.0,Ap2,5.0,10.0,2.19,1.801755217,dsp4sh_000061
35.73477,-78.68036,244,CeH1-3-3,CeH1-3,P1PIT,3,18N05178,178,CeH1,c,,244.0,Bt1,10.0,16.0,1.39,2.151724305,dsp4sh_000061
35.73477,-78.68036,245,CeH1-3-4,CeH1-3,P1PIT,4,,178,CeH1,c,,245.0,Bt2,16.0,61.0,0.54,1.78073767,dsp4sh_000061
35.73477,-78.68036,246,CeH1-3-5,CeH1-3,P1PIT,5,,178,CeH1,c,,246.0,Bt3,61.0,100.0,0.18,2.001380988,dsp4sh_000061
35.72877,-78.67504,247,CeH2-1-1,CeH2-1,P2A,1,18N05181,179,CeH2,a,,247.0,Ap1,0.0,5.0,1.83,1.25529293,dsp4sh_000055
35.72877,-78.67504,248,CeH2-1-2,CeH2-1,P2A,2,18N05182,179,CeH2,a,,248.0,Ap2,5.0,10.0,1.72,1.796116584,dsp4sh_000055
35.72877,-78.67504,249,CeH2-1-3,CeH2-1,P2A,3,,179,CeH2,a,,249.0,Bt1,10.0,30.0,0.62,,dsp4sh_000055
35.72877,-78.67504,250,CeH2-1-4,CeH2-1,P2A,4,,179,CeH2,a,,250.0,Bt2,30.0,62.0,0.39,1.83558701,dsp4sh_000055
35.72877,-78.67504,251,CeH2-1-5,CeH2-1,P2A,5,,179,CeH2,a,,251.0,Bt/BC,62.0,100.0,0.15,,dsp4sh_000055
35.72871,-78.67478,252,CeH2-2-1,CeH2-2,P2B,1,18N05183,180,CeH2,b,,252.0,Ap1,0.0,5.0,2.12,1.386861016,dsp4sh_000054
35.72871,-78.67478,253,CeH2-2-2,CeH2-2,P2B,2,18N05184,180,CeH2,b,,253.0,Ap2,5.0,10.0,1.26,1.728574258,dsp4sh_000054
35.72871,-78.67478,254,CeH2-2-3,CeH2-2,P2B,3,,180,CeH2,b,,254.0,Bt1,10.0,15.0,0.69,,dsp4sh_000054
35.72871,-78.67478,255,CeH2-2-4,CeH2-2,P2B,4,,180,CeH2,b,,255.0,Bt2,15.0,58.0,0.45,1.859111627,dsp4sh_000054
35.72871,-78.67478,256,CeH2-2-5,CeH2-2,P2B,5,,180,CeH2,b,,256.0,Bt/BC,58.0,100.0,0.26,1.693893638,dsp4sh_000054
35.72865,-78.67452,257,CeH2-3-1,CeH2-3,P2C,1,18N05185,181,CeH2,c,,257.0,Ap1,0.0,5.0,2.68,1.221097354,dsp4sh_000053
35.72865,-78.67452,258,CeH2-3-2,CeH2-3,P2C,2,18N05186,181,CeH2,c,,258.0,Ap2,5.0,10.0,1.48,1.552867201,dsp4sh_000053
35.72865,-78.67452,259,CeH2-3-3,CeH2-3,P2C,3,,181,CeH2,c,,259.0,Bt1,10.0,22.0,1.26,1.938355631,dsp4sh_000053
35.72865,-78.67452,260,CeH2-3-4,CeH2-3,P2C,4,,181,CeH2,c,,260.0,Bt2,22.0,52.0,0.73,1.563841313,dsp4sh_000053
35.72865,-78.67452,261,CeH2-3-5,CeH2-3,P2C,5,,181,CeH2,c,,261.0,BC,52.0,100.0,0.13,1.73421289,dsp4sh_000053
35.73246,-78.67191,262,CeH3-1-1,CeH3-1,P3A,1,18N05187,182,CeH3,a,,262.0,Ap1,0.0,5.0,3.08,1.531282759,dsp4sh_000056
35.73246,-78.67191,263,CeH3-1-2,CeH3-1,P3A,2,18N05188,182,CeH3,a,,263.0,Ap2,5.0,10.0,1.68,1.756585528,dsp4sh_000056
35.73246,-78.67191,264,CeH3-1-3,CeH3-1,P3A,3,18N05189,182,CeH3,a,,264.0,B/A,10.0,20.0,1.09,,dsp4sh_000056
35.73246,-78.67191,265,CeH3-1-4,CeH3-1,P3A,4,,182,CeH3,a,,265.0,Bt,20.0,50.0,0.78,1.688073115,dsp4sh_000056
35.73246,-78.67191,266,CeH3-1-5,CeH3-1,P3A,5,,182,CeH3,a,,266.0,BC1,50.0,77.0,0.33,1.879786612,dsp4sh_000056
35.73285,-78.67204,267,CeH3-2-1,CeH3-2,P3B,1,18N05190,183,CeH3,b,,267.0,Ap1,0.0,5.0,1.69,1.366367923,dsp4sh_000057
35.73285,-78.67204,268,CeH3-2-2,CeH3-2,P3B,2,18N05191,183,CeH3,b,,268.0,Ap2,5.0,10.0,0.93,1.602462913,dsp4sh_000057
35.73285,-78.67204,269,CeH3-2-3,CeH3-2,P3B,3,18N05192,183,CeH3,b,,269.0,BA,10.0,24.0,0.44,1.957064457,dsp4sh_000057
35.73285,-78.67204,270,CeH3-2-4,CeH3-2,P3B,4,,183,CeH3,b,,270.0,Bt,24.0,44.0,0.43,1.619852829,dsp4sh_000057
35.73325,-78.67215,271,CeH3-3-1,CeH3-3,P3C,1,18N05193,184,CeH3,c,,271.0,Ap1,0.0,5.0,2.19,1.565720857,dsp4sh_000058
35.73325,-78.67215,272,CeH3-3-2,CeH3-3,P3C,2,18N05194,184,CeH3,c,,272.0,Ap2,5.0,10.0,0.98,1.722511213,dsp4sh_000058
35.73325,-78.67215,273,CeH3-3-3,CeH3-3,P3C,3,18N05195,184,CeH3,c,,273.0,A/B,10.0,20.0,0.59,1.884394526,dsp4sh_000058
35.73325,-78.67215,274,CeH3-3-4,CeH3-3,P3C,4,,184,CeH3,c,,274.0,BCt,20.0,36.0,0.72,1.381085966,dsp4sh_000058
35.73325,-78.67215,275,CeH3-3-5,CeH3-3,P3C,5,,184,CeH3,c,,275.0,BCt,36.0,100.0,0.15,1.915255428,dsp4sh_000058
32.060626,-102.406408,276,NAT-1-1-1,NAT-1-1,NAT_R1,1,,185,NAT-1,1,,276.0,A,0.0,5.0,0.54,1.54,dsp4sh_000034
32.060626,-102.406408,277,NAT-1-1-2,NAT-1-1,NAT_R1,2,,185,NAT-1,1,,277.0,A,5.0,10.0,0.28,1.58,dsp4sh_000034
32.060626,-102.406408,278,NAT-1-1-3,NAT-1-1,NAT_R1,3,,185,NAT-1,1,,278.0,A,10.0,30.0,0.17,1.64,dsp4sh_000034
32.060626,-102.406408,279,NAT-1-1-4,NAT-1-1,NAT_R1,4,,185,NAT-1,1,,279.0,Bt1,30.0,70.0,0.24,1.6,dsp4sh_000034
32.060626,-102.406408,280,NAT-1-1-5,NAT-1-1,NAT_R1,5,,185,NAT-1,1,,280.0,Bt2,70.0,100.0,0.21,1.57,dsp4sh_000034
33.059817,-102.406791,281,NAT-2-2-1,NAT-2-2,NAT_R2,1,18N06117,186,NAT-2,2,,281.0,A,0.0,5.0,0.42,1.63,dsp4sh_000043
33.059817,-102.406791,282,NAT-2-2-2,NAT-2-2,NAT_R2,2,18N06118,186,NAT-2,2,,282.0,A,5.0,10.0,0.25,1.71,dsp4sh_000043
33.059817,-102.406791,283,NAT-2-2-3,NAT-2-2,NAT_R2,3,18N06119,186,NAT-2,2,,283.0,A,10.0,30.0,0.18,1.27,dsp4sh_000043
33.059817,-102.406791,284,NAT-2-2-4,NAT-2-2,NAT_R2,4,,186,NAT-2,2,,284.0,Bt1,30.0,70.0,0.25,1.7,dsp4sh_000043
33.059817,-102.406791,285,NAT-2-2-5,NAT-2-2,NAT_R2,5,,186,NAT-2,2,,285.0,Bt2,70.0,100.0,0.3,1.5,dsp4sh_000043
33.060119,-102.406186,286,NAT-3-3-1,NAT-3-3,NAT_R3,1,18N06120,187,NAT-3,3,,286.0,A,0.0,5.0,0.52,1.83,dsp4sh_000044
33.060119,-102.406186,287,NAT-3-3-2,NAT-3-3,NAT_R3,2,18N06121,187,NAT-3,3,,287.0,A,5.0,10.0,0.3,1.52,dsp4sh_000044
33.060119,-102.406186,288,NAT-3-3-3,NAT-3-3,NAT_R3,3,,187,NAT-3,3,,288.0,A,10.0,30.0,0.21,1.58,dsp4sh_000044
33.060119,-102.406186,289,NAT-3-3-4,NAT-3-3,NAT_R3,4,,187,NAT-3,3,,289.0,Bt1,30.0,70.0,0.16,1.64,dsp4sh_000044
33.060119,-102.406186,290,NAT-3-3-5,NAT-3-3,NAT_R3,5,,187,NAT-3,3,,290.0,Bt2,70.0,100.0,0.28,1.54,dsp4sh_000044
32.774177,-101.9472,291,CVT-1-1-1,CVT-1-1,P1_R1a,1,18N06041,188,CVT-1,a,,291.0,Ap,0.0,5.0,0.15,1.11,dsp4sh_000035
32.774177,-101.9472,292,CVT-1-1-2,CVT-1-1,P1_R1a,2,18N06042,188,CVT-1,a,,292.0,Ap,5.0,10.0,0.15,1.15,dsp4sh_000035
32.774177,-101.9472,293,CVT-1-1-3,CVT-1-1,P1_R1a,3,18N06043,188,CVT-1,a,,293.0,Ap,10.0,35.0,0.17,1.43,dsp4sh_000035
32.774177,-101.9472,294,CVT-1-1-4,CVT-1-1,P1_R1a,4,,188,CVT-1,a,,294.0,Bt1,35.0,75.0,0.17,1.44,dsp4sh_000035
32.774177,-101.9472,295,CVT-1-1-5,CVT-1-1,P1_R1a,5,,188,CVT-1,a,,295.0,Bt2,75.0,100.0,0.11,1.37,dsp4sh_000035
32.774177,-101.9472,296,CVT-1-2-1,CVT-1-2,P1_R1b,1,18N06044,189,CVT-1,b,,296.0,Ap,0.0,5.0,0.18,1.13,dsp4sh_000035
32.774177,-101.9472,297,CVT-1-2-2,CVT-1-2,P1_R1b,2,18N06045,189,CVT-1,b,,297.0,Ap,5.0,10.0,0.17,1.45,dsp4sh_000035
32.774177,-101.9472,298,CVT-1-2-3,CVT-1-2,P1_R1b,3,,189,CVT-1,b,,298.0,Ap,10.0,35.0,0.14,1.36,dsp4sh_000035
32.774177,-101.9472,299,CVT-1-2-4,CVT-1-2,P1_R1b,4,,189,CVT-1,b,,299.0,Bt1,35.0,75.0,0.21,1.54,dsp4sh_000035
32.774177,-101.9472,300,CVT-1-2-5,CVT-1-2,P1_R1b,5,,189,CVT-1,b,,300.0,Bt2,75.0,100.0,0.15,1.43,dsp4sh_000035
32.774177,-101.9472,301,CVT-1-3-1,CVT-1-3,P1_R1c,1,18N06046,190,CVT-1,c,,301.0,Ap,0.0,5.0,0.21,1.72,dsp4sh_000035
32.774177,-101.9472,302,CVT-1-3-2,CVT-1-3,P1_R1c,2,18N06047,190,CVT-1,c,,302.0,Ap,5.0,10.0,0.17,1.06,dsp4sh_000035
32.774177,-101.9472,303,CVT-1-3-3,CVT-1-3,P1_R1c,3,,190,CVT-1,c,,303.0,Ap,10.0,35.0,0.17,1.59,dsp4sh_000035
32.774177,-101.9472,304,CVT-1-3-4,CVT-1-3,P1_R1c,4,,190,CVT-1,c,,304.0,Bt1,35.0,75.0,0.15,1.55,dsp4sh_000035
32.774177,-101.9472,305,CVT-1-3-5,CVT-1-3,P1_R1c,5,,190,CVT-1,c,,305.0,Bt2,75.0,100.0,0.15,1.48,dsp4sh_000035
32.775007,-101.947399,306,NTR-1-1-1,NTR-1-1,P2_R1a,1,18N06048,191,NTR-1,a,,306.0,Ap,0.0,5.0,0.61,1.35,dsp4sh_000039
32.775007,-101.947399,307,NTR-1-1-2,NTR-1-1,P2_R1a,2,18N06049,191,NTR-1,a,,307.0,Ap,5.0,10.0,0.43,1.3,dsp4sh_000039
32.775007,-101.947399,308,NTR-1-1-3,NTR-1-1,P2_R1a,3,18N06050,191,NTR-1,a,,308.0,Ap,10.0,35.0,0.13,1.48,dsp4sh_000039
32.775007,-101.947399,309,NTR-1-1-4,NTR-1-1,P2_R1a,4,,191,NTR-1,a,,309.0,Bt1,35.0,75.0,0.19,1.46,dsp4sh_000039
32.775007,-101.947399,310,NTR-1-1-5,NTR-1-1,P2_R1a,5,,191,NTR-1,a,,310.0,Bt2,75.0,100.0,0.15,1.47,dsp4sh_000039
32.775007,-101.947399,311,NTR-1-2-1,NTR-1-2,P2_R1b,1,18N06051,192,NTR-1,b,,311.0,Ap,0.0,5.0,0.62,1.5,dsp4sh_000039
32.775007,-101.947399,312,NTR-1-2-2,NTR-1-2,P2_R1b,2,18N06052,192,NTR-1,b,,312.0,Ap,5.0,10.0,0.34,1.3,dsp4sh_000039
32.775007,-101.947399,313,NTR-1-2-3,NTR-1-2,P2_R1b,3,,192,NTR-1,b,,313.0,Ap,10.0,35.0,0.15,1.57,dsp4sh_000039
32.775007,-101.947399,314,NTR-1-2-4,NTR-1-2,P2_R1b,4,,192,NTR-1,b,,314.0,Bt1,35.0,75.0,0.17,1.51,dsp4sh_000039
32.775007,-101.947399,315,NTR-1-2-5,NTR-1-2,P2_R1b,5,,192,NTR-1,b,,315.0,Bt2,75.0,100.0,0.17,1.51,dsp4sh_000039
32.775007,-101.947399,316,NTR-1-3-1,NTR-1-3,P2_R1c,1,18N06053,193,NTR-1,c,,316.0,Ap,0.0,5.0,0.68,1.67,dsp4sh_000039
32.775007,-101.947399,317,NTR-1-3-2,NTR-1-3,P2_R1c,2,18N06054,193,NTR-1,c,,317.0,Ap,5.0,10.0,0.34,1.44,dsp4sh_000039
32.775007,-101.947399,318,NTR-1-3-3,NTR-1-3,P2_R1c,3,18N06055,193,NTR-1,c,,318.0,Ap,10.0,35.0,0.18,1.49,dsp4sh_000039
32.775007,-101.947399,319,NTR-1-3-4,NTR-1-3,P2_R1c,4,,193,NTR-1,c,,319.0,Bt1,35.0,75.0,0.15,1.49,dsp4sh_000039
32.775007,-101.947399,320,NTR-1-3-5,NTR-1-3,P2_R1c,5,,193,NTR-1,c,,320.0,Bt2,75.0,100.0,0.2,1.59,dsp4sh_000039
32.774275,-101.946881,321,NTM-1-1-1,NTM-1-1,P3_R1a,1,18N06056,194,NTM-1,a,,321.0,Ap,0.0,5.0,0.7,1.21,dsp4sh_000036
32.774275,-101.946881,322,NTM-1-1-2,NTM-1-1,P3_R1a,2,18N06057,194,NTM-1,a,,322.0,Ap,5.0,10.0,0.49,0.82,dsp4sh_000036
32.774275,-101.946881,323,NTM-1-1-3,NTM-1-1,P3_R1a,3,18N06058,194,NTM-1,a,,323.0,Ap,10.0,35.0,0.16,1.49,dsp4sh_000036
32.774275,-101.946881,324,NTM-1-1-4,NTM-1-1,P3_R1a,4,,194,NTM-1,a,,324.0,Bt1,35.0,75.0,0.12,1.4,dsp4sh_000036
32.774275,-101.946881,325,NTM-1-1-5,NTM-1-1,P3_R1a,5,,194,NTM-1,a,,325.0,Bt2,75.0,100.0,0.11,1.5,dsp4sh_000036
32.774275,-101.946881,326,NTM-1-2-1,NTM-1-2,P3_R1b,1,18N06059,195,NTM-1,b,,326.0,Ap,0.0,5.0,0.58,1.31,dsp4sh_000036
32.774275,-101.946881,327,NTM-1-2-2,NTM-1-2,P3_R1b,2,18N06060,195,NTM-1,b,,327.0,Ap,5.0,10.0,0.36,1.5,dsp4sh_000036
32.774275,-101.946881,328,NTM-1-2-3,NTM-1-2,P3_R1b,3,,195,NTM-1,b,,328.0,Ap,10.0,35.0,0.14,1.65,dsp4sh_000036
32.774275,-101.946881,329,NTM-1-2-4,NTM-1-2,P3_R1b,4,,195,NTM-1,b,,329.0,Bt1,35.0,75.0,0.14,1.55,dsp4sh_000036
32.774275,-101.946881,330,NTM-1-2-5,NTM-1-2,P3_R1b,5,,195,NTM-1,b,,330.0,Bt2,75.0,100.0,0.12,1.5,dsp4sh_000036
32.774275,-101.946881,331,NTM-1-3-1,NTM-1-3,P3_R1c,1,18N06061,196,NTM-1,c,,331.0,Ap,0.0,5.0,0.47,1.58,dsp4sh_000036
32.774275,-101.946881,332,NTM-1-3-2,NTM-1-3,P3_R1c,2,18N06062,196,NTM-1,c,,332.0,Ap,5.0,10.0,0.45,1.27,dsp4sh_000036
32.774275,-101.946881,333,NTM-1-3-3,NTM-1-3,P3_R1c,3,18N06063,196,NTM-1,c,,333.0,Ap,10.0,35.0,0.14,1.51,dsp4sh_000036
32.774275,-101.946881,334,NTM-1-3-4,NTM-1-3,P3_R1c,4,,196,NTM-1,c,,334.0,Bt1,35.0,75.0,0.22,1.47,dsp4sh_000036
32.774275,-101.946881,335,NTM-1-3-5,NTM-1-3,P3_R1c,5,,196,NTM-1,c,,335.0,Bt2,75.0,100.0,0.16,1.45,dsp4sh_000036
32.775007,-101.947399,336,NTR-2-1-1,NTR-2-1,P4_R2a,1,18N06064,197,NTR-2,a,,336.0,Ap,0.0,5.0,0.66,1.37,dsp4sh_000039
32.775007,-101.947399,337,NTR-2-1-2,NTR-2-1,P4_R2a,2,18N06065,197,NTR-2,a,,337.0,Ap,5.0,10.0,0.25,1.22,dsp4sh_000039
32.775007,-101.947399,338,NTR-2-1-3,NTR-2-1,P4_R2a,3,18N06066,197,NTR-2,a,,338.0,Ap,10.0,35.0,0.15,1.41,dsp4sh_000039
32.775007,-101.947399,339,NTR-2-1-4,NTR-2-1,P4_R2a,4,,197,NTR-2,a,,339.0,Bt1,35.0,75.0,0.17,1.32,dsp4sh_000039
32.775007,-101.947399,340,NTR-2-1-5,NTR-2-1,P4_R2a,5,,197,NTR-2,a,,340.0,Bt2,75.0,100.0,0.15,1.52,dsp4sh_000039
32.775007,-101.947399,341,NTR-2-2-1,NTR-2-2,P4_R2b,1,18N06067,198,NTR-2,b,,341.0,Ap,0.0,5.0,0.6,1.27,dsp4sh_000039
32.775007,-101.947399,342,NTR-2-2-2,NTR-2-2,P4_R2b,2,18N06068,198,NTR-2,b,,342.0,Ap,5.0,10.0,0.44,1.21,dsp4sh_000039
32.775007,-101.947399,343,NTR-2-2-3,NTR-2-2,P4_R2b,3,18N06069,198,NTR-2,b,,343.0,Ap,10.0,35.0,0.19,1.5,dsp4sh_000039
32.775007,-101.947399,344,NTR-2-2-4,NTR-2-2,P4_R2b,4,,198,NTR-2,b,,344.0,Bt1,35.0,75.0,0.18,1.45,dsp4sh_000039
32.775007,-101.947399,345,NTR-2-2-5,NTR-2-2,P4_R2b,5,,198,NTR-2,b,,345.0,Bt2,75.0,100.0,0.16,1.39,dsp4sh_000039
32.775007,-101.947399,346,NTR-2-3-1,NTR-2-3,P4_R2c,1,18N06070,199,NTR-2,c,,346.0,Ap,0.0,5.0,0.53,1.45,dsp4sh_000039
32.775007,-101.947399,347,NTR-2-3-2,NTR-2-3,P4_R2c,2,18N06071,199,NTR-2,c,,347.0,Ap,5.0,10.0,0.37,1.49,dsp4sh_000039
32.775007,-101.947399,348,NTR-2-3-3,NTR-2-3,P4_R2c,3,18N06072,199,NTR-2,c,,348.0,Ap,10.0,35.0,0.14,1.49,dsp4sh_000039
32.775007,-101.947399,349,NTR-2-3-4,NTR-2-3,P4_R2c,4,,199,NTR-2,c,,349.0,Bt1,35.0,75.0,0.25,1.38,dsp4sh_000039
32.775007,-101.947399,350,NTR-2-3-5,NTR-2-3,P4_R2c,5,,199,NTR-2,c,,350.0,Bt2,75.0,100.0,0.26,1.29,dsp4sh_000039
32.775004,-101.947229,351,NTM-2-1-1,NTM-2-1,P5_R2a,1,18N06073,200,NTM-2,a,,351.0,Ap,0.0,5.0,0.64,0.92,dsp4sh_000038
32.775004,-101.947229,352,NTM-2-1-2,NTM-2-1,P5_R2a,2,18N06074,200,NTM-2,a,,352.0,Ap,5.0,10.0,0.55,1.47,dsp4sh_000038
32.775004,-101.947229,353,NTM-2-1-3,NTM-2-1,P5_R2a,3,18N06075,200,NTM-2,a,,353.0,Ap,10.0,35.0,0.14,1.51,dsp4sh_000038
32.775004,-101.947229,354,NTM-2-1-4,NTM-2-1,P5_R2a,4,,200,NTM-2,a,,354.0,Bt1,35.0,75.0,0.17,1.41,dsp4sh_000038
32.775004,-101.947229,355,NTM-2-1-5,NTM-2-1,P5_R2a,5,,200,NTM-2,a,,355.0,Bt2,75.0,100.0,0.17,1.51,dsp4sh_000038
32.775004,-101.947229,356,NTM-2-2-1,NTM-2-2,P5_R2b,1,18N06076,201,NTM-2,b,,356.0,Ap,0.0,5.0,0.68,1.61,dsp4sh_000038
32.775004,-101.947229,357,NTM-2-2-2,NTM-2-2,P5_R2b,2,18N06077,201,NTM-2,b,,357.0,Ap,5.0,10.0,0.44,1.63,dsp4sh_000038
32.775004,-101.947229,358,NTM-2-2-3,NTM-2-2,P5_R2b,3,18N06078,201,NTM-2,b,,358.0,Ap,10.0,35.0,0.16,1.51,dsp4sh_000038
32.775004,-101.947229,359,NTM-2-2-4,NTM-2-2,P5_R2b,4,,201,NTM-2,b,,359.0,Bt1,35.0,75.0,0.2,1.39,dsp4sh_000038
32.775004,-101.947229,360,NTM-2-2-5,NTM-2-2,P5_R2b,5,,201,NTM-2,b,,360.0,Bt2,75.0,100.0,0.15,1.44,dsp4sh_000038
32.775004,-101.947229,361,NTM-2-3-1,NTM-2-3,P5_R2c,1,18N06079,202,NTM-2,c,,361.0,Ap,0.0,5.0,0.85,1.64,dsp4sh_000038
32.775004,-101.947229,362,NTM-2-3-2,NTM-2-3,P5_R2c,2,18N06080,202,NTM-2,c,,362.0,Ap,5.0,10.0,0.47,1.38,dsp4sh_000038
32.775004,-101.947229,363,NTM-2-3-3,NTM-2-3,P5_R2c,3,18N06081,202,NTM-2,c,,363.0,Ap,10.0,35.0,0.16,1.52,dsp4sh_000038
32.775004,-101.947229,364,NTM-2-3-4,NTM-2-3,P5_R2c,4,,202,NTM-2,c,,364.0,Bt1,35.0,75.0,0.2,1.37,dsp4sh_000038
32.775004,-101.947229,365,NTM-2-3-5,NTM-2-3,P5_R2c,5,,202,NTM-2,c,,365.0,Bt2,75.0,100.0,0.17,1.41,dsp4sh_000038
32.774988,-101.947051,366,CVT-2-1-1,CVT-2-1,P6_R2a,1,18N06082,203,CVT-2,a,,366.0,Ap,0.0,5.0,0.22,1.43,dsp4sh_000037
32.774988,-101.947051,367,CVT-2-1-2,CVT-2-1,P6_R2a,2,18N06083,203,CVT-2,a,,367.0,Ap,5.0,10.0,0.22,1.08,dsp4sh_000037
32.774988,-101.947051,368,CVT-2-1-3,CVT-2-1,P6_R2a,3,18N06084,203,CVT-2,a,,368.0,Ap,10.0,35.0,0.2,1.45,dsp4sh_000037
32.774988,-101.947051,369,CVT-2-1-4,CVT-2-1,P6_R2a,4,,203,CVT-2,a,,369.0,Bt1,35.0,75.0,0.18,1.43,dsp4sh_000037
32.774988,-101.947051,370,CVT-2-1-5,CVT-2-1,P6_R2a,5,,203,CVT-2,a,,370.0,Bt2,75.0,100.0,0.15,1.57,dsp4sh_000037
32.774988,-101.947051,371,CVT-2-2-1,CVT-2-2,P6_R2b,1,18N06085,204,CVT-2,b,,371.0,Ap,0.0,5.0,0.21,0.93,dsp4sh_000037
32.774988,-101.947051,372,CVT-2-2-2,CVT-2-2,P6_R2b,2,18N06086,204,CVT-2,b,,372.0,Ap,5.0,10.0,0.17,1.55,dsp4sh_000037
32.774988,-101.947051,373,CVT-2-2-3,CVT-2-2,P6_R2b,3,18N06087,204,CVT-2,b,,373.0,Ap,10.0,35.0,0.18,1.29,dsp4sh_000037
32.774988,-101.947051,374,CVT-2-2-4,CVT-2-2,P6_R2b,4,,204,CVT-2,b,,374.0,Bt1,35.0,75.0,0.17,1.37,dsp4sh_000037
32.774988,-101.947051,375,CVT-2-2-5,CVT-2-2,P6_R2b,5,,204,CVT-2,b,,375.0,Bt2,75.0,100.0,0.13,1.41,dsp4sh_000037
32.774988,-101.947051,376,CVT-2-3-1,CVT-2-3,P6_R2c,1,18N06088,205,CVT-2,c,,376.0,Ap,0.0,5.0,0.24,1.08,dsp4sh_000037
32.774988,-101.947051,377,CVT-2-3-2,CVT-2-3,P6_R2c,2,18N06089,205,CVT-2,c,,377.0,Ap,5.0,10.0,0.17,1.18,dsp4sh_000037
32.774988,-101.947051,378,CVT-2-3-3,CVT-2-3,P6_R2c,3,18N06090,205,CVT-2,c,,378.0,Ap,10.0,35.0,0.18,1.47,dsp4sh_000037
32.774988,-101.947051,379,CVT-2-3-4,CVT-2-3,P6_R2c,4,,205,CVT-2,c,,379.0,Bt1,35.0,75.0,0.18,1.54,dsp4sh_000037
32.774988,-101.947051,380,CVT-2-3-5,CVT-2-3,P6_R2c,5,,205,CVT-2,c,,380.0,Bt2,75.0,100.0,0.21,1.53,dsp4sh_000037
32.775739,-101.94738,381,NTM-3-1-1,NTM-3-1,P7_R3a,1,18N06091,206,NTM-3,a,,381.0,Ap,0.0,5.0,0.77,1.15,dsp4sh_000042
32.775739,-101.94738,382,NTM-3-1-2,NTM-3-1,P7_R3a,2,18N06092,206,NTM-3,a,,382.0,Ap,5.0,10.0,0.43,1.1,dsp4sh_000042
32.775739,-101.94738,383,NTM-3-1-3,NTM-3-1,P7_R3a,3,,206,NTM-3,a,,383.0,Ap,10.0,35.0,0.2,1.46,dsp4sh_000042
32.775739,-101.94738,384,NTM-3-1-4,NTM-3-1,P7_R3a,4,,206,NTM-3,a,,384.0,Bt1,35.0,75.0,0.23,1.44,dsp4sh_000042
32.775739,-101.94738,385,NTM-3-1-5,NTM-3-1,P7_R3a,5,,206,NTM-3,a,,385.0,Bt2,75.0,100.0,0.18,1.88,dsp4sh_000042
32.775739,-101.94738,386,NTM-3-2-1,NTM-3-2,P7_R3b,1,18N06093,207,NTM-3,b,,386.0,Ap,0.0,5.0,1.08,1.37,dsp4sh_000042
32.775739,-101.94738,387,NTM-3-2-2,NTM-3-2,P7_R3b,2,18N06094,207,NTM-3,b,,387.0,Ap,5.0,10.0,0.62,1.38,dsp4sh_000042
32.775739,-101.94738,388,NTM-3-2-3,NTM-3-2,P7_R3b,3,18N06095,207,NTM-3,b,,388.0,Ap,10.0,35.0,0.12,1.44,dsp4sh_000042
32.775739,-101.94738,389,NTM-3-2-4,NTM-3-2,P7_R3b,4,,207,NTM-3,b,,389.0,Bt1,35.0,75.0,0.22,1.46,dsp4sh_000042
32.775739,-101.94738,390,NTM-3-2-5,NTM-3-2,P7_R3b,5,,207,NTM-3,b,,390.0,Bt2,75.0,100.0,0.38,1.45,dsp4sh_000042
32.775739,-101.94738,391,NTM-3-3-1,NTM-3-3,P7_R3c,1,18N06096,208,NTM-3,c,,391.0,Ap,0.0,5.0,0.49,1.53,dsp4sh_000042
32.775739,-101.94738,392,NTM-3-3-2,NTM-3-3,P7_R3c,2,18N06097,208,NTM-3,c,,392.0,Ap,5.0,10.0,0.23,1.88,dsp4sh_000042
32.775739,-101.94738,393,NTM-3-3-3,NTM-3-3,P7_R3c,3,18N06098,208,NTM-3,c,,393.0,Ap,10.0,35.0,0.13,1.5,dsp4sh_000042
32.775739,-101.94738,394,NTM-3-3-4,NTM-3-3,P7_R3c,4,,208,NTM-3,c,,394.0,Bt1,35.0,75.0,0.13,1.57,dsp4sh_000042
32.775739,-101.94738,395,NTM-3-3-5,NTM-3-3,P7_R3c,5,,208,NTM-3,c,,395.0,Bt2,75.0,100.0,0.07,1.47,dsp4sh_000042
32.775734,-101.947185,396,CVT-3-1-1,CVT-3-1,P8_R3a,1,18N06099,209,CVT-3,a,,396.0,Ap,0.0,5.0,0.19,1.48,dsp4sh_000041
32.775734,-101.947185,397,CVT-3-1-2,CVT-3-1,P8_R3a,2,18N06100,209,CVT-3,a,,397.0,Ap,5.0,10.0,0.18,2.03,dsp4sh_000041
32.775734,-101.947185,398,CVT-3-1-3,CVT-3-1,P8_R3a,3,18N06101,209,CVT-3,a,,398.0,Ap,10.0,35.0,0.22,1.41,dsp4sh_000041
32.775734,-101.947185,399,CVT-3-1-4,CVT-3-1,P8_R3a,4,,209,CVT-3,a,,399.0,Bt1,35.0,75.0,0.13,1.45,dsp4sh_000041
32.775734,-101.947185,400,CVT-3-1-5,CVT-3-1,P8_R3a,5,,209,CVT-3,a,,400.0,Bt2,75.0,100.0,0.1,1.46,dsp4sh_000041
32.775734,-101.947185,401,CVT-3-2-1,CVT-3-2,P8_R3b,1,18N06102,210,CVT-3,b,,401.0,Ap,0.0,5.0,0.31,1.12,dsp4sh_000041
32.775734,-101.947185,402,CVT-3-2-2,CVT-3-2,P8_R3b,2,18N06103,210,CVT-3,b,,402.0,Ap,5.0,10.0,0.33,1.07,dsp4sh_000041
32.775734,-101.947185,403,CVT-3-2-3,CVT-3-2,P8_R3b,3,18N06104,210,CVT-3,b,,403.0,Ap,10.0,35.0,0.22,1.54,dsp4sh_000041
32.775734,-101.947185,404,CVT-3-2-4,CVT-3-2,P8_R3b,4,,210,CVT-3,b,,404.0,Bt1,35.0,75.0,0.22,1.49,dsp4sh_000041
32.775734,-101.947185,405,CVT-3-2-5,CVT-3-2,P8_R3b,5,,210,CVT-3,b,,405.0,Bt2,75.0,100.0,0.12,1.46,dsp4sh_000041
32.775734,-101.947185,406,CVT-3-3-1,CVT-3-3,P8_R3c,1,18N06105,211,CVT-3,c,,406.0,Ap,0.0,5.0,0.2,1.52,dsp4sh_000041
32.775734,-101.947185,407,CVT-3-3-2,CVT-3-3,P8_R3c,2,18N06106,211,CVT-3,c,,407.0,Ap,5.0,10.0,0.37,1.21,dsp4sh_000041
32.775734,-101.947185,408,CVT-3-3-3,CVT-3-3,P8_R3c,3,18N06107,211,CVT-3,c,,408.0,Ap,10.0,35.0,0.17,1.56,dsp4sh_000041
32.775734,-101.947185,409,CVT-3-3-4,CVT-3-3,P8_R3c,4,,211,CVT-3,c,,409.0,Bt1,35.0,75.0,0.22,1.41,dsp4sh_000041
32.775734,-101.947185,410,CVT-3-3-5,CVT-3-3,P8_R3c,5,,211,CVT-3,c,,410.0,Bt2,75.0,100.0,0.15,1.41,dsp4sh_000041
32.775683,-101.947009,411,NTR-3-1-1,NTR-3-1,P9_R3a,1,18N06108,212,NTR-3,a,,,,,,0.72,0.98,dsp4sh_000040
32.775683,-101.947009,412,NTR-3-1-2,NTR-3-1,P9_R3a,2,18N06109,212,NTR-3,a,,,,,,0.54,1.14,dsp4sh_000040
32.775683,-101.947009,413,NTR-3-1-3,NTR-3-1,P9_R3a,3,18N06110,212,NTR-3,a,,,,,,0.22,1.53,dsp4sh_000040
32.775683,-101.947009,414,NTR-3-1-4,NTR-3-1,P9_R3a,4,,212,NTR-3,a,,,,,,0.23,1.45,dsp4sh_000040
32.775683,-101.947009,415,NTR-3-1-5,NTR-3-1,P9_R3a,5,,212,NTR-3,a,,,,,,0.18,1.14,dsp4sh_000040
32.775683,-101.947009,416,NTR-3-2-1,NTR-3-2,P9_R3b,1,18N06111,213,NTR-3,b,,,,,,0.91,1.39,dsp4sh_000040
32.775683,-101.947009,417,NTR-3-2-2,NTR-3-2,P9_R3b,2,18N06112,213,NTR-3,b,,,,,,0.61,1.21,dsp4sh_000040
32.775683,-101.947009,418,NTR-3-2-3,NTR-3-2,P9_R3b,3,18N06113,213,NTR-3,b,,,,,,0.15,1.37,dsp4sh_000040
32.775683,-101.947009,419,NTR-3-2-4,NTR-3-2,P9_R3b,4,,213,NTR-3,b,,,,,,0.33,1.46,dsp4sh_000040
32.775683,-101.947009,420,NTR-3-2-5,NTR-3-2,P9_R3b,5,,213,NTR-3,b,,,,,,0.24,1.41,dsp4sh_000040
32.775683,-101.947009,421,NTR-3-3-1,NTR-3-3,P9_R3c,1,18N06114,214,NTR-3,c,,,,,,0.69,1.43,dsp4sh_000040
32.775683,-101.947009,422,NTR-3-3-2,NTR-3-3,P9_R3c,2,18N06115,214,NTR-3,c,,,,,,0.33,1.58,dsp4sh_000040
32.775683,-101.947009,423,NTR-3-3-3,NTR-3-3,P9_R3c,3,18N06116,214,NTR-3,c,,,,,,0.14,1.44,dsp4sh_000040
32.775683,-101.947009,424,NTR-3-3-4,NTR-3-3,P9_R3c,4,,214,NTR-3,c,,,,,,0.17,1.53,dsp4sh_000040
32.775683,-101.947009,425,NTR-3-3-5,NTR-3-3,P9_R3c,5,,214,NTR-3,c,,,,,,0.14,1.46,dsp4sh_000040
46.78188975,-117.0822114,522,ASP2-1-1,ASP2-1,CK-1A-ASP2,1,19N01487,268,ASP2,1,,522.0,Ap1a,0.0,5.0,2.8592,0.76,dsp4sh_000218
46.78188975,-117.0822114,523,ASP2-1-2,ASP2-1,CK-1A-ASP2,2,19N01488,268,ASP2,1,,523.0,Ap1b,5.0,10.0,2.1884,0.98,dsp4sh_000218
46.78188975,-117.0822114,524,ASP2-1-3,ASP2-1,CK-1A-ASP2,3,19N01489,268,ASP2,1,,524.0,Ap2,10.0,29.0,1.8814,1.35,dsp4sh_000218
46.78188975,-117.0822114,525,ASP2-1-4,ASP2-1,CK-1A-ASP2,4,19N01490,268,ASP2,1,,525.0,A,29.0,65.0,1.4542,1.18,dsp4sh_000218
46.78188975,-117.0822114,526,ASP2-1-5,ASP2-1,CK-1A-ASP2,5,19N01491,268,ASP2,1,,526.0,AB,65.0,88.0,0.98112,1.09,dsp4sh_000218
46.78188975,-117.0822114,527,ASP2-1-6,ASP2-1,CK-1A-ASP2,6,,268,ASP2,1,,527.0,Bw1,88.0,122.0,0.72931,,dsp4sh_000218
46.78188975,-117.0822114,528,ASP2-2-1,ASP2-2,CK-1B-ASP2,1,19N01492,270,ASP2,2,,528.0,Ap1a,0.0,5.0,2.6852,0.51,dsp4sh_000218
46.78188975,-117.0822114,529,ASP2-2-2,ASP2-2,CK-1B-ASP2,2,19N01493,270,ASP2,2,,529.0,Ap1b,5.0,10.0,2.5545,0.65,dsp4sh_000218
46.78188975,-117.0822114,530,ASP2-2-3,ASP2-2,CK-1B-ASP2,3,19N01494,270,ASP2,2,,530.0,Ap2,10.0,32.0,1.4813,1.09,dsp4sh_000218
46.78188975,-117.0822114,531,ASP2-2-4,ASP2-2,CK-1B-ASP2,4,19N01495,270,ASP2,2,,531.0,A,32.0,77.0,0.96083,1.04,dsp4sh_000218
46.78188975,-117.0822114,532,ASP2-2-5,ASP2-2,CK-1B-ASP2,5,19N01496,270,ASP2,2,,532.0,AB,77.0,98.0,0.49108,1.2,dsp4sh_000218
46.78188975,-117.0822114,533,ASP2-2-6,ASP2-3,CK-1B-ASP2,6,,272,ASP2,2,,533.0,Bw1,98.0,122.0,0.28,,dsp4sh_000218
46.78188975,-117.0822114,534,ASP2-3-1,ASP2-3,CK-1C-ASP2,1,19N01497,272,ASP2,2,,534.0,Ap1a,0.0,5.0,2.3962,0.66,dsp4sh_000218
46.78188975,-117.0822114,535,ASP2-3-2,ASP2-3,CK-1C-ASP2,2,19N01498,272,ASP2,2,,535.0,Ap1b,5.0,10.0,2.7359,0.83,dsp4sh_000218
46.78188975,-117.0822114,536,ASP2-3-3,ASP2-3,CK-1C-ASP2,3,19N01499,272,ASP2,2,,536.0,Ap2,10.0,39.0,2.319,1.18,dsp4sh_000218
46.78188975,-117.0822114,537,ASP2-3-4,ASP2-3,CK-1C-ASP2,4,19N01500,272,ASP2,2,,537.0,A,39.0,64.0,1.541,1.28,dsp4sh_000218
46.78188975,-117.0822114,538,ASP2-3-5,ASP2-3,CK-1C-ASP2,5,19N01501,272,ASP2,2,,538.0,AB,64.0,89.0,0.76323,1.07,dsp4sh_000218
46.78188975,-117.0822114,539,ASP2-3-6,ASP2-3,CK-1C-ASP2,6,,272,ASP2,2,,539.0,Bw1,89.0,108.0,0.39041,,dsp4sh_000218
46.78188975,-117.0822114,540,ASP2-3-7,ASP2-3,CK-1C-ASP2,7,,272,ASP2,2,,540.0,Bw2,108.0,122.0,0.52572,,dsp4sh_000218
46.78188975,-117.0822114,541,BAU9-1-1,BAU9-1,CK-2A-BAU9,1,19N01529,273,BAU9,9,,541.0,Ap1a,0.0,5.0,1.4886,0.79,dsp4sh_000218
46.78188975,-117.0822114,542,BAU9-1-2,BAU9-1,CK-2A-BAU9,2,19N01530,273,BAU9,9,,542.0,Ap1b,5.0,10.0,1.3078,0.75,dsp4sh_000218
46.78188975,-117.0822114,543,BAU9-1-3,BAU9-1,CK-2A-BAU9,3,19N01531,273,BAU9,9,,543.0,Ap2,10.0,33.0,1.1747,1.31,dsp4sh_000218
46.78188975,-117.0822114,544,BAU9-1-4,BAU9-1,CK-2A-BAU9,4,19N01532,273,BAU9,9,,544.0,A,33.0,68.0,0.94565,1.2,dsp4sh_000218
46.78188975,-117.0822114,545,BAU9-1-5,BAU9-1,CK-2A-BAU9,5,19N01533,273,BAU9,9,,545.0,AB,68.0,89.0,0.61908,1.48,dsp4sh_000218
46.78188975,-117.0822114,546,BAU9-1-6,BAU9-1,CK-2A-BAU9,6,,273,BAU9,9,,546.0,Bw1,89.0,106.0,0.37446,1.24,dsp4sh_000218
46.78188975,-117.0822114,547,BAU9-1-7,BAU9-1,CK-2A-BAU9,7,,273,BAU9,9,,547.0,Bw2,106.0,122.0,0.22639,1.26,dsp4sh_000218
46.78188975,-117.0822114,548,BAU9-2-1,BAU9-2,CK-2B-BAU9,1,19N01534,274,BAU9,9,,548.0,Ap1a,0.0,5.0,1.5816,0.7,dsp4sh_000218
46.78188975,-117.0822114,549,BAU9-2-2,BAU9-2,CK-2B-BAU9,2,19N01535,274,BAU9,9,,549.0,Ap1b,5.0,10.0,1.5013,0.88,dsp4sh_000218
46.78188975,-117.0822114,550,BAU9-2-3,BAU9-2,CK-2B-BAU9,3,19N01536,274,BAU9,9,,550.0,Ap2,10.0,31.0,1.1734,1.38,dsp4sh_000218
46.78188975,-117.0822114,551,BAU9-2-4,BAU9-2,CK-2B-BAU9,4,19N01537,274,BAU9,9,,551.0,A,31.0,60.0,0.86227,1.09,dsp4sh_000218
46.78188975,-117.0822114,552,BAU9-2-5,BAU9-2,CK-2B-BAU9,5,19N01538,274,BAU9,9,,552.0,AB,60.0,83.0,0.57909,0.69,dsp4sh_000218
46.78188975,-117.0822114,553,BAU9-2-6,BAU9-2,CK-2B-BAU9,6,,274,BAU9,9,,553.0,Bw1,83.0,103.0,0.56826,1.3,dsp4sh_000218
46.78188975,-117.0822114,554,BAU9-2-7,BAU9-2,CK-2B-BAU9,7,,274,BAU9,9,,554.0,Bw2,103.0,122.0,0.42772,1.13,dsp4sh_000218
46.78188975,-117.0822114,555,BAU9-3-1,BAU9-3,CK-2C-BAU9,1,19N01539,275,BAU9,9,,555.0,Ap1a,0.0,5.0,1.6908,0.99,dsp4sh_000218
46.78188975,-117.0822114,556,BAU9-3-2,BAU9-3,CK-2C-BAU9,2,19N01540,275,BAU9,9,,556.0,Ap1b,5.0,10.0,1.5988,0.87,dsp4sh_000218
46.78188975,-117.0822114,557,BAU9-3-3,BAU9-3,CK-2C-BAU9,3,19N01541,275,BAU9,9,,557.0,Ap2,10.0,30.0,1.3883,,dsp4sh_000218
46.78188975,-117.0822114,558,BAU9-3-4,BAU9-3,CK-2C-BAU9,4,19N01542,275,BAU9,9,,558.0,A,30.0,59.0,1.1153,,dsp4sh_000218
46.78188975,-117.0822114,559,BAU9-3-5,BAU9-3,CK-2C-BAU9,5,19N01543,275,BAU9,9,,559.0,AB,59.0,86.0,0.64053,1.15,dsp4sh_000218
46.78188975,-117.0822114,560,BAU9-3-6,BAU9-3,CK-2C-BAU9,6,,275,BAU9,9,,560.0,Bw1,86.0,102.0,0.48216,,dsp4sh_000218
46.78188975,-117.0822114,561,BAU9-3-7,BAU9-3,CK-2C-BAU9,7,,275,BAU9,9,,561.0,Bw2,102.0,122.0,0.2709,,dsp4sh_000218
46.78836813,-117.4595977,562,ASP10-1-1,ASP10-1,JEA-1A-ASP10,1,19N01544,278,ASP10,10,,562.0,Ap1a,0.0,5.0,2.18,,dsp4sh_000220
46.78836813,-117.4595977,563,ASP10-1-2,ASP10-1,JEA-1A-ASP10,2,19N01545,278,ASP10,10,,563.0,Ap1b,5.0,10.0,1.37,,dsp4sh_000220
46.78836813,-117.4595977,564,ASP10-1-3,ASP10-1,JEA-1A-ASP10,3,19N01546,278,ASP10,10,,564.0,Ap2,10.0,33.0,1.12,1.11,dsp4sh_000220
46.78836813,-117.4595977,565,ASP10-1-4,ASP10-1,JEA-1A-ASP10,4,19N01547,278,ASP10,10,,565.0,A,33.0,60.0,0.48,1.03,dsp4sh_000220
46.78836813,-117.4595977,566,ASP10-1-5,ASP10-1,JEA-1A-ASP10,5,19N01548,278,ASP10,10,,566.0,AB,60.0,82.0,0.36,1.07,dsp4sh_000220
46.78836813,-117.4595977,567,ASP10-1-6,ASP10-1,JEA-1A-ASP10,6,,278,ASP10,10,,567.0,Bw1,82.0,106.0,0.28,0.98,dsp4sh_000220
46.78836813,-117.4595977,568,ASP10-1-7,ASP10-1,JEA-1A-ASP10,7,,278,ASP10,10,,568.0,Bw2,106.0,122.0,0.17,1.41,dsp4sh_000220
46.788368,-117.4595978,569,ASP10-2-1,ASP10-2,JEA-1B-ASP10,1,19N01549,280,ASP10,10,,569.0,Ap1a,0.0,5.0,1.63,,dsp4sh_000219
46.788368,-117.4595978,570,ASP10-2-2,ASP10-2,JEA-1B-ASP10,2,19N01550,280,ASP10,10,,570.0,Ap1b,5.0,10.0,1.17,,dsp4sh_000219
46.788368,-117.4595978,571,ASP10-2-3,ASP10-2,JEA-1B-ASP10,3,19N01551,280,ASP10,10,,571.0,Ap2,10.0,32.0,1.0,1.1,dsp4sh_000219
46.788368,-117.4595978,572,ASP10-2-4,ASP10-2,JEA-1B-ASP10,4,19N01552,280,ASP10,10,,572.0,A,32.0,55.0,0.44,1.23,dsp4sh_000219
46.788368,-117.4595978,573,ASP10-2-5,ASP10-2,JEA-1B-ASP10,5,19N01553,280,ASP10,10,,573.0,AB,55.0,84.0,0.23,1.06,dsp4sh_000219
46.788368,-117.4595978,574,ASP10-2-6,ASP10-2,JEA-1B-ASP10,6,,280,ASP10,10,,574.0,Bw1,84.0,108.0,0.16,0.99,dsp4sh_000219
46.788368,-117.4595978,575,ASP10-2-7,ASP10-2,JEA-1B-ASP10,7,,280,ASP10,10,,575.0,Bw2,108.0,122.0,0.08,0.96,dsp4sh_000219
46.78836851,-117.4595972,576,ASP10-3-1,ASP10-3,JEA-1C-ASP10,1,19N01554,281,ASP10,10,,576.0,Ap1a,0.0,5.0,0.77,,dsp4sh_000221
46.78836851,-117.4595972,577,ASP10-3-2,ASP10-3,JEA-1C-ASP10,2,19N01555,281,ASP10,10,,577.0,Ap1b,5.0,10.0,0.67,,dsp4sh_000221
46.78836851,-117.4595972,578,ASP10-3-3,ASP10-3,JEA-1C-ASP10,3,19N01556,281,ASP10,10,,578.0,Ap2,10.0,27.0,0.46,1.54,dsp4sh_000221
46.78836851,-117.4595972,579,ASP10-3-4,ASP10-3,JEA-1C-ASP10,4,19N01557,281,ASP10,10,,579.0,A,27.0,51.0,0.11,1.0,dsp4sh_000221
46.78836851,-117.4595972,580,ASP10-3-5,ASP10-3,JEA-1C-ASP10,5,19N01558,281,ASP10,10,,580.0,AB,51.0,78.0,0.08,1.22,dsp4sh_000221
46.78836851,-117.4595972,581,ASP10-3-6,ASP10-3,JEA-1C-ASP10,6,,281,ASP10,10,,581.0,Bw1,78.0,105.0,0.07,1.15,dsp4sh_000221
46.78836851,-117.4595972,582,ASP10-3-7,ASP10-3,JEA-1C-ASP10,7,,281,ASP10,10,,582.0,Bw2,105.0,122.0,0.05,1.07,dsp4sh_000221
46.78188975,-117.0822114,583,ASP6-1-1,ASP6-1,KUI-1A-ASP6,1,19N01502,287,ASP6,6,,583.0,Ap1a,0.0,5.0,2.58,0.99,dsp4sh_000218
46.78188975,-117.0822114,584,ASP6-1-2,ASP6-1,KUI-1A-ASP6,2,19N01503,287,ASP6,6,,584.0,Ap1b,5.0,10.0,1.69,1.02,dsp4sh_000218
46.78188975,-117.0822114,585,ASP6-1-3,ASP6-1,KUI-1A-ASP6,3,19N01504,287,ASP6,6,,585.0,Ap2,10.0,28.0,1.5,1.13,dsp4sh_000218
46.78188975,-117.0822114,586,ASP6-1-4,ASP6-1,KUI-1A-ASP6,4,19N01505,287,ASP6,6,,586.0,A,28.0,48.0,0.68,1.22,dsp4sh_000218
46.78188975,-117.0822114,587,ASP6-1-5,ASP6-1,KUI-1A-ASP6,5,19N01506,287,ASP6,6,,587.0,AB,48.0,72.0,0.4,1.16,dsp4sh_000218
46.78188975,-117.0822114,588,ASP6-1-6,ASP6-1,KUI-1A-ASP6,6,,287,ASP6,6,,588.0,Bw1,72.0,92.0,0.26,1.23,dsp4sh_000218
46.78188975,-117.0822114,589,ASP6-1-7,ASP6-1,KUI-1A-ASP6,7,,287,ASP6,6,,589.0,Bw2,92.0,122.0,0.21,1.15,dsp4sh_000218
46.78188975,-117.0822114,590,ASP6-2-1,ASP6-2,KUI-1B-ASP6,1,19N01507,288,ASP6,6,,590.0,Ap1a,0.0,5.0,2.41,0.87,dsp4sh_000218
46.78188975,-117.0822114,591,ASP6-2-2,ASP6-2,KUI-1B-ASP6,2,19N01508,288,ASP6,6,,591.0,Ap1b,5.0,10.0,2.04,0.7,dsp4sh_000218
46.78188975,-117.0822114,592,ASP6-2-3,ASP6-2,KUI-1B-ASP6,3,19N01509,288,ASP6,6,,592.0,Ap2,10.0,33.0,1.51,1.05,dsp4sh_000218
46.78188975,-117.0822114,593,ASP6-2-4,ASP6-2,KUI-1B-ASP6,4,19N01510,288,ASP6,6,,593.0,A,33.0,57.0,0.97,0.6,dsp4sh_000218
46.78188975,-117.0822114,594,ASP6-2-5,ASP6-2,KUI-1B-ASP6,5,19N01511,288,ASP6,6,,594.0,AB,57.0,88.0,0.65,1.18,dsp4sh_000218
46.78188975,-117.0822114,595,ASP6-2-6,ASP6-2,KUI-1B-ASP6,6,,288,ASP6,6,,595.0,Bw1,88.0,106.0,0.5,1.1,dsp4sh_000218
46.78188975,-117.0822114,596,ASP6-2-7,ASP6-2,KUI-1B-ASP6,7,,288,ASP6,6,,596.0,Bw2,106.0,122.0,0.38,1.16,dsp4sh_000218
46.78188975,-117.0822114,597,ASP6-3-1,ASP6-3,KUI-1C-ASP6,1,19N01512,290,ASP6,6,,597.0,Ap1a,0.0,5.0,2.69,1.07,dsp4sh_000218
46.78188975,-117.0822114,598,ASP6-3-2,ASP6-3,KUI-1C-ASP6,2,19N01513,290,ASP6,6,,598.0,Ap1b,5.0,10.0,1.87,1.05,dsp4sh_000218
46.78188975,-117.0822114,599,ASP6-3-3,ASP6-3,KUI-1C-ASP6,3,19N01514,290,ASP6,6,,599.0,Ap2,10.0,28.0,1.84,1.12,dsp4sh_000218
46.78188975,-117.0822114,600,ASP6-3-4,ASP6-3,KUI-1C-ASP6,4,19N01515,290,ASP6,6,,600.0,A,28.0,61.0,1.31,0.85,dsp4sh_000218
46.78188975,-117.0822114,601,ASP6-3-5,ASP6-3,KUI-1C-ASP6,5,19N01516,290,ASP6,6,,601.0,A,61.0,88.0,0.97,1.13,dsp4sh_000218
46.78188975,-117.0822114,602,ASP6-3-6,ASP6-3,KUI-1C-ASP6,6,,290,ASP6,6,,602.0,AB,88.0,109.0,0.68,1.14,dsp4sh_000218
46.78188975,-117.0822114,603,ASP6-3-7,ASP6-3,KUI-1C-ASP6,7,,290,ASP6,6,,603.0,Bw1,109.0,122.0,0.31,1.63,dsp4sh_000218
46.78188975,-117.0822114,604,BAU3-1-1,BAU3-1,KUI-2A-BAU3,1,19N01517,291,BAU3,3,,604.0,Ap1a,0.0,5.0,2.05,0.77,dsp4sh_000218
46.78188975,-117.0822114,605,BAU3-1-2,BAU3-1,KUI-2A-BAU3,2,19N01518,291,BAU3,3,,605.0,Ap1b,5.0,10.0,1.65,0.71,dsp4sh_000218
46.78188975,-117.0822114,606,BAU3-1-3,BAU3-1,KUI-2A-BAU3,3,19N01519,291,BAU3,3,,606.0,Ap2,10.0,34.0,0.93,1.06,dsp4sh_000218
46.78188975,-117.0822114,607,BAU3-1-4,BAU3-1,KUI-2A-BAU3,4,19N01520,291,BAU3,3,,607.0,A,34.0,70.0,0.47,1.06,dsp4sh_000218
46.78188975,-117.0822114,608,BAU3-1-5,BAU3-1,KUI-2A-BAU3,5,,291,BAU3,3,,608.0,AB,70.0,100.0,0.44,1.09,dsp4sh_000218
46.78188975,-117.0822114,609,BAU3-1-6,BAU3-1,KUI-2A-BAU3,6,,291,BAU3,3,,609.0,Bw1,100.0,122.0,0.41,1.06,dsp4sh_000218
46.74504916,-117.4236809,610,BAU3-2-1,BAU3-2,KUI-2B-BAU3,1,19N01521,292,BAU3,3,,610.0,Ap1a,0.0,5.0,1.75,0.72,dsp4sh_000212
46.74504916,-117.4236809,611,BAU3-2-2,BAU3-2,KUI-2B-BAU3,2,19N01522,292,BAU3,3,,611.0,Ap1b,5.0,10.0,1.33,0.67,dsp4sh_000212
46.74504916,-117.4236809,612,BAU3-2-3,BAU3-2,KUI-2B-BAU3,3,19N01523,292,BAU3,3,,612.0,Ap2,10.0,38.0,0.84,0.99,dsp4sh_000212
46.74504916,-117.4236809,613,BAU3-2-4,BAU3-2,KUI-2B-BAU3,4,19N01524,292,BAU3,3,,613.0,A,38.0,75.0,0.56,1.15,dsp4sh_000212
46.74504916,-117.4236809,614,BAU3-2-5,BAU3-2,KUI-2B-BAU3,5,,292,BAU3,3,,614.0,AB,75.0,103.0,0.51,1.14,dsp4sh_000212
46.74504916,-117.4236809,615,BAU3-2-6,BAU3-2,KUI-2B-BAU3,6,,292,BAU3,3,,615.0,Bw1,103.0,122.0,0.2,1.12,dsp4sh_000212
46.74504916,-117.4236809,616,BAU3-3-1,BAU3-3,KUI-2C-BAU3,1,19N01525,293,BAU3,3,,616.0,Ap1a,0.0,5.0,1.9,0.72,dsp4sh_000212
46.74504916,-117.4236809,617,BAU3-3-2,BAU3-3,KUI-2C-BAU3,2,19N01526,293,BAU3,3,,617.0,Ap1b,5.0,10.0,1.44,0.71,dsp4sh_000212
46.74504916,-117.4236809,618,BAU3-3-3,BAU3-3,KUI-2C-BAU3,3,19N01527,293,BAU3,3,,618.0,Ap2,10.0,33.0,0.86,1.0,dsp4sh_000212
46.74504916,-117.4236809,619,BAU3-3-4,BAU3-3,KUI-2C-BAU3,4,19N01528,293,BAU3,3,,619.0,A,33.0,72.0,0.51,0.99,dsp4sh_000212
46.74504916,-117.4236809,620,BAU3-3-5,BAU3-3,KUI-2C-BAU3,5,,293,BAU3,3,,620.0,AB,72.0,94.0,0.3,0.99,dsp4sh_000212
46.74504916,-117.4236809,621,BAU3-3-6,BAU3-3,KUI-2C-BAU3,6,,293,BAU3,3,,621.0,Bw1,94.0,122.0,0.18,0.6,dsp4sh_000212
46.74504916,-117.4236809,622,BAU8-1-1,BAU8-1,LYM-1A-BAU8,1,19N01559,294,BAU8,8,,622.0,Ap1a,0.0,5.0,2.057,,dsp4sh_000212
46.74504916,-117.4236809,623,BAU8-1-2,BAU8-1,LYM-1A-BAU8,2,19N01560,294,BAU8,8,,623.0,Ap1b,5.0,10.0,2.215,,dsp4sh_000212
46.74504916,-117.4236809,624,BAU8-1-3,BAU8-1,LYM-1A-BAU8,3,19N01561,294,BAU8,8,,624.0,Ap2,10.0,29.0,2.0668,0.8,dsp4sh_000212
46.74504916,-117.4236809,625,BAU8-1-4,BAU8-1,LYM-1A-BAU8,4,19N01562,294,BAU8,8,,625.0,A,29.0,79.0,2.5018,0.74,dsp4sh_000212
46.74504916,-117.4236809,626,BAU8-1-5,BAU8-1,LYM-1A-BAU8,5,,294,BAU8,8,,626.0,AB,79.0,106.0,1.925,0.9,dsp4sh_000212
46.74504916,-117.4236809,627,BAU8-1-6,BAU8-1,LYM-1A-BAU8,6,,294,BAU8,8,,627.0,Bw1,106.0,122.0,1.3431,,dsp4sh_000212
46.74504915,-117.4236809,628,BAU8-2-1,BAU8-2,LYM-1B-BAU8,1,19N01563,295,BAU8,8,,628.0,Ap1a,0.0,5.0,2.0435,,dsp4sh_000211
46.74504915,-117.4236809,629,BAU8-2-2,BAU8-2,LYM-1B-BAU8,2,19N01564,295,BAU8,8,,629.0,Ap1b,5.0,10.0,1.9509,,dsp4sh_000211
46.74504915,-117.4236809,630,BAU8-2-3,BAU8-2,LYM-1B-BAU8,3,19N01565,295,BAU8,8,,630.0,Ap2,10.0,26.0,1.811,0.98,dsp4sh_000211
46.74504915,-117.4236809,631,BAU8-2-4,BAU8-2,LYM-1B-BAU8,4,19N01566,295,BAU8,8,,631.0,A,26.0,56.0,1.9217,,dsp4sh_000211
46.74504915,-117.4236809,632,BAU8-2-5,BAU8-2,LYM-1B-BAU8,5,19N01567,295,BAU8,8,,632.0,AB,56.0,77.0,2.6226,0.9,dsp4sh_000211
46.74504915,-117.4236809,633,BAU8-2-6,BAU8-2,LYM-1B-BAU8,6,,295,BAU8,8,,633.0,Bw1,77.0,96.0,2.1902,,dsp4sh_000211
46.74504915,-117.4236809,634,BAU8-2-7,BAU8-2,LYM-1B-BAU8,7,,295,BAU8,8,,634.0,Bw2,96.0,122.0,1.0746,,dsp4sh_000211
46.74504922,-117.4236808,635,BAU8-3-1,BAU8-3,LYM-1C-BAU8,1,19N01568,296,BAU8,8,,635.0,Ap1a,0.0,5.0,2.4254,,dsp4sh_000214
46.74504922,-117.4236808,636,BAU8-3-2,BAU8-3,LYM-1C-BAU8,2,19N01569,296,BAU8,8,,636.0,Ap1b,5.0,10.0,2.1139,,dsp4sh_000214
46.74504922,-117.4236808,637,BAU8-3-3,BAU8-3,LYM-1C-BAU8,3,19N01570,296,BAU8,8,,637.0,Ap2,10.0,24.0,1.9411,1.54,dsp4sh_000214
46.74504922,-117.4236808,638,BAU8-3-4,BAU8-3,LYM-1C-BAU8,4,19N01571,296,BAU8,8,,638.0,A,24.0,62.0,1.9273,0.85,dsp4sh_000214
46.74504922,-117.4236808,639,BAU8-3-5,BAU8-3,LYM-1C-BAU8,5,19N01572,296,BAU8,8,,639.0,AB,62.0,85.0,1.6069,,dsp4sh_000214
46.74504922,-117.4236808,640,BAU8-3-6,BAU8-3,LYM-1C-BAU8,6,,296,BAU8,8,,640.0,Bw1,85.0,108.0,1.1349,,dsp4sh_000214
46.74504922,-117.4236808,641,BAU8-3-7,BAU8-3,LYM-1C-BAU8,7,,296,BAU8,8,,641.0,Bw2,108.0,122.0,0.83987,,dsp4sh_000214
46.75739636,-117.1998969,642,PGL7-7a-1,PGL7-7a,PCFS1-PGL7a,1,,303,PGL7,7,,642.0,Ap1a,0.0,5.0,1.8348,,dsp4sh_000215
46.75739636,-117.1998969,643,PGL7-7a-2,PGL7-7a,PCFS1-PGL7a,2,,303,PGL7,7,,643.0,Ap1b,5.0,10.0,1.6937,,dsp4sh_000215
46.75739636,-117.1998969,644,PGL7-7a-3,PGL7-7a,PCFS1-PGL7a,3,,303,PGL7,7,,644.0,Ap2,10.0,20.0,1.215,1.13,dsp4sh_000215
46.75739636,-117.1998969,645,PGL7-7a-4,PGL7-7a,PCFS1-PGL7a,4,,303,PGL7,7,,645.0,A,20.0,41.0,0.54155,1.15,dsp4sh_000215
46.75739636,-117.1998969,646,PGL7-7a-5,PGL7-7a,PCFS1-PGL7a,5,,303,PGL7,7,,646.0,AB,41.0,64.0,0.37795,1.2,dsp4sh_000215
46.75739636,-117.1998969,647,PGL7-7a-6,PGL7-7a,PCFS1-PGL7a,6,,303,PGL7,7,,647.0,Bw1,64.0,99.0,0.25638,,dsp4sh_000215
46.75739636,-117.1998969,648,PGL7-7a-7,PGL7-7a,PCFS1-PGL7a,7,,303,PGL7,7,,648.0,Bw2,99.0,122.0,0.14312,,dsp4sh_000215
46.75739636,-117.1998969,649,PGL7-7b-1,PGL7-7b,PCFS1-PGL7b,1,,304,PGL7,7,,649.0,Ap1a,0.0,5.0,2.5639,0.79,dsp4sh_000215
46.75739636,-117.1998969,650,PGL7-7b-2,PGL7-7b,PCFS1-PGL7b,2,,304,PGL7,7,,650.0,Ap1b,5.0,10.0,1.9045,0.76,dsp4sh_000215
46.75739636,-117.1998969,651,PGL7-7b-3,PGL7-7b,PCFS1-PGL7b,3,,304,PGL7,7,,651.0,Ap2,10.0,22.0,1.4214,1.07,dsp4sh_000215
46.75739636,-117.1998969,652,PGL7-7b-4,PGL7-7b,PCFS1-PGL7b,4,,304,PGL7,7,,652.0,A,22.0,45.0,0.97936,1.03,dsp4sh_000215
46.75739636,-117.1998969,653,PGL7-7b-5,PGL7-7b,PCFS1-PGL7b,5,,304,PGL7,7,,653.0,AB,45.0,67.0,0.47664,,dsp4sh_000215
46.75739636,-117.1998969,654,PGL7-7b-6,PGL7-7b,PCFS1-PGL7b,6,,304,PGL7,7,,654.0,Bw1,67.0,103.0,0.29965,1.29,dsp4sh_000215
46.75739636,-117.1998969,655,PGL7-7b-7,PGL7-7b,PCFS1-PGL7b,7,,304,PGL7,7,,655.0,Bw2,103.0,122.0,0.24019,,dsp4sh_000215
46.75739636,-117.1998969,656,PGL7-7c-1,PGL7-7c,PCFS1-PGL7c,1,,305,PGL7,7,,656.0,Ap1a,0.0,5.0,2.8044,1.02,dsp4sh_000215
46.75739636,-117.1998969,657,PGL7-7c-2,PGL7-7c,PCFS1-PGL7c,2,,305,PGL7,7,,657.0,Ap1b,5.0,10.0,1.9918,0.81,dsp4sh_000215
46.75739636,-117.1998969,658,PGL7-7c-3,PGL7-7c,PCFS1-PGL7c,3,,305,PGL7,7,,658.0,Ap2,10.0,23.0,1.6103,0.8,dsp4sh_000215
46.75739636,-117.1998969,659,PGL7-7c-4,PGL7-7c,PCFS1-PGL7c,4,,305,PGL7,7,,659.0,A,23.0,42.0,1.6018,1.03,dsp4sh_000215
46.75739636,-117.1998969,660,PGL7-7c-5,PGL7-7c,PCFS1-PGL7c,5,,305,PGL7,7,,660.0,AB,42.0,65.0,0.95548,,dsp4sh_000215
46.75739636,-117.1998969,661,PGL7-7c-6,PGL7-7c,PCFS1-PGL7c,6,,305,PGL7,7,,661.0,Bw1,65.0,98.0,0.79111,,dsp4sh_000215
46.75739636,-117.1998969,662,PGL7-7c-7,PGL7-7c,PCFS1-PGL7c,7,,305,PGL7,7,,662.0,Bw2,98.0,122.0,0.3385,,dsp4sh_000215
46.75757137,-117.2000596,663,ASP9-1-1,ASP9-1,PCFS3-1A-ASP9,1,19N01472,308,ASP9,9,,663.0,Ap1a,0.0,5.0,3.0774,0.91,dsp4sh_000216
46.75757137,-117.2000596,664,ASP9-1-2,ASP9-1,PCFS3-1A-ASP9,2,19N01473,308,ASP9,9,,664.0,Ap1b,5.0,10.0,2.1789,0.65,dsp4sh_000216
46.75757137,-117.2000596,665,ASP9-1-3,ASP9-1,PCFS3-1A-ASP9,3,19N01474,308,ASP9,9,,665.0,Ap2,10.0,30.0,1.5741,1.05,dsp4sh_000216
46.75757137,-117.2000596,666,ASP9-1-4,ASP9-1,PCFS3-1A-ASP9,4,19N01475,308,ASP9,9,,666.0,A,30.0,63.0,1.7764,1.16,dsp4sh_000216
46.75757137,-117.2000596,667,ASP9-1-5,ASP9-1,PCFS3-1A-ASP9,5,19N01476,308,ASP9,9,,667.0,AB,63.0,104.0,1.3819,1.12,dsp4sh_000216
46.75757137,-117.2000596,668,ASP9-1-6,ASP9-1,PCFS3-1A-ASP9,6,,308,ASP9,9,,668.0,Bw1,104.0,122.0,1.1099,1.06,dsp4sh_000216
46.75757137,-117.2000596,669,ASP9-2-1,ASP9-2,PCFS3-1B-ASP9,1,19N01477,309,ASP9,9,,669.0,Ap1a,0.0,5.0,2.5818,1.07,dsp4sh_000216
46.75757137,-117.2000596,670,ASP9-2-2,ASP9-2,PCFS3-1B-ASP9,2,19N01478,309,ASP9,9,,670.0,Ap1b,5.0,10.0,2.193,0.77,dsp4sh_000216
46.75757137,-117.2000596,671,ASP9-2-3,ASP9-2,PCFS3-1B-ASP9,3,19N01479,309,ASP9,9,,671.0,Ap2,10.0,33.0,1.5876,0.99,dsp4sh_000216
46.75757137,-117.2000596,672,ASP9-2-4,ASP9-2,PCFS3-1B-ASP9,4,19N01480,309,ASP9,9,,672.0,A,33.0,57.0,1.2529,1.27,dsp4sh_000216
46.75757137,-117.2000596,673,ASP9-2-5,ASP9-2,PCFS3-1B-ASP9,5,19N01481,309,ASP9,9,,673.0,AB,57.0,87.0,0.91909,1.23,dsp4sh_000216
46.75757137,-117.2000596,674,ASP9-2-6,ASP9-2,PCFS3-1B-ASP9,6,,309,ASP9,9,,674.0,Bw1,87.0,109.0,0.55295,1.14,dsp4sh_000216
46.75757137,-117.2000596,675,ASP9-2-7,ASP9-2,PCFS3-1B-ASP9,7,,309,ASP9,9,,675.0,Bw2,109.0,122.0,0.4585,0.97,dsp4sh_000216
46.74504918,-117.4236807,676,ASP9-3-1,ASP9-3,PCFS3-1C-ASP9,1,19N01482,310,ASP9,9,,676.0,Ap1a,0.0,5.0,3.3002,1.07,dsp4sh_000213
46.74504918,-117.4236807,677,ASP9-3-2,ASP9-3,PCFS3-1C-ASP9,2,19N01483,310,ASP9,9,,677.0,Ap1b,5.0,10.0,1.9376,0.58,dsp4sh_000213
46.74504918,-117.4236807,678,ASP9-3-3,ASP9-3,PCFS3-1C-ASP9,3,19N01484,310,ASP9,9,,678.0,Ap2,10.0,29.0,1.3138,0.89,dsp4sh_000213
46.74504918,-117.4236807,679,ASP9-3-4,ASP9-3,PCFS3-1C-ASP9,4,19N01485,310,ASP9,9,,679.0,A,29.0,51.0,0.87273,1.06,dsp4sh_000213
46.74504918,-117.4236807,680,ASP9-3-5,ASP9-3,PCFS3-1C-ASP9,5,19N01486,310,ASP9,9,,680.0,AB,51.0,82.0,0.63752,0.88,dsp4sh_000213
46.74504918,-117.4236807,681,ASP9-3-6,ASP9-3,PCFS3-1C-ASP9,6,,310,ASP9,9,,681.0,Bw1,82.0,106.0,0.40291,0.84,dsp4sh_000213
46.74504918,-117.4236807,682,ASP9-3-7,ASP9-3,PCFS3-1C-ASP9,7,,310,ASP9,9,,682.0,Bw2,106.0,122.0,0.1583,0.96,dsp4sh_000213
46.75757146,-117.20006,683,PGL9-1-1,PGL9-1,PCFS3-2A-PGL9,1,19N01573,311,PGL9,9,,683.0,Ap1a,0.0,5.0,3.0774,0.91,dsp4sh_000217
46.75757146,-117.20006,684,PGL9-1-2,PGL9-1,PCFS3-2A-PGL9,2,19N01574,311,PGL9,9,,684.0,Ap1b,5.0,10.0,2.1789,0.65,dsp4sh_000217
46.75757146,-117.20006,685,PGL9-1-3,PGL9-1,PCFS3-2A-PGL9,3,19N01575,311,PGL9,9,,685.0,Ap2,10.0,30.0,1.5741,1.05,dsp4sh_000217
46.75757146,-117.20006,686,PGL9-1-4,PGL9-1,PCFS3-2A-PGL9,4,19N01576,311,PGL9,9,,686.0,A,30.0,63.0,1.7764,1.16,dsp4sh_000217
46.75757146,-117.20006,687,PGL9-1-5,PGL9-1,PCFS3-2A-PGL9,5,19N01577,311,PGL9,9,,687.0,AB,63.0,104.0,1.3819,1.12,dsp4sh_000217
46.75757146,-117.20006,688,PGL9-1-6,PGL9-1,PCFS3-2A-PGL9,6,,311,PGL9,9,,688.0,Bw1,104.0,122.0,1.1099,1.06,dsp4sh_000217
46.75739636,-117.1998969,689,PGL9-2-1,PGL9-2,PCFS3-2B-PGL9,1,19N01578,312,PGL9,9,,689.0,Ap1a,0.0,5.0,2.5818,1.07,dsp4sh_000215
46.75739636,-117.1998969,690,PGL9-2-2,PGL9-2,PCFS3-2B-PGL9,2,19N01579,312,PGL9,9,,690.0,Ap1b,5.0,10.0,2.193,0.77,dsp4sh_000215
46.75739636,-117.1998969,691,PGL9-2-3,PGL9-2,PCFS3-2B-PGL9,3,19N01580,312,PGL9,9,,691.0,Ap2,10.0,33.0,1.5876,0.99,dsp4sh_000215
46.75739636,-117.1998969,692,PGL9-2-4,PGL9-2,PCFS3-2B-PGL9,4,19N01581,312,PGL9,9,,692.0,A,33.0,57.0,1.2529,1.27,dsp4sh_000215
46.75739636,-117.1998969,693,PGL9-2-5,PGL9-2,PCFS3-2B-PGL9,5,19N01582,312,PGL9,9,,693.0,AB,57.0,87.0,0.91909,1.23,dsp4sh_000215
46.75739636,-117.1998969,694,PGL9-2-6,PGL9-2,PCFS3-2B-PGL9,6,,312,PGL9,9,,694.0,Bw1,87.0,109.0,0.55295,1.14,dsp4sh_000215
46.75739636,-117.1998969,695,PGL9-2-7,PGL9-2,PCFS3-2B-PGL9,7,,312,PGL9,9,,695.0,Bw2,109.0,122.0,0.4585,0.97,dsp4sh_000215
46.75739636,-117.1998969,696,PGL9-3-1,PGL9-3,PCFS3-2C-PGL9,1,19N01583,313,PGL9,9,,696.0,Ap1a,0.0,5.0,3.3002,1.07,dsp4sh_000215
46.75739636,-117.1998969,697,PGL9-3-2,PGL9-3,PCFS3-2C-PGL9,2,19N01584,313,PGL9,9,,697.0,Ap1b,5.0,10.0,1.9376,0.58,dsp4sh_000215
46.75739636,-117.1998969,698,PGL9-3-3,PGL9-3,PCFS3-2C-PGL9,3,19N01585,313,PGL9,9,,698.0,Ap2,10.0,29.0,1.3138,0.89,dsp4sh_000215
46.75739636,-117.1998969,699,PGL9-3-4,PGL9-3,PCFS3-2C-PGL9,4,19N01586,313,PGL9,9,,699.0,A,29.0,51.0,0.87273,1.06,dsp4sh_000215
46.75739636,-117.1998969,700,PGL9-3-5,PGL9-3,PCFS3-2C-PGL9,5,19N01587,313,PGL9,9,,700.0,AB,51.0,82.0,0.63752,0.88,dsp4sh_000215
46.75739636,-117.1998969,701,PGL9-3-6,PGL9-3,PCFS3-2C-PGL9,6,,313,PGL9,9,,701.0,Bw1,82.0,106.0,0.40291,0.84,dsp4sh_000215
46.75739636,-117.1998969,702,PGL9-3-7,PGL9-3,PCFS3-2C-PGL9,7,,313,PGL9,9,,702.0,Bw2,106.0,122.0,0.1583,0.96,dsp4sh_000215
43.74768,-92.845294,703,CON-1-1,CON-1,S2019MN99-A-CON,1,20N01622,239,CON,,,703.0,Ap1,0.0,5.0,2.8666,1.123872025,dsp4sh_000140
43.74768,-92.845294,704,CON-1-2,CON-1,S2019MN99-A-CON,2,20N01623,239,CON,,,704.0,Ap2,5.0,10.0,2.7633,1.350425678,dsp4sh_000140
43.74768,-92.845294,705,CON-1-3,CON-1,S2019MN99-A-CON,3,20N01624,239,CON,,,705.0,Ap3,10.0,26.0,2.5997,1.257556112,dsp4sh_000140
43.74768,-92.845294,706,CON-1-4,CON-1,S2019MN99-A-CON,4,20N01625,239,CON,,,706.0,Bw,26.0,50.0,0.8953,1.496732814,dsp4sh_000140
43.74768,-92.845294,707,CON-1-5,CON-1,S2019MN99-A-CON,5,20N01626,239,CON,,,707.0,2BG,50.0,110.0,0.3788,1.573673296,dsp4sh_000140
43.747906,-92.845601,708,CON-2-1,CON-2,S2019MN99-B-CON,1,20N01627,240,CON,,,708.0,Ap1,0.0,5.0,2.9268,1.282822983,dsp4sh_000141
43.747906,-92.845601,709,CON-2-2,CON-2,S2019MN99-B-CON,2,20N01628,240,CON,,,709.0,Ap2,5.0,10.0,2.7719,1.247331105,dsp4sh_000141
43.747906,-92.845601,710,CON-2-3,CON-2,S2019MN99-B-CON,3,20N01629,240,CON,,,710.0,Ap3,10.0,32.0,2.4103,1.350017571,dsp4sh_000141
43.747906,-92.845601,711,CON-2-4,CON-2,S2019MN99-B-CON,4,20N01630,240,CON,,,711.0,BA,32.0,54.0,0.9641,1.624100756,dsp4sh_000141
43.747906,-92.845601,712,CON-2-5,CON-2,S2019MN99-B-CON,5,20N01631,240,CON,,,712.0,Bw1,54.0,77.0,0.4218,1.962789264,dsp4sh_000141
43.747906,-92.845601,713,CON-2-6,CON-2,S2019MN99-B-CON,6,20N01632,240,CON,,,713.0,Bw2,77.0,137.0,0.3099,1.883153574,dsp4sh_000141
43.747593,-92.844985,714,CON-3-1,CON-3,S2019MN99-C-CON,1,20N01633,241,CON,,,714.0,Ap1,0.0,5.0,2.7626,1.15544377,dsp4sh_000139
43.747593,-92.844985,715,CON-3-2,CON-3,S2019MN99-C-CON,2,20N01634,241,CON,,,715.0,Ap2,5.0,10.0,2.8407,1.22990093,dsp4sh_000139
43.747593,-92.844985,716,CON-3-3,CON-3,S2019MN99-C-CON,3,20N01635,241,CON,,,716.0,Ap3,10.0,25.0,2.0488,1.307768342,dsp4sh_000139
43.747593,-92.844985,717,CON-3-4,CON-3,S2019MN99-C-CON,4,20N01636,241,CON,,,717.0,BA,25.0,35.0,0.7834,1.36677587,dsp4sh_000139
43.747593,-92.844985,718,CON-3-5,CON-3,S2019MN99-C-CON,5,20N01637,241,CON,,,718.0,Bw1,35.0,60.0,0.5768,1.523035213,dsp4sh_000139
43.747593,-92.844985,719,CON-3-6,CON-3,S2019MN99-C-CON,6,20N01638,241,CON,,,719.0,Bw2,60.0,80.0,0.3443,1.799372603,dsp4sh_000139
43.747593,-92.844985,720,CON-3-7,CON-3,S2019MN99-C-CON,7,20N01639,241,CON,,,720.0,2C1,80.0,110.0,0.1636,1.755779623,dsp4sh_000139
43.750483,-92.84107,721,CON-4-1,CON-4,S2019MN99-D-CON,1,20N01640,242,CON,,,721.0,Ap1,0.0,5.0,3.1851,0.954238925,dsp4sh_000152
43.750483,-92.84107,722,CON-4-2,CON-4,S2019MN99-D-CON,2,20N01641,242,CON,,,722.0,Ap2,5.0,10.0,2.7977,1.180452282,dsp4sh_000152
43.750483,-92.84107,723,CON-4-3,CON-4,S2019MN99-D-CON,3,20N01642,242,CON,,,723.0,Ap3,10.0,25.0,2.5739,1.440389239,dsp4sh_000152
43.750483,-92.84107,724,CON-4-4,CON-4,S2019MN99-D-CON,4,20N01643,242,CON,,,724.0,AB,25.0,47.0,1.0072,1.480253165,dsp4sh_000152
43.750483,-92.84107,725,CON-4-5,CON-4,S2019MN99-D-CON,5,20N01644,242,CON,,,725.0,Bw,47.0,110.0,0.3013,1.72697668,dsp4sh_000152
43.75062,-92.84134,726,CON-5-1,CON-5,S2019MN99-E-CON,1,20N01645,243,CON,,,726.0,Ap1,0.0,5.0,3.1334,0.965038055,dsp4sh_000153
43.75062,-92.84134,727,CON-5-2,CON-5,S2019MN99-E-CON,2,20N01646,243,CON,,,727.0,Ap2,5.0,10.0,2.9957,1.062167073,dsp4sh_000153
43.75062,-92.84134,728,CON-5-3,CON-5,S2019MN99-E-CON,3,20N01647,243,CON,,,728.0,Ap3,10.0,22.0,2.5653,1.540044369,dsp4sh_000153
43.75062,-92.84134,729,CON-5-4,CON-5,S2019MN99-E-CON,4,20N01648,243,CON,,,729.0,AB,22.0,53.0,0.9469,1.370163316,dsp4sh_000153
43.75062,-92.84134,730,CON-5-5,CON-5,S2019MN99-E-CON,5,20N01649,243,CON,,,730.0,Bw1,53.0,80.0,0.4735,1.667739346,dsp4sh_000153
43.75062,-92.84134,731,CON-5-6,CON-5,S2019MN99-E-CON,6,20N01650,243,CON,,,731.0,Bw2,80.0,110.0,0.1894,1.710241186,dsp4sh_000153
43.75034,-92.84078,732,CON-6-1,CON-6,S2019MN99-F-CON,1,20N01651,244,CON,,,732.0,Ap1,0.0,5.0,3.1678,1.175021141,dsp4sh_000151
43.75034,-92.84078,733,CON-6-2,CON-6,S2019MN99-F-CON,2,20N01652,244,CON,,,733.0,Ap2,5.0,10.0,2.9785,1.271518631,dsp4sh_000151
43.75034,-92.84078,734,CON-6-3,CON-6,S2019MN99-F-CON,3,20N01653,244,CON,,,734.0,Ap3,10.0,25.0,2.4964,1.172368723,dsp4sh_000151
43.75034,-92.84078,735,CON-6-4,CON-6,S2019MN99-F-CON,4,20N01654,244,CON,,,735.0,AB,25.0,42.0,1.0158,1.609512458,dsp4sh_000151
43.75034,-92.84078,736,CON-6-5,CON-6,S2019MN99-F-CON,5,20N01655,244,CON,,,736.0,Bw,42.0,87.0,0.3443,1.806991287,dsp4sh_000151
43.75222,-92.84329,738,CON-7-1,CON-7,S2019MN99-G-CON,1,20N01657,245,CON,,,738.0,Ap1,0.0,5.0,2.5308,0.969963974,dsp4sh_000155
43.75222,-92.84329,739,CON-7-2,CON-7,S2019MN99-G-CON,2,20N01658,245,CON,,,739.0,Ap2,5.0,10.0,2.7374,1.352227919,dsp4sh_000155
43.75222,-92.84329,740,CON-7-3,CON-7,S2019MN99-G-CON,3,20N01659,245,CON,,,740.0,Ap3,10.0,20.0,2.66,1.443736337,dsp4sh_000155
43.75222,-92.84329,741,CON-7-4,CON-7,S2019MN99-G-CON,4,20N01660,245,CON,,,741.0,BA,20.0,34.0,0.9297,1.388288172,dsp4sh_000155
43.75222,-92.84329,742,CON-7-5,CON-7,S2019MN99-G-CON,5,20N01661,245,CON,,,742.0,2Bw1,34.0,70.0,0.6628,1.46021922,dsp4sh_000155
43.75222,-92.84329,743,CON-7-6,CON-7,S2019MN99-G-CON,6,20N01662,245,CON,,,743.0,2Bw2,70.0,83.0,0.2755,2.110314223,dsp4sh_000155
43.75222,-92.84329,744,CON-7-7,CON-7,S2019MN99-G-CON,7,20N01663,245,CON,,,744.0,2Bw3,83.0,103.0,1.1105,2.056381725,dsp4sh_000155
43.75218,-92.843677,745,CON-8-1,CON-8,S2019MN99-H-CON,1,20N01664,246,CON,,,745.0,Ap1,0.0,5.0,2.6858,0.981205174,dsp4sh_000154
43.75218,-92.843677,746,CON-8-2,CON-8,S2019MN99-H-CON,2,20N01665,246,CON,,,746.0,Ap2,5.0,10.0,2.6255,1.391003743,dsp4sh_000154
43.75218,-92.843677,747,CON-8-3,CON-8,S2019MN99-H-CON,3,20N01666,246,CON,,,747.0,Ap3,10.0,22.0,2.0229,1.229079944,dsp4sh_000154
43.75218,-92.843677,748,CON-8-4,CON-8,S2019MN99-H-CON,4,20N01667,246,CON,,,748.0,BA,22.0,39.0,1.076,1.576483539,dsp4sh_000154
43.75218,-92.843677,749,CON-8-5,CON-8,S2019MN99-H-CON,5,20N01668,246,CON,,,749.0,2Bw1,39.0,65.0,0.5251,1.767836547,dsp4sh_000154
43.75218,-92.843677,750,CON-8-6,CON-8,S2019MN99-H-CON,6,20N01669,246,CON,,,750.0,2Bw2,65.0,96.0,0.396,1.745669911,dsp4sh_000154
43.75218,-92.843677,751,CON-8-7,CON-8,S2019MN99-H-CON,7,20N01670,246,CON,,,751.0,2Bw3,96.0,142.0,1.5323,1.775414884,dsp4sh_000154
43.752284,-92.842882,752,CON-9-1,CON-9,S2019MN99-I-CON,1,20N01671,247,CON,,,752.0,Ap1,0.0,5.0,3.1162,1.414054518,dsp4sh_000156
43.752284,-92.842882,753,CON-9-2,CON-9,S2019MN99-I-CON,2,20N01672,247,CON,,,753.0,Ap2,5.0,10.0,3.2281,1.230658764,dsp4sh_000156
43.752284,-92.842882,754,CON-9-3,CON-9,S2019MN99-I-CON,3,20N01673,247,CON,,,754.0,Ap3,10.0,20.0,2.6772,1.408370765,dsp4sh_000156
43.752284,-92.842882,756,CON-9-5,CON-9,S2019MN99-I-CON,5,20N01674,247,CON,,,756.0,BA,29.0,45.0,1.0416,1.523308875,dsp4sh_000156
43.752284,-92.842882,757,CON-9-6,CON-9,S2019MN99-I-CON,6,20N01675,247,CON,,,757.0,2Bw1,45.0,63.0,0.6628,1.824105698,dsp4sh_000156
43.752284,-92.842882,758,CON-9-7,CON-9,S2019MN99-I-CON,7,20N01676,247,CON,,,758.0,2Bw2,63.0,102.0,0.3357,1.696979096,dsp4sh_000156
43.74984,-92.85464,759,ALT-1-1,ALT-1,S2019MN99-A-ALT,1,20N01677,248,ALT,,,759.0,Ap1,0.0,5.0,2.9871,1.316609735,dsp4sh_000150
43.74984,-92.85464,760,ALT-1-2,ALT-1,S2019MN99-A-ALT,2,20N01678,248,ALT,,,760.0,Ap2,5.0,10.0,2.548,1.43862096,dsp4sh_000150
43.74984,-92.85464,761,ALT-1-3,ALT-1,S2019MN99-A-ALT,3,20N01679,248,ALT,,,761.0,Ap3,10.0,20.0,2.6083,1.537770868,dsp4sh_000150
43.74984,-92.85464,762,ALT-1-4,ALT-1,S2019MN99-A-ALT,4,20N01680,248,ALT,,,762.0,BA,20.0,35.0,2.0574,1.469376377,dsp4sh_000150
43.74984,-92.85464,763,ALT-1-5,ALT-1,S2019MN99-A-ALT,5,20N01681,248,ALT,,,763.0,2Bw1,35.0,61.0,0.3874,1.74023877,dsp4sh_000150
43.74984,-92.85464,764,ALT-1-6,ALT-1,S2019MN99-A-ALT,6,20N01682,248,ALT,,,764.0,2Bw2,61.0,100.0,0.2755,2.116503198,dsp4sh_000150
43.74981,-92.85499,765,ALT-2-1,ALT-2,S2019MN99-B-ALT,1,20N01683,249,ALT,,,765.0,Ap1,0.0,5.0,4.0545,1.04252655,dsp4sh_000149
43.74981,-92.85499,766,ALT-2-2,ALT-2,S2019MN99-B-ALT,2,20N01684,249,ALT,,,766.0,Ap2,5.0,10.0,3.4605,1.091217365,dsp4sh_000149
43.74981,-92.85499,767,ALT-2-3,ALT-2,S2019MN99-B-ALT,3,20N01685,249,ALT,,,767.0,Ap3,10.0,22.0,3.4519,1.477017867,dsp4sh_000149
43.74981,-92.85499,768,ALT-2-4,ALT-2,S2019MN99-B-ALT,4,20N01686,249,ALT,,,768.0,BA,22.0,40.0,1.6097,1.629531898,dsp4sh_000149
43.74981,-92.85499,769,ALT-2-5,ALT-2,S2019MN99-B-ALT,5,20N01687,249,ALT,,,769.0,2Bw1,40.0,70.0,0.8608,2.154079119,dsp4sh_000149
43.74981,-92.85499,770,ALT-2-6,ALT-2,S2019MN99-B-ALT,6,20N01688,249,ALT,,,770.0,2Bw2,70.0,110.0,0.7747,1.854924268,dsp4sh_000149
43.74953,-92.85457,771,ALT-3-1,ALT-3,S2019MN99-C-ALT,1,20N01689,250,ALT,,,771.0,Ap1,0.0,5.0,2.5567,1.169675655,dsp4sh_000148
43.74953,-92.85457,772,ALT-3-2,ALT-3,S2019MN99-C-ALT,2,20N01690,250,ALT,,,772.0,Ap2,5.0,10.0,2.6255,1.486574266,dsp4sh_000148
43.74953,-92.85457,773,ALT-3-3,ALT-3,S2019MN99-C-ALT,3,20N01691,250,ALT,,,773.0,Ap3,10.0,22.0,2.0574,1.237900223,dsp4sh_000148
43.74953,-92.85457,774,ALT-3-4,ALT-3,S2019MN99-C-ALT,4,20N01692,250,ALT,,,774.0,BA,22.0,38.0,1.0933,1.551432688,dsp4sh_000148
43.74953,-92.85457,775,ALT-3-5,ALT-3,S2019MN99-C-ALT,5,20N01693,250,ALT,,,775.0,2Bw1,38.0,80.0,0.3185,1.927359074,dsp4sh_000148
43.74953,-92.85457,776,ALT-3-6,ALT-3,S2019MN99-C-ALT,6,20N01694,250,ALT,,,776.0,2Bw2,80.0,140.0,0.2669,1.937036744,dsp4sh_000148
43.74922,-92.85453,777,ALT-4-1,ALT-4,S2019MN99-D-ALT,1,20N01695,251,ALT,,,777.0,Ap1,0.0,5.0,3.5552,1.390639102,dsp4sh_000147
43.74922,-92.85453,778,ALT-4-2,ALT-4,S2019MN99-D-ALT,2,20N01696,251,ALT,,,778.0,Ap2,5.0,10.0,2.9699,1.399775784,dsp4sh_000147
43.74922,-92.85453,779,ALT-4-3,ALT-4,S2019MN99-D-ALT,3,20N01697,251,ALT,,,779.0,Ap3,10.0,25.0,2.9612,1.562312553,dsp4sh_000147
43.74922,-92.85453,780,ALT-4-4,ALT-4,S2019MN99-D-ALT,4,20N01698,251,ALT,,,780.0,A,25.0,40.0,1.5323,1.457180597,dsp4sh_000147
43.74922,-92.85453,781,ALT-4-5,ALT-4,S2019MN99-D-ALT,5,20N01699,251,ALT,,,781.0,2BA,40.0,61.0,0.7661,1.545241383,dsp4sh_000147
43.74922,-92.85453,782,ALT-4-6,ALT-4,S2019MN99-D-ALT,6,20N01700,251,ALT,,,782.0,2Bw1,61.0,100.0,0.241,1.938238939,dsp4sh_000147
43.74899,-92.85467,783,ALT-5-1,ALT-5,S2019MN99-E-ALT,1,20N01701,252,ALT,,,783.0,Ap1,0.0,5.0,3.3989,1.366715421,dsp4sh_000145
43.74899,-92.85467,784,ALT-5-2,ALT-5,S2019MN99-E-ALT,2,20N01702,252,ALT,,,784.0,Ap2,5.0,10.0,3.3349,1.63787051,dsp4sh_000145
43.74899,-92.85467,785,ALT-5-3,ALT-5,S2019MN99-E-ALT,3,20N01703,252,ALT,,,785.0,Ap3,10.0,26.0,2.8507,1.45645928,dsp4sh_000145
43.74899,-92.85467,786,ALT-5-4,ALT-5,S2019MN99-E-ALT,4,20N01704,252,ALT,,,786.0,BA,26.0,46.0,2.4348,1.651274985,dsp4sh_000145
43.74899,-92.85467,787,ALT-5-5,ALT-5,S2019MN99-E-ALT,5,20N01705,252,ALT,,,787.0,2Bw1,46.0,78.0,0.4058,1.825352825,dsp4sh_000145
43.74899,-92.85467,788,ALT-5-6,ALT-5,S2019MN99-E-ALT,6,20N01706,252,ALT,,,788.0,2Bw2,78.0,116.0,0.2254,2.162147763,dsp4sh_000145
43.74893,-92.85419,789,ALT-6-1,ALT-6,S2019MN99-F-ALT,1,20N01707,253,ALT,,,789.0,Ap1,0.0,5.0,3.3997,1.136675402,dsp4sh_000144
43.74893,-92.85419,790,ALT-6-2,ALT-6,S2019MN99-F-ALT,2,20N01708,253,ALT,,,790.0,Ap2,5.0,10.0,3.048,1.344835471,dsp4sh_000144
43.74893,-92.85419,791,ALT-6-3,ALT-6,S2019MN99-F-ALT,3,20N01709,253,ALT,,,791.0,Ap3,10.0,23.0,2.5949,1.501481484,dsp4sh_000144
43.74893,-92.85419,792,ALT-6-4,ALT-6,S2019MN99-F-ALT,4,20N01710,253,ALT,,,792.0,A,23.0,43.0,1.533,1.449065781,dsp4sh_000144
43.74893,-92.85419,793,ALT-6-5,ALT-6,S2019MN99-F-ALT,5,20N01711,253,ALT,,,793.0,2Bw1,43.0,70.0,0.7214,1.650733997,dsp4sh_000144
43.74893,-92.85419,794,ALT-6-6,ALT-6,S2019MN99-F-ALT,6,20N01712,253,ALT,,,794.0,2Bw2,70.0,104.0,0.4148,2.045955614,dsp4sh_000144
43.74876,-92.85348,795,ALT-7-1,ALT-7,S2019MN99-G-ALT,1,20N01713,254,ALT,,,795.0,Ap1,0.0,5.0,3.0791,1.121708074,dsp4sh_000143
43.74876,-92.85348,796,ALT-7-2,ALT-7,S2019MN99-G-ALT,2,20N01714,254,ALT,,,796.0,Ap2,5.0,10.0,3.3095,1.290616476,dsp4sh_000143
43.74876,-92.85348,797,ALT-7-3,ALT-7,S2019MN99-G-ALT,3,20N01715,254,ALT,,,797.0,Ap3,10.0,27.0,2.5249,1.454776207,dsp4sh_000143
43.74876,-92.85348,798,ALT-7-4,ALT-7,S2019MN99-G-ALT,4,20N01716,254,ALT,,,798.0,A,27.0,56.0,1.4338,1.55323598,dsp4sh_000143
43.74876,-92.85348,799,ALT-7-5,ALT-7,S2019MN99-G-ALT,5,20N01717,254,ALT,,,799.0,2Bw1,56.0,77.0,0.9288,2.091098037,dsp4sh_000143
43.74876,-92.85348,800,ALT-7-6,ALT-7,S2019MN99-G-ALT,6,20N01718,254,ALT,,,800.0,2Bw2,77.0,100.0,0.3246,1.81206857,dsp4sh_000143
43.74855,-92.85374,801,ALT-8-1,ALT-8,S2019MN99-H-ALT,1,20N01719,255,ALT,,,801.0,Ap1,0.0,5.0,3.0299,1.338764387,dsp4sh_000142
43.74855,-92.85374,802,ALT-8-2,ALT-8,S2019MN99-H-ALT,2,20N01720,255,ALT,,,802.0,Ap2,5.0,10.0,3.2103,1.456158731,dsp4sh_000142
43.74855,-92.85374,803,ALT-8-3,ALT-8,S2019MN99-H-ALT,3,20N01721,255,ALT,,,803.0,Ap3,10.0,23.0,2.3356,1.600061477,dsp4sh_000142
43.74855,-92.85374,804,ALT-8-4,ALT-8,S2019MN99-H-ALT,4,20N01722,255,ALT,,,804.0,BA,23.0,41.0,1.3617,1.534361518,dsp4sh_000142
43.74855,-92.85374,805,ALT-8-5,ALT-8,S2019MN99-H-ALT,5,20N01723,255,ALT,,,805.0,2Bw1,41.0,85.0,0.2886,2.01055097,dsp4sh_000142
43.74855,-92.85374,806,ALT-8-6,ALT-8,S2019MN99-H-ALT,6,20N01724,255,ALT,,,806.0,2Bw2,85.0,117.0,0.2164,1.963845693,dsp4sh_000142
43.749,-92.85341,807,ALT-9-1,ALT-9,S2019MN99-I-ALT,1,20N01725,256,ALT,,,807.0,Ap1,0.0,5.0,3.0299,1.303540072,dsp4sh_000146
43.749,-92.85341,808,ALT-9-2,ALT-9,S2019MN99-I-ALT,2,20N01726,256,ALT,,,808.0,Ap2,5.0,10.0,3.1923,1.483989546,dsp4sh_000146
43.749,-92.85341,809,ALT-9-3,ALT-9,S2019MN99-I-ALT,3,20N01727,256,ALT,,,809.0,Ap3,10.0,21.0,2.5249,1.563935516,dsp4sh_000146
43.749,-92.85341,810,ALT-9-4,ALT-9,S2019MN99-I-ALT,4,20N01728,256,ALT,,,810.0,A,21.0,46.0,1.6142,1.585815465,dsp4sh_000146
43.749,-92.85341,811,ALT-9-5,ALT-9,S2019MN99-I-ALT,5,20N01729,256,ALT,,,811.0,BA,46.0,72.0,1.5871,1.755445184,dsp4sh_000146
43.749,-92.85341,812,ALT-9-6,ALT-9,S2019MN99-I-ALT,6,20N01730,256,ALT,,,812.0,2Bw1,72.0,108.0,0.2976,1.925976549,dsp4sh_000146
43.746917,-92.845067,813,REF-1-1,REF-1,S2019MN99-A-REF,1,20N01731,257,REF,,,813.0,Ap1,0.0,5.0,5.7713,0.777339307,dsp4sh_000138
43.746917,-92.845067,814,REF-1-2,REF-1,S2019MN99-A-REF,2,20N01732,257,REF,,,814.0,Ap2,5.0,10.0,5.3114,0.982794438,dsp4sh_000138
43.746917,-92.845067,815,REF-1-3,REF-1,S2019MN99-A-REF,3,20N01733,257,REF,,,815.0,Ap3,10.0,24.0,4.3465,0.98225345,dsp4sh_000138
43.746917,-92.845067,816,REF-1-4,REF-1,S2019MN99-A-REF,4,20N01734,257,REF,,,816.0,2AB,24.0,42.0,4.2112,0.950335172,dsp4sh_000138
43.746917,-92.845067,817,REF-1-5,REF-1,S2019MN99-A-REF,5,20N01735,257,REF,,,817.0,2A/Bt1,42.0,70.0,3.4808,1.016696338,dsp4sh_000138
43.746917,-92.845067,818,REF-1-6,REF-1,S2019MN99-A-REF,6,20N01736,257,REF,,,818.0,2A/Bt2,70.0,92.0,1.7855,1.272162782,dsp4sh_000138
43.746917,-92.845067,819,REF-1-7,REF-1,S2019MN99-A-REF,7,20N01737,257,REF,,,819.0,3Bt3,92.0,161.0,0.532,1.514284861,dsp4sh_000138
43.7469,-92.8454,820,REF-2-1,REF-2,S2019MN99-B-REF,1,20N01738,258,REF,,,820.0,Ap1,0.0,5.0,5.7533,0.608430905,dsp4sh_000135
43.7469,-92.8454,821,REF-2-2,REF-2,S2019MN99-B-REF,2,20N01739,258,REF,,,821.0,Ap2,5.0,10.0,4.9958,0.97744467,dsp4sh_000135
43.7469,-92.8454,822,REF-2-3,REF-2,S2019MN99-B-REF,3,20N01740,258,REF,,,822.0,Ap3,10.0,26.0,4.7974,0.884094226,dsp4sh_000135
43.7469,-92.8454,823,REF-2-4,REF-2,S2019MN99-B-REF,4,20N01741,258,REF,,,823.0,A,26.0,62.0,4.0579,1.145271096,dsp4sh_000135
43.7469,-92.8454,824,REF-2-5,REF-2,S2019MN99-B-REF,5,20N01742,258,REF,,,824.0,AB,62.0,100.0,1.6502,1.518011666,dsp4sh_000135
43.746883,-92.84465,825,REF-3-1,REF-3,S2019MN99-C-REF,1,20N01743,259,REF,,,825.0,Ap1,0.0,5.0,5.9246,0.928094564,dsp4sh_000133
43.746883,-92.84465,826,REF-3-2,REF-3,S2019MN99-C-REF,2,20N01744,259,REF,,,826.0,Ap2,5.0,10.0,4.4187,0.758524955,dsp4sh_000133
43.746883,-92.84465,827,REF-3-3,REF-3,S2019MN99-C-REF,3,20N01745,259,REF,,,827.0,Ap3,10.0,36.0,4.1571,0.784792916,dsp4sh_000133
43.746883,-92.84465,828,REF-3-4,REF-3,S2019MN99-C-REF,4,20N01746,259,REF,,,828.0,A,36.0,62.0,3.8055,1.070494565,dsp4sh_000133
43.746883,-92.84465,829,REF-3-5,REF-3,S2019MN99-C-REF,5,20N01747,259,REF,,,829.0,AB,62.0,83.0,1.7584,1.208206006,dsp4sh_000133
43.746883,-92.84465,830,REF-3-6,REF-3,S2019MN99-C-REF,6,20N01748,259,REF,,,830.0,Bt1,83.0,93.0,0.9288,1.371944969,dsp4sh_000133
43.746883,-92.84465,831,REF-3-7,REF-3,S2019MN99-C-REF,7,20N01749,259,REF,,,831.0,Bt2,93.0,150.0,0.2435,1.479541425,dsp4sh_000133
43.746883,-92.84395,832,REF-4-1,REF-4,S2019MN99-D-REF,1,20N01750,260,REF,,,832.0,Ap1,0.0,5.0,6.3845,0.731535676,dsp4sh_000134
43.746883,-92.84395,833,REF-4-2,REF-4,S2019MN99-D-REF,2,20N01751,260,REF,,,833.0,Ap2,5.0,10.0,5.2573,0.923225674,dsp4sh_000134
43.746883,-92.84395,834,REF-4-3,REF-4,S2019MN99-D-REF,3,20N01752,260,REF,,,834.0,Ap3,10.0,29.0,4.608,0.822301401,dsp4sh_000134
43.746883,-92.84395,835,REF-4-4,REF-4,S2019MN99-D-REF,4,20N01753,260,REF,,,835.0,AB,29.0,51.0,3.3456,0.954061977,dsp4sh_000134
43.746883,-92.84395,836,REF-4-5,REF-4,S2019MN99-D-REF,5,20N01754,260,REF,,,836.0,2Bw1,51.0,70.0,2.3536,1.08149465,dsp4sh_000134
43.746883,-92.84395,837,REF-4-6,REF-4,S2019MN99-D-REF,6,20N01755,260,REF,,,837.0,2Bw2,70.0,130.0,0.4238,1.16612918,dsp4sh_000134
43.7469,-92.844333,838,REF-5-1,REF-5,S2019MN99-E-REF,1,20N01756,261,REF,,,838.0,Ap1,0.0,5.0,7.0157,0.772951295,dsp4sh_000136
43.7469,-92.844333,839,REF-5-2,REF-5,S2019MN99-E-REF,2,20N01757,261,REF,,,839.0,Ap2,5.0,10.0,4.8425,0.980630487,dsp4sh_000136
43.7469,-92.844333,840,REF-5-3,REF-5,S2019MN99-E-REF,3,20N01758,261,REF,,,840.0,Ap3,10.0,42.0,4.2654,0.883553238,dsp4sh_000136
43.7469,-92.844333,841,REF-5-4,REF-5,S2019MN99-E-REF,4,20N01759,261,REF,,,841.0,AB,42.0,78.0,2.3446,1.142385828,dsp4sh_000136
43.7469,-92.844333,842,REF-5-5,REF-5,S2019MN99-E-REF,5,20N01760,261,REF,,,842.0,2Bw1,78.0,148.0,0.4779,1.242648894,dsp4sh_000136
43.74685,-92.8436,843,REF-6-1,REF-6,S2019MN99-F-REF,1,20N01761,262,REF,,,843.0,Ap1,0.0,5.0,7.7732,0.790743782,dsp4sh_000130
43.74685,-92.8436,844,REF-6-2,REF-6,S2019MN99-F-REF,2,20N01762,262,REF,,,844.0,Ap2,5.0,10.0,4.8876,0.928154674,dsp4sh_000130
43.74685,-92.8436,845,REF-6-3,REF-6,S2019MN99-F-REF,3,20N01763,262,REF,,,845.0,Ap3,10.0,49.0,4.5359,0.958870757,dsp4sh_000130
43.74685,-92.8436,846,REF-6-4,REF-6,S2019MN99-F-REF,4,20N01764,262,REF,,,846.0,AB,49.0,72.0,1.9749,1.06448359,dsp4sh_000130
43.74685,-92.8436,847,REF-6-5,REF-6,S2019MN99-F-REF,5,20N01765,262,REF,,,847.0,Bw1,72.0,84.0,1.1092,1.415584649,dsp4sh_000130
43.74685,-92.8436,848,REF-6-6,REF-6,S2019MN99-F-REF,6,20N01766,262,REF,,,848.0,2Bw2,84.0,133.0,0.496,1.593269075,dsp4sh_000130
43.74685,-92.843,849,REF-7-1,REF-7,S2019MN99-G-REF,1,20N01767,263,REF,,,849.0,Ap1,0.0,5.0,6.2763,0.574288566,dsp4sh_000131
43.74685,-92.843,850,REF-7-2,REF-7,S2019MN99-G-REF,2,20N01768,263,REF,,,850.0,Ap2,5.0,10.0,4.8245,0.795071684,dsp4sh_000131
43.74685,-92.843,851,REF-7-3,REF-7,S2019MN99-G-REF,3,20N01769,263,REF,,,851.0,Ap3,10.0,35.0,4.0309,0.784372148,dsp4sh_000131
43.74685,-92.843,852,REF-7-4,REF-7,S2019MN99-G-REF,4,20N01770,263,REF,,,852.0,A,35.0,60.0,3.4989,1.13475189,dsp4sh_000131
43.74685,-92.843,853,REF-7-5,REF-7,S2019MN99-G-REF,5,20N01771,263,REF,,,853.0,Bw1,60.0,80.0,2.9848,1.336540326,dsp4sh_000131
43.74685,-92.843,854,REF-7-6,REF-7,S2019MN99-G-REF,6,20N01772,263,REF,,,854.0,2Bw2,80.0,132.0,0.2918,1.840560593,dsp4sh_000131
43.7469,-92.84325,855,REF-8-1,REF-8,S2019MN99-H-REF,1,20N01773,264,REF,,,855.0,Ap1,0.0,5.0,6.665,0.664513303,dsp4sh_000137
43.7469,-92.84325,856,REF-8-2,REF-8,S2019MN99-H-REF,2,20N01774,264,REF,,,856.0,Ap2,5.0,10.0,5.4797,0.895875737,dsp4sh_000137
43.7469,-92.84325,857,REF-8-3,REF-8,S2019MN99-H-REF,3,20N01775,264,REF,,,857.0,Ap3,10.0,33.0,4.4494,0.981712462,dsp4sh_000137
43.7469,-92.84325,858,REF-8-4,REF-8,S2019MN99-H-REF,4,20N01776,264,REF,,,858.0,A,33.0,52.0,3.1091,1.065625676,dsp4sh_000137
43.7469,-92.84325,859,REF-8-5,REF-8,S2019MN99-H-REF,5,20N01777,264,REF,,,859.0,Bw1,52.0,72.0,2.17,1.201413604,dsp4sh_000137
43.7469,-92.84325,860,REF-8-6,REF-8,S2019MN99-H-REF,6,20N01778,264,REF,,,860.0,2Bw2,72.0,115.0,0.6747,1.421836063,dsp4sh_000137
43.746867,-92.84265,861,REF-9-1,REF-9,S2019MN99-I-REF,1,20N01779,265,REF,,,861.0,Ap1,0.0,5.0,6.8382,0.593523687,dsp4sh_000132
43.746867,-92.84265,862,REF-9-2,REF-9,S2019MN99-I-REF,2,20N01780,265,REF,,,862.0,Ap2,5.0,10.0,5.2882,0.924608198,dsp4sh_000132
43.746867,-92.84265,863,REF-9-3,REF-9,S2019MN99-I-REF,3,20N01781,265,REF,,,863.0,Ap3,10.0,25.0,3.957,0.909039773,dsp4sh_000132
43.746867,-92.84265,864,REF-9-4,REF-9,S2019MN99-I-REF,4,20N01782,265,REF,,,864.0,A,25.0,52.0,3.6015,0.967466451,dsp4sh_000132
43.746867,-92.84265,865,REF-9-5,REF-9,S2019MN99-I-REF,5,20N01783,265,REF,,,865.0,Bw1,52.0,71.0,1.705,1.146172743,dsp4sh_000132
43.746867,-92.84265,866,REF-9-6,REF-9,S2019MN99-I-REF,6,20N01784,265,REF,,,866.0,2Bw2,71.0,126.0,0.3647,1.538509091,dsp4sh_000132
44.6361175,-123.2972812,867,JoF1-1-1,JoF1-1,S2019OR003001,1,19N03384,26,JoF1,1,S2019OR003001,867.0,A,0.0,5.0,4.253,0.59,dsp4sh_000161
44.6361175,-123.2972812,868,JoF1-1-2,JoF1-1,S2019OR003001,2,19N03385,26,JoF1,1,S2019OR003001,868.0,A,5.0,10.0,3.418,0.79,dsp4sh_000161
44.6361175,-123.2972812,869,JoF1-1-3,JoF1-1,S2019OR003001,3,19N03386,26,JoF1,1,S2019OR003001,869.0,BA,10.0,29.0,3.092,1.16,dsp4sh_000161
44.6361175,-123.2972812,870,JoF1-1-4,JoF1-1,S2019OR003001,4,19N03387,26,JoF1,1,S2019OR003001,870.0,Bt,29.0,45.0,2.024,1.36,dsp4sh_000161
44.6361175,-123.2972812,871,JoF1-1-5,JoF1-1,S2019OR003001,5,19N03388,26,JoF1,1,S2019OR003001,871.0,Bt,45.0,100.0,0.604,1.48,dsp4sh_000161
44.6362175,-123.2973802,872,JoF1-2-1,JoF1-2,S2019OR003001,1,,27,JoF1,2,S2019OR003001,872.0,A,0.0,5.0,3.171,0.59,dsp4sh_000162
44.6362175,-123.2973802,873,JoF1-2-2,JoF1-2,S2019OR003001,2,,27,JoF1,2,S2019OR003001,873.0,A,5.0,10.0,3.456,0.79,dsp4sh_000162
44.6362175,-123.2973802,874,JoF1-2-3,JoF1-2,S2019OR003001,3,,27,JoF1,2,S2019OR003001,874.0,BA,10.0,29.0,3.652,1.16,dsp4sh_000162
44.6362175,-123.2973802,875,JoF1-2-4,JoF1-2,S2019OR003001,4,,27,JoF1,2,S2019OR003001,875.0,Bt,29.0,45.0,2.508,1.36,dsp4sh_000162
44.6362175,-123.2973802,876,JoF1-2-5,JoF1-2,S2019OR003001,5,,27,JoF1,2,S2019OR003001,876.0,Bt,45.0,100.0,0.715,1.48,dsp4sh_000162
44.6358175,-123.2974823,877,JoF1-3-1,JoF1-3,S2019OR003001,1,,28,JoF1,3,S2019OR003001,877.0,A,0.0,5.0,4.832,0.59,dsp4sh_000160
44.6358175,-123.2974823,878,JoF1-3-2,JoF1-3,S2019OR003001,2,,28,JoF1,3,S2019OR003001,878.0,A,5.0,10.0,4.103,0.79,dsp4sh_000160
44.6358175,-123.2974823,879,JoF1-3-3,JoF1-3,S2019OR003001,3,,28,JoF1,3,S2019OR003001,879.0,BA,10.0,29.0,4.428,1.16,dsp4sh_000160
44.6358175,-123.2974823,880,JoF1-3-4,JoF1-3,S2019OR003001,4,,28,JoF1,3,S2019OR003001,880.0,Bt,29.0,45.0,2.685,1.36,dsp4sh_000160
44.6358175,-123.2974823,881,JoF1-3-5,JoF1-3,S2019OR003001,5,,28,JoF1,3,S2019OR003001,881.0,Bt,45.0,100.0,1.09,1.48,dsp4sh_000160
44.918413,-123.355451,882,JoF2-1-1,JoF2-1,S2019OR053002,1,19N03391,29,JoF2,1,S2019OR053002,882.0,A,0.0,5.0,4.559,0.77,dsp4sh_000172
44.918413,-123.355451,883,JoF2-1-2,JoF2-1,S2019OR053002,2,19N03392,29,JoF2,1,S2019OR053002,883.0,A,5.0,10.0,3.24,1.12,dsp4sh_000172
44.918413,-123.355451,884,JoF2-1-3,JoF2-1,S2019OR053002,3,19N03393,29,JoF2,1,S2019OR053002,884.0,A,10.0,30.0,2.282,1.26,dsp4sh_000172
44.918413,-123.355451,885,JoF2-1-4,JoF2-1,S2019OR053002,4,19N03394,29,JoF2,1,S2019OR053002,885.0,Bt,30.0,52.0,1.486,1.42,dsp4sh_000172
44.918413,-123.355451,886,JoF2-1-5,JoF2-1,S2019OR053002,5,19N03395,29,JoF2,1,S2019OR053002,886.0,Bt,52.0,100.0,0.988,1.32,dsp4sh_000172
44.918544,-123.355551,887,JoF2-2-1,JoF2-2,S2019OR053002,1,,30,JoF2,2,S2019OR053002,887.0,A,0.0,5.0,4.775,0.77,dsp4sh_000174
44.918544,-123.355551,888,JoF2-2-2,JoF2-2,S2019OR053002,2,,30,JoF2,2,S2019OR053002,888.0,A,5.0,10.0,4.159,1.12,dsp4sh_000174
44.918544,-123.355551,889,JoF2-2-3,JoF2-2,S2019OR053002,3,,30,JoF2,2,S2019OR053002,889.0,A,10.0,30.0,3.608,1.26,dsp4sh_000174
44.918544,-123.355551,890,JoF2-2-4,JoF2-2,S2019OR053002,4,,30,JoF2,2,S2019OR053002,890.0,Bt,30.0,52.0,1.788,1.42,dsp4sh_000174
44.918544,-123.355551,891,JoF2-2-5,JoF2-2,S2019OR053002,5,,30,JoF2,2,S2019OR053002,891.0,Bt,52.0,100.0,1.358,1.32,dsp4sh_000174
44.918514,-123.355451,892,JoF2-3-1,JoF2-3,S2019OR053002,1,,31,JoF2,3,S2019OR053002,892.0,A,0.0,5.0,4.703,0.77,dsp4sh_000173
44.918514,-123.355451,893,JoF2-3-2,JoF2-3,S2019OR053002,2,,31,JoF2,3,S2019OR053002,893.0,A,5.0,10.0,4.478,1.12,dsp4sh_000173
44.918514,-123.355451,894,JoF2-3-3,JoF2-3,S2019OR053002,3,,31,JoF2,3,S2019OR053002,894.0,A,10.0,30.0,3.216,1.26,dsp4sh_000173
44.918514,-123.355451,895,JoF2-3-4,JoF2-3,S2019OR053002,4,,31,JoF2,3,S2019OR053002,895.0,Bt,30.0,52.0,1.854,1.42,dsp4sh_000173
44.918514,-123.355451,896,JoF2-3-5,JoF2-3,S2019OR053002,5,,31,JoF2,3,S2019OR053002,896.0,Bt,52.0,100.0,1.353,1.32,dsp4sh_000173
44.737333,-123.27097,897,WoNT1-1-1,WoNT1-1,S2019OR053003,1,19N03398,32,WoNT1,1,S2019OR053003,897.0,A,0.0,5.0,3.094,1.2,dsp4sh_000164
44.737333,-123.27097,898,WoNT1-1-2,WoNT1-1,S2019OR053003,2,19N03399,32,WoNT1,1,S2019OR053003,898.0,A,5.0,10.0,2.861,1.32,dsp4sh_000164
44.737333,-123.27097,899,WoNT1-1-3,WoNT1-1,S2019OR053003,3,19N03400,32,WoNT1,1,S2019OR053003,899.0,AB,10.0,33.0,1.544,1.36,dsp4sh_000164
44.737333,-123.27097,900,WoNT1-1-4,WoNT1-1,S2019OR053003,4,19N03401,32,WoNT1,1,S2019OR053003,900.0,Bt,33.0,70.0,0.847,1.35,dsp4sh_000164
44.737333,-123.27097,901,WoNT1-1-5,WoNT1-1,S2019OR053003,5,19N03402,32,WoNT1,1,S2019OR053003,901.0,2Bt,70.0,90.0,0.464,1.5,dsp4sh_000164
44.737333,-123.27097,902,WoNT1-1-6,WoNT1-1,S2019OR053003,6,19N03403,32,WoNT1,1,S2019OR053003,902.0,2Bt,90.0,100.0,0.44,1.58,dsp4sh_000164
44.737333,-123.27107,903,WoNT1-2-1,WoNT1-2,S2019OR053003,1,,33,WoNT1,2,S2019OR053003,903.0,A,0.0,5.0,2.905,1.2,dsp4sh_000163
44.737333,-123.27107,904,WoNT1-2-2,WoNT1-2,S2019OR053003,2,,33,WoNT1,2,S2019OR053003,904.0,A,5.0,10.0,2.889,1.32,dsp4sh_000163
44.737333,-123.27107,905,WoNT1-2-3,WoNT1-2,S2019OR053003,3,,33,WoNT1,2,S2019OR053003,905.0,AB,10.0,33.0,1.292,1.36,dsp4sh_000163
44.737333,-123.27107,906,WoNT1-2-4,WoNT1-2,S2019OR053003,4,,33,WoNT1,2,S2019OR053003,906.0,Bt,33.0,70.0,0.584,1.35,dsp4sh_000163
44.737333,-123.27107,907,WoNT1-2-5,WoNT1-2,S2019OR053003,5,,33,WoNT1,2,S2019OR053003,907.0,2Bt,70.0,90.0,0.45,1.5,dsp4sh_000163
44.737333,-123.27107,908,WoNT1-2-6,WoNT1-2,S2019OR053003,6,,33,WoNT1,2,S2019OR053003,908.0,2Bt,90.0,100.0,0.54,1.58,dsp4sh_000163
44.737633,-123.27077,909,WoNT1-3-1,WoNT1-3,S2019OR053003,1,,34,WoNT1,3,S2019OR053003,909.0,A,0.0,5.0,2.825,1.2,dsp4sh_000165
44.737633,-123.27077,910,WoNT1-3-2,WoNT1-3,S2019OR053003,2,,34,WoNT1,3,S2019OR053003,910.0,A,5.0,10.0,2.336,1.32,dsp4sh_000165
44.737633,-123.27077,911,WoNT1-3-3,WoNT1-3,S2019OR053003,3,,34,WoNT1,3,S2019OR053003,911.0,AB,10.0,33.0,1.481,1.36,dsp4sh_000165
44.737633,-123.27077,912,WoNT1-3-4,WoNT1-3,S2019OR053003,4,,34,WoNT1,3,S2019OR053003,912.0,Bt,33.0,70.0,0.583,1.35,dsp4sh_000165
44.737633,-123.27077,913,WoNT1-3-5,WoNT1-3,S2019OR053003,5,,34,WoNT1,3,S2019OR053003,913.0,2Bt,70.0,90.0,0.435,1.5,dsp4sh_000165
44.737633,-123.27077,914,WoNT1-3-6,WoNT1-3,S2019OR053003,6,,34,WoNT1,3,S2019OR053003,914.0,2Bt,90.0,100.0,0.483,1.58,dsp4sh_000165
45.24882,-123.07116,915,JoV1-1-1,JoV1-1,S2019OR071004,1,19N03404,35,JoV1,1,S2019OR071004,915.0,A,0.0,5.0,3.364,1.37,dsp4sh_000206
45.24882,-123.07116,916,JoV1-1-2,JoV1-1,S2019OR071004,2,19N03405,35,JoV1,1,S2019OR071004,916.0,A,5.0,10.0,2.526,1.37,dsp4sh_000206
45.24882,-123.07116,917,JoV1-1-3,JoV1-1,S2019OR071004,3,19N03406,35,JoV1,1,S2019OR071004,917.0,AB,10.0,21.0,2.06,1.45,dsp4sh_000206
45.24882,-123.07116,918,JoV1-1-4,JoV1-1,S2019OR071004,4,19N03407,35,JoV1,1,S2019OR071004,918.0,Bt,21.0,42.0,1.471,1.45,dsp4sh_000206
45.24882,-123.07116,919,JoV1-1-5,JoV1-1,S2019OR071004,5,19N03408,35,JoV1,1,S2019OR071004,919.0,Bt,42.0,67.0,1.323,1.39,dsp4sh_000206
45.24882,-123.07116,920,JoV1-1-6,JoV1-1,S2019OR071004,6,19N03409,35,JoV1,1,S2019OR071004,920.0,Bt,67.0,100.0,0.845,1.41,dsp4sh_000206
45.24882,-123.07126,921,JoV1-2-1,JoV1-2,S2019OR071004,1,,36,JoV1,2,S2019OR071004,921.0,A,0.0,5.0,3.958,1.37,dsp4sh_000205
45.24882,-123.07126,922,JoV1-2-2,JoV1-2,S2019OR071004,2,,36,JoV1,2,S2019OR071004,922.0,A,5.0,10.0,2.927,1.37,dsp4sh_000205
45.24882,-123.07126,923,JoV1-2-3,JoV1-2,S2019OR071004,3,,36,JoV1,2,S2019OR071004,923.0,AB,10.0,21.0,2.097,1.45,dsp4sh_000205
45.24882,-123.07126,924,JoV1-2-4,JoV1-2,S2019OR071004,4,,36,JoV1,2,S2019OR071004,924.0,Bt,21.0,42.0,1.776,1.45,dsp4sh_000205
45.24882,-123.07126,925,JoV1-2-5,JoV1-2,S2019OR071004,5,,36,JoV1,2,S2019OR071004,925.0,Bt,42.0,67.0,1.077,1.39,dsp4sh_000205
45.24882,-123.07126,926,JoV1-2-6,JoV1-2,S2019OR071004,6,,36,JoV1,2,S2019OR071004,926.0,Bt,67.0,100.0,0.91,1.41,dsp4sh_000205
45.24912,-123.07096,927,JoV1-3-1,JoV1-3,S2019OR071004,1,,37,JoV1,3,S2019OR071004,927.0,A,0.0,5.0,2.107,1.37,dsp4sh_000207
45.24912,-123.07096,928,JoV1-3-2,JoV1-3,S2019OR071004,2,,37,JoV1,3,S2019OR071004,928.0,A,5.0,10.0,2.622,1.37,dsp4sh_000207
45.24912,-123.07096,929,JoV1-3-3,JoV1-3,S2019OR071004,3,,37,JoV1,3,S2019OR071004,929.0,AB,10.0,21.0,2.134,1.45,dsp4sh_000207
45.24912,-123.07096,930,JoV1-3-4,JoV1-3,S2019OR071004,4,,37,JoV1,3,S2019OR071004,930.0,Bt,21.0,42.0,1.73,1.45,dsp4sh_000207
45.24912,-123.07096,931,JoV1-3-5,JoV1-3,S2019OR071004,5,,37,JoV1,3,S2019OR071004,931.0,Bt,42.0,67.0,1.103,1.39,dsp4sh_000207
45.24912,-123.07096,932,JoV1-3-6,JoV1-3,S2019OR071004,6,,37,JoV1,3,S2019OR071004,932.0,Bt,67.0,100.0,1.679,1.41,dsp4sh_000207
45.2279,-122.96961,933,WoH1-1-1,WoH1-1,S2019OR047005,1,19N03411,38,WoH1,1,S2019OR047005,933.0,A,0.0,5.0,5.152,1.21,dsp4sh_000201
45.2279,-122.96961,934,WoH1-1-2,WoH1-1,S2019OR047005,2,19N03412,38,WoH1,1,S2019OR047005,934.0,A,5.0,10.0,2.26,1.34,dsp4sh_000201
45.2279,-122.96961,935,WoH1-1-3,WoH1-1,S2019OR047005,3,19N03413,38,WoH1,1,S2019OR047005,935.0,A,10.0,29.0,1.446,1.4,dsp4sh_000201
45.2279,-122.96961,936,WoH1-1-4,WoH1-1,S2019OR047005,4,19N03414,38,WoH1,1,S2019OR047005,936.0,Bt,29.0,51.0,1.214,1.44,dsp4sh_000201
45.2279,-122.96961,937,WoH1-1-5,WoH1-1,S2019OR047005,5,19N03415,38,WoH1,1,S2019OR047005,937.0,Btg,51.0,76.0,0.623,1.37,dsp4sh_000201
45.2279,-122.96961,938,WoH1-1-6,WoH1-1,S2019OR047005,6,19N03416,38,WoH1,1,S2019OR047005,938.0,Btg,76.0,100.0,0.18,1.37,dsp4sh_000201
45.2278,-122.96961,939,WoH1-2-1,WoH1-2,S2019OR047005,1,,39,WoH1,2,S2019OR047005,939.0,A,0.0,5.0,4.609,1.21,dsp4sh_000199
45.2278,-122.96961,940,WoH1-2-2,WoH1-2,S2019OR047005,2,,39,WoH1,2,S2019OR047005,940.0,A,5.0,10.0,2.347,1.34,dsp4sh_000199
45.2278,-122.96961,941,WoH1-2-3,WoH1-2,S2019OR047005,3,,39,WoH1,2,S2019OR047005,941.0,A,10.0,29.0,1.815,1.4,dsp4sh_000199
45.2278,-122.96961,942,WoH1-2-4,WoH1-2,S2019OR047005,4,,39,WoH1,2,S2019OR047005,942.0,Bt,29.0,51.0,0.512,1.44,dsp4sh_000199
45.2278,-122.96961,943,WoH1-2-5,WoH1-2,S2019OR047005,5,,39,WoH1,2,S2019OR047005,943.0,Btg,51.0,76.0,0.287,1.37,dsp4sh_000199
45.2278,-122.96961,944,WoH1-2-6,WoH1-2,S2019OR047005,6,,39,WoH1,2,S2019OR047005,944.0,Btg,76.0,100.0,0.251,1.37,dsp4sh_000199
45.2279,-122.96981,945,WoH1-3-1,WoH1-3,S2019OR047005,1,,40,WoH1,3,S2019OR047005,945.0,A,0.0,5.0,3.801,1.21,dsp4sh_000200
45.2279,-122.96981,946,WoH1-3-2,WoH1-3,S2019OR047005,2,,40,WoH1,3,S2019OR047005,946.0,A,5.0,10.0,2.118,1.34,dsp4sh_000200
45.2279,-122.96981,947,WoH1-3-3,WoH1-3,S2019OR047005,3,,40,WoH1,3,S2019OR047005,947.0,A,10.0,29.0,0.842,1.4,dsp4sh_000200
45.2279,-122.96981,948,WoH1-3-4,WoH1-3,S2019OR047005,4,,40,WoH1,3,S2019OR047005,948.0,Bt,29.0,51.0,0.358,1.44,dsp4sh_000200
45.2279,-122.96981,949,WoH1-3-5,WoH1-3,S2019OR047005,5,,40,WoH1,3,S2019OR047005,949.0,Btg,51.0,76.0,0.289,1.37,dsp4sh_000200
45.2279,-122.96981,950,WoH1-3-6,WoH1-3,S2019OR047005,6,,40,WoH1,3,S2019OR047005,950.0,Btg,76.0,100.0,0.159,1.37,dsp4sh_000200
45.231102,-122.964818,951,WoCT1-1-1,WoCT1-1,S2019OR047006,1,19N03418,41,WoCT1,1,S2019OR047006,951.0,Ap,0.0,5.0,1.934,1.28,dsp4sh_000202
45.231102,-122.964818,952,WoCT1-1-2,WoCT1-1,S2019OR047006,2,19N03419,41,WoCT1,1,S2019OR047006,952.0,Ap,5.0,10.0,1.828,1.27,dsp4sh_000202
45.231102,-122.964818,953,WoCT1-1-3,WoCT1-1,S2019OR047006,3,19N03420,41,WoCT1,1,S2019OR047006,953.0,Ap,10.0,16.0,1.863,1.27,dsp4sh_000202
45.231102,-122.964818,954,WoCT1-1-4,WoCT1-1,S2019OR047006,4,19N03421,41,WoCT1,1,S2019OR047006,954.0,Ap,16.0,33.0,1.202,1.28,dsp4sh_000202
45.231102,-122.964818,955,WoCT1-1-5,WoCT1-1,S2019OR047006,5,19N03422,41,WoCT1,1,S2019OR047006,955.0,Bt,33.0,65.0,0.457,1.29,dsp4sh_000202
45.231102,-122.964818,956,WoCT1-1-6,WoCT1-1,S2019OR047006,6,19N03423,41,WoCT1,1,S2019OR047006,956.0,Btg,65.0,90.0,0.309,1.3,dsp4sh_000202
45.231102,-122.964818,957,WoCT1-1-7,WoCT1-1,S2019OR047006,7,19N03424,41,WoCT1,1,S2019OR047006,957.0,Btg,90.0,100.0,0.217,1.34,dsp4sh_000202
45.231202,-122.964718,958,WoCT1-2-1,WoCT1-2,S2019OR047006,1,,42,WoCT1,2,S2019OR047006,958.0,Ap,0.0,5.0,2.012,1.28,dsp4sh_000203
45.231202,-122.964718,959,WoCT1-2-2,WoCT1-2,S2019OR047006,2,,42,WoCT1,2,S2019OR047006,959.0,Ap,5.0,10.0,1.737,1.27,dsp4sh_000203
45.231202,-122.964718,960,WoCT1-2-3,WoCT1-2,S2019OR047006,3,,42,WoCT1,2,S2019OR047006,960.0,Ap,10.0,16.0,1.523,1.27,dsp4sh_000203
45.231202,-122.964718,961,WoCT1-2-4,WoCT1-2,S2019OR047006,4,,42,WoCT1,2,S2019OR047006,961.0,Ap,16.0,33.0,1.283,1.28,dsp4sh_000203
45.231202,-122.964718,962,WoCT1-2-5,WoCT1-2,S2019OR047006,5,,42,WoCT1,2,S2019OR047006,962.0,Bt,33.0,65.0,0.452,1.29,dsp4sh_000203
45.231202,-122.964718,963,WoCT1-2-6,WoCT1-2,S2019OR047006,6,,42,WoCT1,2,S2019OR047006,963.0,Btg,65.0,90.0,0.311,1.3,dsp4sh_000203
45.231202,-122.964718,964,WoCT1-2-7,WoCT1-2,S2019OR047006,7,,42,WoCT1,2,S2019OR047006,964.0,Btg,90.0,100.0,0.227,1.34,dsp4sh_000203
45.231402,-122.964618,965,WoCT1-3-1,WoCT1-3,S2019OR047006,1,,43,WoCT1,3,S2019OR047006,965.0,Ap,0.0,5.0,1.838,1.28,dsp4sh_000204
45.231402,-122.964618,966,WoCT1-3-2,WoCT1-3,S2019OR047006,2,,43,WoCT1,3,S2019OR047006,966.0,Ap,5.0,10.0,1.731,1.27,dsp4sh_000204
45.231402,-122.964618,967,WoCT1-3-3,WoCT1-3,S2019OR047006,3,,43,WoCT1,3,S2019OR047006,967.0,Ap,10.0,16.0,1.448,1.27,dsp4sh_000204
45.231402,-122.964618,968,WoCT1-3-4,WoCT1-3,S2019OR047006,4,,43,WoCT1,3,S2019OR047006,968.0,Ap,16.0,33.0,1.125,1.28,dsp4sh_000204
45.231402,-122.964618,969,WoCT1-3-5,WoCT1-3,S2019OR047006,5,,43,WoCT1,3,S2019OR047006,969.0,Bt,33.0,65.0,0.426,1.29,dsp4sh_000204
45.231402,-122.964618,970,WoCT1-3-6,WoCT1-3,S2019OR047006,6,,43,WoCT1,3,S2019OR047006,970.0,Btg,65.0,90.0,0.218,1.3,dsp4sh_000204
45.231402,-122.964618,971,WoCT1-3-7,WoCT1-3,S2019OR047006,7,,43,WoCT1,3,S2019OR047006,971.0,Btg,90.0,100.0,0.296,1.34,dsp4sh_000204
45.07067,-123.21367,972,WoNT2-1-1,WoNT2-1,S2019OR053007,1,19N03426,44,WoNT2,1,S2019OR053007,972.0,Ap,0.0,5.0,2.819,1.19,dsp4sh_000191
45.07067,-123.21367,973,WoNT2-1-2,WoNT2-1,S2019OR053007,2,19N03427,44,WoNT2,1,S2019OR053007,973.0,Ap,5.0,10.0,2.084,1.43,dsp4sh_000191
45.07067,-123.21367,974,WoNT2-1-3,WoNT2-1,S2019OR053007,3,19N03428,44,WoNT2,1,S2019OR053007,974.0,Ap,10.0,33.0,1.726,1.5,dsp4sh_000191
45.07067,-123.21367,975,WoNT2-1-4,WoNT2-1,S2019OR053007,4,19N03429,44,WoNT2,1,S2019OR053007,975.0,Bt,33.0,61.0,1.009,1.41,dsp4sh_000191
45.07067,-123.21367,976,WoNT2-1-5,WoNT2-1,S2019OR053007,5,19N03430,44,WoNT2,1,S2019OR053007,976.0,Bt,61.0,79.0,0.594,1.35,dsp4sh_000191
45.07067,-123.21367,977,WoNT2-1-6,WoNT2-1,S2019OR053007,6,19N03431,44,WoNT2,1,S2019OR053007,977.0,Btg,79.0,100.0,0.335,1.28,dsp4sh_000191
45.07057,-123.21377,978,WoNT2-2-1,WoNT2-2,S2019OR053007,1,,45,WoNT2,2,S2019OR053007,978.0,Ap,0.0,5.0,2.272,1.19,dsp4sh_000190
45.07057,-123.21377,979,WoNT2-2-2,WoNT2-2,S2019OR053007,2,,45,WoNT2,2,S2019OR053007,979.0,Ap,5.0,10.0,2.17,1.43,dsp4sh_000190
45.07057,-123.21377,980,WoNT2-2-3,WoNT2-2,S2019OR053007,3,,45,WoNT2,2,S2019OR053007,980.0,Ap,10.0,33.0,1.8,1.5,dsp4sh_000190
45.07057,-123.21377,981,WoNT2-2-4,WoNT2-2,S2019OR053007,4,,45,WoNT2,2,S2019OR053007,981.0,Bt,33.0,61.0,0.876,1.41,dsp4sh_000190
45.07057,-123.21377,982,WoNT2-2-5,WoNT2-2,S2019OR053007,5,,45,WoNT2,2,S2019OR053007,982.0,Bt,61.0,79.0,0.46,1.35,dsp4sh_000190
45.07057,-123.21377,983,WoNT2-2-6,WoNT2-2,S2019OR053007,6,,45,WoNT2,2,S2019OR053007,983.0,Btg,79.0,100.0,0.249,1.28,dsp4sh_000190
45.07097,-123.21387,984,WoNT2-3-1,WoNT2-3,S2019OR053007,1,,46,WoNT2,3,S2019OR053007,984.0,Ap,0.0,5.0,2.402,1.19,dsp4sh_000192
45.07097,-123.21387,985,WoNT2-3-2,WoNT2-3,S2019OR053007,2,,46,WoNT2,3,S2019OR053007,985.0,Ap,5.0,10.0,1.467,1.43,dsp4sh_000192
45.07097,-123.21387,986,WoNT2-3-3,WoNT2-3,S2019OR053007,3,,46,WoNT2,3,S2019OR053007,986.0,Ap,10.0,33.0,1.782,1.5,dsp4sh_000192
45.07097,-123.21387,987,WoNT2-3-4,WoNT2-3,S2019OR053007,4,,46,WoNT2,3,S2019OR053007,987.0,Bt,33.0,61.0,0.932,1.41,dsp4sh_000192
45.07097,-123.21387,988,WoNT2-3-5,WoNT2-3,S2019OR053007,5,,46,WoNT2,3,S2019OR053007,988.0,Bt,61.0,79.0,0.546,1.35,dsp4sh_000192
45.07097,-123.21387,989,WoNT2-3-6,WoNT2-3,S2019OR053007,6,,46,WoNT2,3,S2019OR053007,989.0,Btg,79.0,100.0,0.282,1.28,dsp4sh_000192
45.074334,-123.213416,990,WoH2-1-1,WoH2-1,S2019OR053008,1,19N03433,47,WoH2,1,S2019OR053008,990.0,Ap,0.0,5.0,5.289,1.54,dsp4sh_000195
45.074334,-123.213416,991,WoH2-1-2,WoH2-1,S2019OR053008,2,19N03434,47,WoH2,1,S2019OR053008,991.0,Ap,5.0,10.0,1.881,1.58,dsp4sh_000195
45.074334,-123.213416,992,WoH2-1-3,WoH2-1,S2019OR053008,3,19N03435,47,WoH2,1,S2019OR053008,992.0,A,10.0,46.0,1.371,1.37,dsp4sh_000195
45.074334,-123.213416,993,WoH2-1-4,WoH2-1,S2019OR053008,4,19N03436,47,WoH2,1,S2019OR053008,993.0,AB,46.0,78.0,0.524,1.38,dsp4sh_000195
45.074334,-123.213416,994,WoH2-1-5,WoH2-1,S2019OR053008,5,19N03437,47,WoH2,1,S2019OR053008,994.0,Bt,78.0,100.0,0.324,1.26,dsp4sh_000195
45.074334,-123.213516,995,WoH2-2-1,WoH2-2,S2019OR053008,1,,48,WoH2,2,S2019OR053008,995.0,Ap,0.0,5.0,2.735,1.54,dsp4sh_000194
45.074334,-123.213516,996,WoH2-2-2,WoH2-2,S2019OR053008,2,,48,WoH2,2,S2019OR053008,996.0,Ap,5.0,10.0,1.472,1.58,dsp4sh_000194
45.074334,-123.213516,997,WoH2-2-3,WoH2-2,S2019OR053008,3,,48,WoH2,2,S2019OR053008,997.0,A,10.0,46.0,1.281,1.37,dsp4sh_000194
45.074334,-123.213516,998,WoH2-2-4,WoH2-2,S2019OR053008,4,,48,WoH2,2,S2019OR053008,998.0,AB,46.0,78.0,0.648,1.38,dsp4sh_000194
45.074334,-123.213516,999,WoH2-2-5,WoH2-2,S2019OR053008,5,,48,WoH2,2,S2019OR053008,999.0,Bt,78.0,100.0,0.318,1.26,dsp4sh_000194
45.074334,-123.213616,1000,WoH2-3-1,WoH2-3,S2019OR053008,1,,49,WoH2,3,S2019OR053008,1000.0,Ap,0.0,5.0,2.246,1.54,dsp4sh_000193
45.074334,-123.213616,1001,WoH2-3-2,WoH2-3,S2019OR053008,2,,49,WoH2,3,S2019OR053008,1001.0,Ap,5.0,10.0,1.563,1.58,dsp4sh_000193
45.074334,-123.213616,1002,WoH2-3-3,WoH2-3,S2019OR053008,3,,49,WoH2,3,S2019OR053008,1002.0,A,10.0,46.0,1.134,1.37,dsp4sh_000193
45.074334,-123.213616,1003,WoH2-3-4,WoH2-3,S2019OR053008,4,,49,WoH2,3,S2019OR053008,1003.0,AB,46.0,78.0,0.465,1.38,dsp4sh_000193
45.074334,-123.213616,1004,WoH2-3-5,WoH2-3,S2019OR053008,5,,49,WoH2,3,S2019OR053008,1004.0,Bt,78.0,100.0,0.309,1.26,dsp4sh_000193
44.4319,-123.33523,1005,JoXT1-1-1,JoXT1-1,S2019OR003009,1,19N03439,50,JoXT1,1,S2019OR003009,1005.0,Ap,0.0,5.0,3.006,1.4,dsp4sh_000159
44.4319,-123.33523,1006,JoXT1-1-2,JoXT1-1,S2019OR003009,2,19N03440,50,JoXT1,1,S2019OR003009,1006.0,Ap,5.0,10.0,3.085,1.23,dsp4sh_000159
44.4319,-123.33523,1007,JoXT1-1-3,JoXT1-1,S2019OR003009,3,19N03441,50,JoXT1,1,S2019OR003009,1007.0,Ap,10.0,25.0,2.719,1.19,dsp4sh_000159
44.4319,-123.33523,1008,JoXT1-1-4,JoXT1-1,S2019OR003009,4,19N03442,50,JoXT1,1,S2019OR003009,1008.0,AB,25.0,38.0,2.037,1.19,dsp4sh_000159
44.4319,-123.33523,1009,JoXT1-1-5,JoXT1-1,S2019OR003009,5,19N03443,50,JoXT1,1,S2019OR003009,1009.0,Bt,38.0,69.0,0.911,1.27,dsp4sh_000159
44.4319,-123.33523,1010,JoXT1-1-6,JoXT1-1,S2019OR003009,6,19N03444,50,JoXT1,1,S2019OR003009,1010.0,Bt,69.0,100.0,0.55,1.54,dsp4sh_000159
44.4318,-123.33533,1011,JoXT1-2-1,JoXT1-2,S2019OR003009,1,,51,JoXT1,2,S2019OR003009,1011.0,Ap,0.0,5.0,3.448,1.4,dsp4sh_000158
44.4318,-123.33533,1012,JoXT1-2-2,JoXT1-2,S2019OR003009,2,,51,JoXT1,2,S2019OR003009,1012.0,Ap,5.0,10.0,3.57,1.23,dsp4sh_000158
44.4318,-123.33533,1013,JoXT1-2-3,JoXT1-2,S2019OR003009,3,,51,JoXT1,2,S2019OR003009,1013.0,Ap,10.0,25.0,3.161,1.19,dsp4sh_000158
44.4318,-123.33533,1014,JoXT1-2-4,JoXT1-2,S2019OR003009,4,,51,JoXT1,2,S2019OR003009,1014.0,AB,25.0,38.0,2.452,1.19,dsp4sh_000158
44.4318,-123.33533,1015,JoXT1-2-5,JoXT1-2,S2019OR003009,5,,51,JoXT1,2,S2019OR003009,1015.0,Bt,38.0,69.0,1.492,1.27,dsp4sh_000158
44.4318,-123.33533,1016,JoXT1-2-6,JoXT1-2,S2019OR003009,6,,51,JoXT1,2,S2019OR003009,1016.0,Bt,69.0,100.0,0.723,1.54,dsp4sh_000158
44.4316,-123.33503,1017,JoXT1-3-1,JoXT1-3,S2019OR003009,1,,52,JoXT1,3,S2019OR003009,1017.0,Ap,0.0,5.0,3.583,1.4,dsp4sh_000157
44.4316,-123.33503,1018,JoXT1-3-2,JoXT1-3,S2019OR003009,2,,52,JoXT1,3,S2019OR003009,1018.0,Ap,5.0,10.0,3.585,1.23,dsp4sh_000157
44.4316,-123.33503,1019,JoXT1-3-3,JoXT1-3,S2019OR003009,3,,52,JoXT1,3,S2019OR003009,1019.0,Ap,10.0,25.0,3.648,1.19,dsp4sh_000157
44.4316,-123.33503,1020,JoXT1-3-4,JoXT1-3,S2019OR003009,4,,52,JoXT1,3,S2019OR003009,1020.0,AB,25.0,38.0,2.514,1.19,dsp4sh_000157
44.4316,-123.33503,1021,JoXT1-3-5,JoXT1-3,S2019OR003009,5,,52,JoXT1,3,S2019OR003009,1021.0,Bt,38.0,69.0,1.19,1.27,dsp4sh_000157
44.4316,-123.33503,1022,JoXT1-3-6,JoXT1-3,S2019OR003009,6,,52,JoXT1,3,S2019OR003009,1022.0,Bt,69.0,100.0,0.58,1.54,dsp4sh_000157
44.74261,-123.41895,1023,JoF3-1-1,JoF3-1,S2019OR053010,1,19N03448,53,JoF3,1,S2019OR053010,1023.0,A,0.0,5.0,5.004,0.66,dsp4sh_000167
44.74261,-123.41895,1024,JoF3-1-2,JoF3-1,S2019OR053010,2,19N03449,53,JoF3,1,S2019OR053010,1024.0,A,5.0,10.0,3.965,0.72,dsp4sh_000167
44.74261,-123.41895,1025,JoF3-1-3,JoF3-1,S2019OR053010,3,19N03450,53,JoF3,1,S2019OR053010,1025.0,A,10.0,43.0,2.713,1.33,dsp4sh_000167
44.74261,-123.41895,1026,JoF3-1-4,JoF3-1,S2019OR053010,4,19N03451,53,JoF3,1,S2019OR053010,1026.0,Bt,43.0,65.0,1.284,1.28,dsp4sh_000167
44.74261,-123.41895,1027,JoF3-1-5,JoF3-1,S2019OR053010,5,19N03452,53,JoF3,1,S2019OR053010,1027.0,Bt,65.0,100.0,0.461,1.44,dsp4sh_000167
44.74261,-123.41905,1028,JoF3-2-1,JoF3-2,S2019OR053010,1,,54,JoF3,2,S2019OR053010,1028.0,A,0.0,5.0,5.607,0.66,dsp4sh_000166
44.74261,-123.41905,1029,JoF3-2-2,JoF3-2,S2019OR053010,2,,54,JoF3,2,S2019OR053010,1029.0,A,5.0,10.0,5.189,0.72,dsp4sh_000166
44.74261,-123.41905,1030,JoF3-2-3,JoF3-2,S2019OR053010,3,,54,JoF3,2,S2019OR053010,1030.0,A,10.0,43.0,4.693,1.33,dsp4sh_000166
44.74261,-123.41905,1031,JoF3-2-4,JoF3-2,S2019OR053010,4,,54,JoF3,2,S2019OR053010,1031.0,Bt,43.0,65.0,1.679,1.28,dsp4sh_000166
44.74261,-123.41905,1032,JoF3-2-5,JoF3-2,S2019OR053010,5,,54,JoF3,2,S2019OR053010,1032.0,Bt,65.0,100.0,0.604,1.44,dsp4sh_000166
44.74261,-123.41875,1033,JoF3-3-1,JoF3-3,S2019OR053010,1,,55,JoF3,3,S2019OR053010,1033.0,A,0.0,5.0,5.943,0.66,dsp4sh_000168
44.74261,-123.41875,1034,JoF3-3-2,JoF3-3,S2019OR053010,2,,55,JoF3,3,S2019OR053010,1034.0,A,5.0,10.0,5.64,0.72,dsp4sh_000168
44.74261,-123.41875,1035,JoF3-3-3,JoF3-3,S2019OR053010,3,,55,JoF3,3,S2019OR053010,1035.0,A,10.0,43.0,3.578,1.33,dsp4sh_000168
44.74261,-123.41875,1036,JoF3-3-4,JoF3-3,S2019OR053010,4,,55,JoF3,3,S2019OR053010,1036.0,Bt,43.0,65.0,1.653,1.28,dsp4sh_000168
44.74261,-123.41875,1037,JoF3-3-5,JoF3-3,S2019OR053010,5,,55,JoF3,3,S2019OR053010,1037.0,Bt,65.0,100.0,0.519,1.44,dsp4sh_000168
45.251054,-123.049801,1038,JoV2-1-1,JoV2-1,S2019OR071011,1,19N03455,56,JoV2,1,S2019OR071011,1038.0,Ap,0.0,5.0,3.575,0.68,dsp4sh_000209
45.251054,-123.049801,1039,JoV2-1-2,JoV2-1,S2019OR071011,2,19N03456,56,JoV2,1,S2019OR071011,1039.0,Ap,5.0,10.0,2.394,1.34,dsp4sh_000209
45.251054,-123.049801,1040,JoV2-1-3,JoV2-1,S2019OR071011,3,19N03457,56,JoV2,1,S2019OR071011,1040.0,Ap,10.0,25.0,1.5,1.37,dsp4sh_000209
45.251054,-123.049801,1041,JoV2-1-4,JoV2-1,S2019OR071011,4,19N03458,56,JoV2,1,S2019OR071011,1041.0,Bt,25.0,49.0,0.67,1.6,dsp4sh_000209
45.251054,-123.049801,1042,JoV2-1-5,JoV2-1,S2019OR071011,5,19N03459,56,JoV2,1,S2019OR071011,1042.0,Bt,49.0,84.0,0.42,1.61,dsp4sh_000209
45.251054,-123.049801,1043,JoV2-1-6,JoV2-1,S2019OR071011,6,19N03460,56,JoV2,1,S2019OR071011,1043.0,2BC,84.0,100.0,0.487,1.32,dsp4sh_000209
45.250954,-123.049901,1044,JoV2-2-1,JoV2-2,S2019OR071011,1,,57,JoV2,2,S2019OR071011,1044.0,Ap,0.0,5.0,2.204,0.68,dsp4sh_000208
45.250954,-123.049901,1045,JoV2-2-2,JoV2-2,S2019OR071011,2,,57,JoV2,2,S2019OR071011,1045.0,Ap,5.0,10.0,2.209,1.34,dsp4sh_000208
45.250954,-123.049901,1046,JoV2-2-3,JoV2-2,S2019OR071011,3,,57,JoV2,2,S2019OR071011,1046.0,Ap,10.0,25.0,1.299,1.37,dsp4sh_000208
45.250954,-123.049901,1047,JoV2-2-4,JoV2-2,S2019OR071011,4,,57,JoV2,2,S2019OR071011,1047.0,Bt,25.0,49.0,0.761,1.6,dsp4sh_000208
45.250954,-123.049901,1048,JoV2-2-5,JoV2-2,S2019OR071011,5,,57,JoV2,2,S2019OR071011,1048.0,Bt,49.0,84.0,0.64,1.61,dsp4sh_000208
45.250954,-123.049901,1049,JoV2-2-6,JoV2-2,S2019OR071011,6,,57,JoV2,2,S2019OR071011,1049.0,2BC,84.0,100.0,0.655,1.32,dsp4sh_000208
45.251354,-123.049601,1050,JoV2-3-1,JoV2-3,S2019OR071011,1,,58,JoV2,3,S2019OR071011,1050.0,Ap,0.0,5.0,2.327,0.68,dsp4sh_000210
45.251354,-123.049601,1051,JoV2-3-2,JoV2-3,S2019OR071011,2,,58,JoV2,3,S2019OR071011,1051.0,Ap,5.0,10.0,1.919,1.34,dsp4sh_000210
45.251354,-123.049601,1052,JoV2-3-3,JoV2-3,S2019OR071011,3,,58,JoV2,3,S2019OR071011,1052.0,Ap,10.0,25.0,1.232,1.37,dsp4sh_000210
45.04997,-123.13708,1053,JoXT2-1-1,JoXT2-1,S2019OR053012,1,19N03461,59,JoXT2,1,S2019OR053012,1053.0,Ap,0.0,5.0,2.563,1.29,dsp4sh_000188
45.04997,-123.13708,1054,JoXT2-1-2,JoXT2-1,S2019OR053012,2,19N03462,59,JoXT2,1,S2019OR053012,1054.0,Ap,5.0,10.0,2.447,1.25,dsp4sh_000188
45.04997,-123.13708,1055,JoXT2-1-3,JoXT2-1,S2019OR053012,3,19N03463,59,JoXT2,1,S2019OR053012,1055.0,Ap,10.0,24.0,2.466,1.31,dsp4sh_000188
45.04997,-123.13708,1056,JoXT2-1-4,JoXT2-1,S2019OR053012,4,19N03464,59,JoXT2,1,S2019OR053012,1056.0,Bt,24.0,57.0,2.045,1.33,dsp4sh_000188
45.04997,-123.13708,1057,JoXT2-1-5,JoXT2-1,S2019OR053012,5,19N03465,59,JoXT2,1,S2019OR053012,1057.0,Bt,57.0,75.0,1.22,1.4,dsp4sh_000188
45.04997,-123.13708,1058,JoXT2-1-6,JoXT2-1,S2019OR053012,6,19N03466,59,JoXT2,1,S2019OR053012,1058.0,Bt,75.0,100.0,0.64,1.4,dsp4sh_000188
45.04987,-123.13718,1059,JoXT2-2-1,JoXT2-2,S2019OR053012,1,,60,JoXT2,2,S2019OR053012,1059.0,Ap,0.0,5.0,2.373,1.29,dsp4sh_000187
45.04987,-123.13718,1060,JoXT2-2-2,JoXT2-2,S2019OR053012,2,,60,JoXT2,2,S2019OR053012,1060.0,Ap,5.0,10.0,2.223,1.25,dsp4sh_000187
45.04987,-123.13718,1061,JoXT2-2-3,JoXT2-2,S2019OR053012,3,,60,JoXT2,2,S2019OR053012,1061.0,Ap,10.0,24.0,2.244,1.31,dsp4sh_000187
45.04987,-123.13718,1062,JoXT2-2-4,JoXT2-2,S2019OR053012,4,,60,JoXT2,2,S2019OR053012,1062.0,Bt,24.0,57.0,1.805,1.33,dsp4sh_000187
45.04987,-123.13718,1063,JoXT2-2-5,JoXT2-2,S2019OR053012,5,,60,JoXT2,2,S2019OR053012,1063.0,Bt,57.0,75.0,1.548,1.4,dsp4sh_000187
45.04987,-123.13718,1064,JoXT2-2-6,JoXT2-2,S2019OR053012,6,,60,JoXT2,2,S2019OR053012,1064.0,Bt,75.0,100.0,0.682,1.4,dsp4sh_000187
45.04997,-123.13688,1065,JoXT2-3-1,JoXT2-3,S2019OR053012,1,,61,JoXT2,3,S2019OR053012,1065.0,Ap,0.0,5.0,2.525,1.29,dsp4sh_000189
45.04997,-123.13688,1066,JoXT2-3-2,JoXT2-3,S2019OR053012,2,,61,JoXT2,3,S2019OR053012,1066.0,Ap,5.0,10.0,2.428,1.25,dsp4sh_000189
45.04997,-123.13688,1067,JoXT2-3-3,JoXT2-3,S2019OR053012,3,,61,JoXT2,3,S2019OR053012,1067.0,Ap,10.0,24.0,2.117,1.31,dsp4sh_000189
45.04997,-123.13688,1068,JoXT2-3-4,JoXT2-3,S2019OR053012,4,,61,JoXT2,3,S2019OR053012,1068.0,Bt,24.0,57.0,1.468,1.33,dsp4sh_000189
45.04997,-123.13688,1069,JoXT2-3-5,JoXT2-3,S2019OR053012,5,,61,JoXT2,3,S2019OR053012,1069.0,Bt,57.0,75.0,0.892,1.4,dsp4sh_000189
45.04997,-123.13688,1070,JoXT2-3-6,JoXT2-3,S2019OR053012,6,,61,JoXT2,3,S2019OR053012,1070.0,Bt,75.0,100.0,0.589,1.4,dsp4sh_000189
44.910377,-122.90909,1071,JoXT3-1-1,JoXT3-1,S2019OR047013,1,19N03468,62,JoXT3,1,S2019OR047013,1071.0,Ap,0.0,5.0,2.663,1.2,dsp4sh_000171
44.910377,-122.90909,1072,JoXT3-1-2,JoXT3-1,S2019OR047013,2,19N03469,62,JoXT3,1,S2019OR047013,1072.0,Ap,5.0,10.0,2.573,1.43,dsp4sh_000171
44.910377,-122.90909,1073,JoXT3-1-3,JoXT3-1,S2019OR047013,3,19N03470,62,JoXT3,1,S2019OR047013,1073.0,Ap,10.0,28.0,2.195,1.42,dsp4sh_000171
44.910377,-122.90909,1074,JoXT3-1-4,JoXT3-1,S2019OR047013,4,19N03471,62,JoXT3,1,S2019OR047013,1074.0,AB,28.0,60.0,1.197,1.26,dsp4sh_000171
44.910377,-122.90909,1075,JoXT3-1-5,JoXT3-1,S2019OR047013,5,19N03472,62,JoXT3,1,S2019OR047013,1075.0,BCt,60.0,100.0,0.693,1.21,dsp4sh_000171
44.910277,-122.90899,1076,JoXT3-2-1,JoXT3-2,S2019OR047013,1,,63,JoXT3,2,S2019OR047013,1076.0,Ap,0.0,5.0,2.702,1.2,dsp4sh_000170
44.910277,-122.90899,1077,JoXT3-2-2,JoXT3-2,S2019OR047013,2,,63,JoXT3,2,S2019OR047013,1077.0,Ap,5.0,10.0,2.755,1.43,dsp4sh_000170
44.910277,-122.90899,1078,JoXT3-2-3,JoXT3-2,S2019OR047013,3,,63,JoXT3,2,S2019OR047013,1078.0,Ap,10.0,28.0,2.215,1.42,dsp4sh_000170
44.910277,-122.90899,1079,JoXT3-2-4,JoXT3-2,S2019OR047013,4,,63,JoXT3,2,S2019OR047013,1079.0,AB,28.0,60.0,1.439,1.26,dsp4sh_000170
44.910277,-122.90899,1080,JoXT3-2-5,JoXT3-2,S2019OR047013,5,,63,JoXT3,2,S2019OR047013,1080.0,BCt,60.0,100.0,0.286,1.21,dsp4sh_000170
44.910077,-122.90889,1081,JoXT3-3-1,JoXT3-3,S2019OR047013,1,,64,JoXT3,3,S2019OR047013,1081.0,Ap,0.0,5.0,2.676,1.2,dsp4sh_000169
44.910077,-122.90889,1082,JoXT3-3-2,JoXT3-3,S2019OR047013,2,,64,JoXT3,3,S2019OR047013,1082.0,Ap,5.0,10.0,2.753,1.43,dsp4sh_000169
44.910077,-122.90889,1083,JoXT3-3-3,JoXT3-3,S2019OR047013,3,,64,JoXT3,3,S2019OR047013,1083.0,Ap,10.0,28.0,2.401,1.42,dsp4sh_000169
44.910077,-122.90889,1084,JoXT3-3-4,JoXT3-3,S2019OR047013,4,,64,JoXT3,3,S2019OR047013,1084.0,AB,28.0,60.0,1.524,1.26,dsp4sh_000169
44.910077,-122.90889,1085,JoXT3-3-5,JoXT3-3,S2019OR047013,5,,64,JoXT3,3,S2019OR047013,1085.0,BCt,60.0,100.0,0.641,1.21,dsp4sh_000169
45.037101,-123.130763,1086,JoV3-1-1,JoV3-1,S2019OR053014,1,19N03474,65,JoV3,1,S2019OR053014,1086.0,Ap,0.0,5.0,4.314,1.11,dsp4sh_000184
45.037101,-123.130763,1087,JoV3-1-2,JoV3-1,S2019OR053014,2,19N03475,65,JoV3,1,S2019OR053014,1087.0,Ap,5.0,10.0,2.935,1.28,dsp4sh_000184
45.037101,-123.130763,1088,JoV3-1-3,JoV3-1,S2019OR053014,3,19N03476,65,JoV3,1,S2019OR053014,1088.0,AB,10.0,56.0,1.834,1.34,dsp4sh_000184
45.037101,-123.130763,1089,JoV3-1-4,JoV3-1,S2019OR053014,4,19N03477,65,JoV3,1,S2019OR053014,1089.0,Bt,56.0,74.0,1.308,1.25,dsp4sh_000184
45.037101,-123.130763,1090,JoV3-1-5,JoV3-1,S2019OR053014,5,19N03478,65,JoV3,1,S2019OR053014,1090.0,Bt,74.0,100.0,0.908,1.4,dsp4sh_000184
45.037201,-123.130863,1091,JoV3-2-1,JoV3-2,S2019OR053014,1,,66,JoV3,2,S2019OR053014,1091.0,Ap,0.0,5.0,3.854,1.11,dsp4sh_000186
45.037201,-123.130863,1092,JoV3-2-2,JoV3-2,S2019OR053014,2,,66,JoV3,2,S2019OR053014,1092.0,Ap,5.0,10.0,2.601,1.28,dsp4sh_000186
45.037201,-123.130863,1093,JoV3-2-3,JoV3-2,S2019OR053014,3,,66,JoV3,2,S2019OR053014,1093.0,AB,10.0,56.0,1.891,1.34,dsp4sh_000186
45.037201,-123.130863,1094,JoV3-2-4,JoV3-2,S2019OR053014,4,,66,JoV3,2,S2019OR053014,1094.0,Bt,56.0,74.0,1.114,1.25,dsp4sh_000186
45.037201,-123.130863,1095,JoV3-2-5,JoV3-2,S2019OR053014,5,,66,JoV3,2,S2019OR053014,1095.0,Bt,74.0,100.0,1.03,1.4,dsp4sh_000186
45.037101,-123.130563,1096,JoV3-3-1,JoV3-3,S2019OR053014,1,,67,JoV3,3,S2019OR053014,1096.0,Ap,0.0,5.0,4.314,1.11,dsp4sh_000185
45.037101,-123.130563,1097,JoV3-3-2,JoV3-3,S2019OR053014,2,,67,JoV3,3,S2019OR053014,1097.0,Ap,5.0,10.0,2.844,1.28,dsp4sh_000185
45.037101,-123.130563,1098,JoV3-3-3,JoV3-3,S2019OR053014,3,,67,JoV3,3,S2019OR053014,1098.0,AB,10.0,56.0,1.951,1.34,dsp4sh_000185
45.037101,-123.130563,1099,JoV3-3-4,JoV3-3,S2019OR053014,4,,67,JoV3,3,S2019OR053014,1099.0,Bt,56.0,74.0,1.21,1.25,dsp4sh_000185
45.037101,-123.130563,1100,JoV3-3-5,JoV3-3,S2019OR053014,5,,67,JoV3,3,S2019OR053014,1100.0,Bt,74.0,100.0,0.902,1.4,dsp4sh_000185
44.94845,-122.86279,1101,WoH3-1-1,WoH3-1,S2019OR047015,1,19N03480,68,WoH3,1,S2019OR047015,1101.0,Ap,0.0,5.0,1.889,1.22,dsp4sh_000176
44.94845,-122.86279,1102,WoH3-1-2,WoH3-1,S2019OR047015,2,19N03481,68,WoH3,1,S2019OR047015,1102.0,Ap,5.0,10.0,1.381,1.56,dsp4sh_000176
44.94845,-122.86279,1103,WoH3-1-3,WoH3-1,S2019OR047015,3,19N03482,68,WoH3,1,S2019OR047015,1103.0,A,10.0,45.0,0.694,1.53,dsp4sh_000176
44.94845,-122.86279,1104,WoH3-1-4,WoH3-1,S2019OR047015,4,19N03483,68,WoH3,1,S2019OR047015,1104.0,Bt,45.0,95.0,0.282,1.4,dsp4sh_000176
44.94845,-122.86279,1105,WoH3-1-5,WoH3-1,S2019OR047015,5,19N03484,68,WoH3,1,S2019OR047015,1105.0,Bt,95.0,100.0,0.197,1.39,dsp4sh_000176
44.94855,-122.86289,1106,WoH3-2-1,WoH3-2,S2019OR047015,1,,69,WoH3,2,S2019OR047015,1106.0,Ap,0.0,5.0,3.528,1.22,dsp4sh_000177
44.94855,-122.86289,1107,WoH3-2-2,WoH3-2,S2019OR047015,2,,69,WoH3,2,S2019OR047015,1107.0,Ap,5.0,10.0,2.315,1.56,dsp4sh_000177
44.94855,-122.86289,1108,WoH3-2-3,WoH3-2,S2019OR047015,3,,69,WoH3,2,S2019OR047015,1108.0,A,10.0,45.0,0.664,1.53,dsp4sh_000177
44.94855,-122.86289,1109,WoH3-2-4,WoH3-2,S2019OR047015,4,,69,WoH3,2,S2019OR047015,1109.0,Bt,45.0,95.0,0.234,1.4,dsp4sh_000177
44.94855,-122.86289,1110,WoH3-2-5,WoH3-2,S2019OR047015,5,,69,WoH3,2,S2019OR047015,1110.0,Bt,95.0,100.0,0.233,1.39,dsp4sh_000177
44.94815,-122.86259,1111,WoH3-3-1,WoH3-3,S2019OR047015,1,,70,WoH3,3,S2019OR047015,1111.0,Ap,0.0,5.0,4.818,1.22,dsp4sh_000175
44.94815,-122.86259,1112,WoH3-3-2,WoH3-3,S2019OR047015,2,,70,WoH3,3,S2019OR047015,1112.0,Ap,5.0,10.0,2.477,1.56,dsp4sh_000175
44.94815,-122.86259,1113,WoH3-3-3,WoH3-3,S2019OR047015,3,,70,WoH3,3,S2019OR047015,1113.0,A,10.0,45.0,1.149,1.53,dsp4sh_000175
44.94815,-122.86259,1114,WoH3-3-4,WoH3-3,S2019OR047015,4,,70,WoH3,3,S2019OR047015,1114.0,Bt,45.0,95.0,0.385,1.4,dsp4sh_000175
44.94815,-122.86259,1115,WoH3-3-5,WoH3-3,S2019OR047015,5,,70,WoH3,3,S2019OR047015,1115.0,Bt,95.0,100.0,0.17,1.39,dsp4sh_000175
45.014134,-122.842842,1116,WoCT2-1-1,WoCT2-1,S2019OR047016,1,19N03486,71,WoCT2,1,S2019OR047016,1116.0,Ap,0.0,5.0,1.901,1.22,dsp4sh_000183
45.014134,-122.842842,1117,WoCT2-1-2,WoCT2-1,S2019OR047016,2,19N03487,71,WoCT2,1,S2019OR047016,1117.0,Ap,5.0,10.0,1.909,1.47,dsp4sh_000183
45.014134,-122.842842,1118,WoCT2-1-3,WoCT2-1,S2019OR047016,3,19N03488,71,WoCT2,1,S2019OR047016,1118.0,Ap,10.0,25.0,1.941,1.53,dsp4sh_000183
45.014134,-122.842842,1119,WoCT2-1-4,WoCT2-1,S2019OR047016,4,19N03489,71,WoCT2,1,S2019OR047016,1119.0,Bt,25.0,58.0,0.982,1.45,dsp4sh_000183
45.014134,-122.842842,1120,WoCT2-1-5,WoCT2-1,S2019OR047016,5,19N03490,71,WoCT2,1,S2019OR047016,1120.0,Btg,58.0,100.0,0.398,1.5,dsp4sh_000183
45.014034,-122.842742,1121,WoCT2-2-1,WoCT2-2,S2019OR047016,1,,72,WoCT2,2,S2019OR047016,1121.0,Ap,0.0,5.0,2.258,1.22,dsp4sh_000182
45.014034,-122.842742,1122,WoCT2-2-2,WoCT2-2,S2019OR047016,2,,72,WoCT2,2,S2019OR047016,1122.0,Ap,5.0,10.0,2.067,1.47,dsp4sh_000182
45.014034,-122.842742,1123,WoCT2-2-3,WoCT2-2,S2019OR047016,3,,72,WoCT2,2,S2019OR047016,1123.0,Ap,10.0,25.0,2.118,1.53,dsp4sh_000182
45.014034,-122.842742,1124,WoCT2-2-4,WoCT2-2,S2019OR047016,4,,72,WoCT2,2,S2019OR047016,1124.0,Bt,25.0,58.0,1.522,1.45,dsp4sh_000182
45.014034,-122.842742,1125,WoCT2-2-5,WoCT2-2,S2019OR047016,5,,72,WoCT2,2,S2019OR047016,1125.0,Btg,58.0,100.0,0.548,1.5,dsp4sh_000182
45.013834,-122.843042,1126,WoCT2-3-1,WoCT2-3,S2019OR047016,1,,73,WoCT2,3,S2019OR047016,1126.0,Ap,0.0,5.0,2.388,1.22,dsp4sh_000181
45.013834,-122.843042,1127,WoCT2-3-2,WoCT2-3,S2019OR047016,2,,73,WoCT2,3,S2019OR047016,1127.0,Ap,5.0,10.0,2.322,1.47,dsp4sh_000181
45.013834,-122.843042,1128,WoCT2-3-3,WoCT2-3,S2019OR047016,3,,73,WoCT2,3,S2019OR047016,1128.0,Ap,10.0,25.0,2.297,1.53,dsp4sh_000181
45.013834,-122.843042,1129,WoCT2-3-4,WoCT2-3,S2019OR047016,4,,73,WoCT2,3,S2019OR047016,1129.0,Bt,25.0,58.0,1.311,1.45,dsp4sh_000181
45.013834,-122.843042,1130,WoCT2-3-5,WoCT2-3,S2019OR047016,5,,73,WoCT2,3,S2019OR047016,1130.0,Btg,58.0,100.0,0.419,1.5,dsp4sh_000181
45.1251,-123.06167,1131,WoCT3-1-1,WoCT3-1,S2019OR071017,1,19N03492,74,WoCT3,1,S2019OR071017,1131.0,Ap,0.0,5.0,1.628,1.35,dsp4sh_000198
45.1251,-123.06167,1132,WoCT3-1-2,WoCT3-1,S2019OR071017,2,19N03493,74,WoCT3,1,S2019OR071017,1132.0,Ap,5.0,10.0,1.593,1.5,dsp4sh_000198
45.1251,-123.06167,1133,WoCT3-1-3,WoCT3-1,S2019OR071017,3,19N03494,74,WoCT3,1,S2019OR071017,1133.0,Ap,10.0,22.0,1.555,1.44,dsp4sh_000198
45.1251,-123.06167,1134,WoCT3-1-4,WoCT3-1,S2019OR071017,4,19N03495,74,WoCT3,1,S2019OR071017,1134.0,Bt,22.0,57.0,0.432,1.54,dsp4sh_000198
45.1251,-123.06167,1135,WoCT3-1-5,WoCT3-1,S2019OR071017,5,19N03496,74,WoCT3,1,S2019OR071017,1135.0,Bt,57.0,100.0,0.222,1.31,dsp4sh_000198
45.1251,-123.06201,1136,WoCT3-2-1,WoCT3-2,S2019OR071017,1,,75,WoCT3,2,S2019OR071017,1136.0,Ap,0.0,5.0,1.798,1.35,dsp4sh_000197
45.1251,-123.06201,1137,WoCT3-2-2,WoCT3-2,S2019OR071017,2,,75,WoCT3,2,S2019OR071017,1137.0,Ap,5.0,10.0,1.54,1.5,dsp4sh_000197
45.1251,-123.06201,1138,WoCT3-2-3,WoCT3-2,S2019OR071017,3,,75,WoCT3,2,S2019OR071017,1138.0,Ap,10.0,22.0,1.451,1.44,dsp4sh_000197
45.1251,-123.06201,1139,WoCT3-2-4,WoCT3-2,S2019OR071017,4,,75,WoCT3,2,S2019OR071017,1139.0,Bt,22.0,57.0,0.505,1.54,dsp4sh_000197
45.1251,-123.06201,1140,WoCT3-2-5,WoCT3-2,S2019OR071017,5,,75,WoCT3,2,S2019OR071017,1140.0,Bt,57.0,100.0,0.226,1.31,dsp4sh_000197
45.1248,-123.06134,1141,WoCT3-3-1,WoCT3-3,S2019OR071017,1,,76,WoCT3,3,S2019OR071017,1141.0,Ap,0.0,5.0,1.665,1.35,dsp4sh_000196
45.1248,-123.06134,1142,WoCT3-3-2,WoCT3-3,S2019OR071017,2,,76,WoCT3,3,S2019OR071017,1142.0,Ap,5.0,10.0,1.547,1.5,dsp4sh_000196
45.1248,-123.06134,1143,WoCT3-3-3,WoCT3-3,S2019OR071017,3,,76,WoCT3,3,S2019OR071017,1143.0,Ap,10.0,22.0,1.418,1.44,dsp4sh_000196
45.1248,-123.06134,1144,WoCT3-3-4,WoCT3-3,S2019OR071017,4,,76,WoCT3,3,S2019OR071017,1144.0,Bt,22.0,57.0,0.784,1.54,dsp4sh_000196
45.1248,-123.06134,1145,WoCT3-3-5,WoCT3-3,S2019OR071017,5,,76,WoCT3,3,S2019OR071017,1145.0,Bt,57.0,100.0,0.301,1.31,dsp4sh_000196
44.950981,-122.856544,1146,WoNT3-1-1,WoNT3-1,S2019OR047018,1,19N03498,77,WoNT3,1,S2019OR047018,1146.0,Ap,0.0,5.0,3.098,1.17,dsp4sh_000180
44.950981,-122.856544,1147,WoNT3-1-2,WoNT3-1,S2019OR047018,2,19N03499,77,WoNT3,1,S2019OR047018,1147.0,Ap,5.0,10.0,2.235,1.34,dsp4sh_000180
44.950981,-122.856544,1148,WoNT3-1-3,WoNT3-1,S2019OR047018,3,19N03500,77,WoNT3,1,S2019OR047018,1148.0,Ap,10.0,21.0,1.666,1.36,dsp4sh_000180
44.950981,-122.856544,1149,WoNT3-1-4,WoNT3-1,S2019OR047018,4,19N03501,77,WoNT3,1,S2019OR047018,1149.0,Bt,21.0,70.0,0.495,1.46,dsp4sh_000180
44.950981,-122.856544,1150,WoNT3-1-5,WoNT3-1,S2019OR047018,5,19N03502,77,WoNT3,1,S2019OR047018,1150.0,Bt,70.0,100.0,0.215,1.41,dsp4sh_000180
44.950981,-122.856644,1151,WoNT3-2-1,WoNT3-2,S2019OR047018,1,,78,WoNT3,2,S2019OR047018,1151.0,Ap,0.0,5.0,2.953,1.17,dsp4sh_000179
44.950981,-122.856644,1152,WoNT3-2-2,WoNT3-2,S2019OR047018,2,,78,WoNT3,2,S2019OR047018,1152.0,Ap,5.0,10.0,2.067,1.34,dsp4sh_000179
44.950981,-122.856644,1153,WoNT3-2-3,WoNT3-2,S2019OR047018,3,,78,WoNT3,2,S2019OR047018,1153.0,Ap,10.0,21.0,1.715,1.36,dsp4sh_000179
44.950981,-122.856644,1154,WoNT3-2-4,WoNT3-2,S2019OR047018,4,,78,WoNT3,2,S2019OR047018,1154.0,Bt,21.0,70.0,0.595,1.46,dsp4sh_000179
44.950981,-122.856644,1155,WoNT3-2-5,WoNT3-2,S2019OR047018,5,,78,WoNT3,2,S2019OR047018,1155.0,Bt,70.0,100.0,0.226,1.41,dsp4sh_000179
44.950981,-122.856744,1156,WoNT3-3-1,WoNT3-3,S2019OR047018,1,,79,WoNT3,3,S2019OR047018,1156.0,Ap,0.0,5.0,2.542,1.17,dsp4sh_000178
44.950981,-122.856744,1157,WoNT3-3-2,WoNT3-3,S2019OR047018,2,,79,WoNT3,3,S2019OR047018,1157.0,Ap,5.0,10.0,2.054,1.34,dsp4sh_000178
44.950981,-122.856744,1158,WoNT3-3-3,WoNT3-3,S2019OR047018,3,,79,WoNT3,3,S2019OR047018,1158.0,Ap,10.0,21.0,1.456,1.36,dsp4sh_000178
44.950981,-122.856744,1159,WoNT3-3-4,WoNT3-3,S2019OR047018,4,,79,WoNT3,3,S2019OR047018,1159.0,Bt,21.0,70.0,0.671,1.46,dsp4sh_000178
44.950981,-122.856744,1160,WoNT3-3-5,WoNT3-3,S2019OR047018,5,,79,WoNT3,3,S2019OR047018,1160.0,Bt,70.0,100.0,0.231,1.41,dsp4sh_000178
39.866062,-88.798131,1161,IL-115-SW-WDFLD-001-1-051220,IL-115-SW-WDFLD-001,IL-115-SW-WDFLD-001,1,,1,IL-115-SW-WDFLD,1,,1161.0,,0.0,5.0,2.5792,1.019267248,dsp4sh_000077
39.866062,-88.798131,1162,IL-115-SW-WDFLD-001-2-051220,IL-115-SW-WDFLD-001,IL-115-SW-WDFLD-001,2,,1,IL-115-SW-WDFLD,1,,1162.0,,5.0,10.0,2.6935,1.656952954,dsp4sh_000077
39.866062,-88.798131,1163,IL-115-SW-WDFLD-001-3-051220,IL-115-SW-WDFLD-001,IL-115-SW-WDFLD-001,3,,1,IL-115-SW-WDFLD,1,,1163.0,,10.0,20.0,2.1485,1.524652906,dsp4sh_000077
39.866062,-88.798131,1164,IL-115-SW-WDFLD-001-4-051220,IL-115-SW-WDFLD-001,IL-115-SW-WDFLD-001,4,,1,IL-115-SW-WDFLD,1,,1164.0,,20.0,30.0,1.8252,1.62548793,dsp4sh_000077
39.866062,-88.798131,1165,IL-115-SW-WDFLD-001-5-051220,IL-115-SW-WDFLD-001,IL-115-SW-WDFLD-001,5,,1,IL-115-SW-WDFLD,1,,1165.0,,30.0,50.0,0.9631,1.584755248,dsp4sh_000077
39.866062,-88.798131,1166,IL-115-SW-WDFLD-001-6-051220,IL-115-SW-WDFLD-001,IL-115-SW-WDFLD-001,6,,1,IL-115-SW-WDFLD,1,,1166.0,,50.0,100.0,0.5345,1.602585594,dsp4sh_000077
39.865395,-88.799917,1167,IL-115-SW-WDFLD-002-1-051220,IL-115-SW-WDFLD-002,IL-115-SW-WDFLD-002,1,,2,IL-115-SW-WDFLD,2,,1167.0,,0.0,5.0,3.1046,0.926176463,dsp4sh_000076
39.865395,-88.799917,1168,IL-115-SW-WDFLD-002-2-051220,IL-115-SW-WDFLD-002,IL-115-SW-WDFLD-002,2,,2,IL-115-SW-WDFLD,2,,1168.0,,5.0,10.0,2.4034,1.515364479,dsp4sh_000076
39.865395,-88.799917,1169,IL-115-SW-WDFLD-002-3-051220,IL-115-SW-WDFLD-002,IL-115-SW-WDFLD-002,3,,2,IL-115-SW-WDFLD,2,,1169.0,,10.0,20.0,2.0947,1.681043535,dsp4sh_000076
39.865395,-88.799917,1170,IL-115-SW-WDFLD-002-4-051220,IL-115-SW-WDFLD-002,IL-115-SW-WDFLD-002,4,,2,IL-115-SW-WDFLD,2,,1170.0,,20.0,30.0,2.1559,1.511683267,dsp4sh_000076
39.865395,-88.799917,1171,IL-115-SW-WDFLD-002-5-051220,IL-115-SW-WDFLD-002,IL-115-SW-WDFLD-002,5,,2,IL-115-SW-WDFLD,2,,1171.0,,30.0,50.0,1.2658,1.569032727,dsp4sh_000076
39.865395,-88.799917,1172,IL-115-SW-WDFLD-002-6-051220,IL-115-SW-WDFLD-002,IL-115-SW-WDFLD-002,6,,2,IL-115-SW-WDFLD,2,,1172.0,,50.0,100.0,0.5481,1.620441523,dsp4sh_000076
39.868482,-88.798039,1173,IL-115-SW-WDFLD-003-1-051220,IL-115-SW-WDFLD-003,IL-115-SW-WDFLD-003,1,,3,IL-115-SW-WDFLD,3,,1173.0,,0.0,5.0,2.7563,0.934091939,dsp4sh_000078
39.868482,-88.798039,1174,IL-115-SW-WDFLD-003-2-051220,IL-115-SW-WDFLD-003,IL-115-SW-WDFLD-003,2,,3,IL-115-SW-WDFLD,3,,1174.0,,5.0,10.0,2.5989,1.455328051,dsp4sh_000078
39.868482,-88.798039,1175,IL-115-SW-WDFLD-003-3-051220,IL-115-SW-WDFLD-003,IL-115-SW-WDFLD-003,3,,3,IL-115-SW-WDFLD,3,,1175.0,,10.0,20.0,2.2961,1.503943493,dsp4sh_000078
39.868482,-88.798039,1176,IL-115-SW-WDFLD-003-4-051220,IL-115-SW-WDFLD-003,IL-115-SW-WDFLD-003,4,,3,IL-115-SW-WDFLD,3,,1176.0,,20.0,30.0,1.9841,1.600976084,dsp4sh_000078
39.868482,-88.798039,1177,IL-115-SW-WDFLD-003-5-051220,IL-115-SW-WDFLD-003,IL-115-SW-WDFLD-003,5,,3,IL-115-SW-WDFLD,3,,1177.0,,30.0,50.0,1.138,1.581240828,dsp4sh_000078
39.868482,-88.798039,1178,IL-115-SW-WDFLD-003-6-051220,IL-115-SW-WDFLD-003,IL-115-SW-WDFLD-003,6,,3,IL-115-SW-WDFLD,3,,1178.0,,50.0,100.0,0.5738,1.588602416,dsp4sh_000078
39.895068,-88.745608,1179,IL-115-SW-ETAL-001-1-051220,IL-115-SW-ETAL-001,IL-115-SW-ETAL-001,1,,4,IL-115-SW-ETAL,1,,1179.0,,0.0,5.0,2.6549,1.059745323,dsp4sh_000082
39.895068,-88.745608,1180,IL-115-SW-ETAL-001-2-051220,IL-115-SW-ETAL-001,IL-115-SW-ETAL-001,2,,4,IL-115-SW-ETAL,1,,1180.0,,5.0,10.0,2.4984,1.577562333,dsp4sh_000082
39.895068,-88.745608,1181,IL-115-SW-ETAL-001-3-051220,IL-115-SW-ETAL-001,IL-115-SW-ETAL-001,3,,4,IL-115-SW-ETAL,1,,1181.0,,10.0,20.0,2.0329,1.517352536,dsp4sh_000082
39.895068,-88.745608,1182,IL-115-SW-ETAL-001-4-051220,IL-115-SW-ETAL-001,IL-115-SW-ETAL-001,4,,4,IL-115-SW-ETAL,1,,1182.0,,20.0,30.0,2.0891,1.578291924,dsp4sh_000082
39.895068,-88.745608,1183,IL-115-SW-ETAL-001-5-051220,IL-115-SW-ETAL-001,IL-115-SW-ETAL-001,5,,4,IL-115-SW-ETAL,1,,1183.0,,30.0,50.0,1.7621,1.478370287,dsp4sh_000082
39.895068,-88.745608,1184,IL-115-SW-ETAL-001-6-051220,IL-115-SW-ETAL-001,IL-115-SW-ETAL-001,6,,4,IL-115-SW-ETAL,1,,1184.0,,50.0,100.0,0.756,1.542211322,dsp4sh_000082
39.895384,-88.746645,1185,IL-115-SW-ETAL-002-1-051220,IL-115-SW-ETAL-002,IL-115-SW-ETAL-002,1,,5,IL-115-SW-ETAL,2,,1185.0,,0.0,5.0,2.3544,1.008040096,dsp4sh_000083
39.895384,-88.746645,1186,IL-115-SW-ETAL-002-2-051220,IL-115-SW-ETAL-002,IL-115-SW-ETAL-002,2,,5,IL-115-SW-ETAL,2,,1186.0,,5.0,10.0,2.029,1.522847525,dsp4sh_000083
39.895384,-88.746645,1187,IL-115-SW-ETAL-002-3-051220,IL-115-SW-ETAL-002,IL-115-SW-ETAL-002,3,,5,IL-115-SW-ETAL,2,,1187.0,,10.0,20.0,1.5743,1.536589828,dsp4sh_000083
39.895384,-88.746645,1188,IL-115-SW-ETAL-002-4-051220,IL-115-SW-ETAL-002,IL-115-SW-ETAL-002,4,,5,IL-115-SW-ETAL,2,,1188.0,,20.0,30.0,1.6515,1.601544033,dsp4sh_000083
39.895384,-88.746645,1189,IL-115-SW-ETAL-002-5-051220,IL-115-SW-ETAL-002,IL-115-SW-ETAL-002,5,,5,IL-115-SW-ETAL,2,,1189.0,,30.0,50.0,1.3775,1.490996178,dsp4sh_000083
39.895384,-88.746645,1190,IL-115-SW-ETAL-002-6-051220,IL-115-SW-ETAL-002,IL-115-SW-ETAL-002,6,,5,IL-115-SW-ETAL,2,,1190.0,,50.0,100.0,0.5047,1.547465262,dsp4sh_000083
39.90146,-88.746587,1191,IL-115-SW-ETAL-003-1-051220,IL-115-SW-ETAL-003,IL-115-SW-ETAL-003,1,,6,IL-115-SW-ETAL,3,,1191.0,,0.0,5.0,2.5469,1.061123714,dsp4sh_000087
39.90146,-88.746587,1192,IL-115-SW-ETAL-003-2-051220,IL-115-SW-ETAL-003,IL-115-SW-ETAL-003,2,,6,IL-115-SW-ETAL,3,,1192.0,,5.0,10.0,2.3649,1.422961803,dsp4sh_000087
39.90146,-88.746587,1193,IL-115-SW-ETAL-003-3-051220,IL-115-SW-ETAL-003,IL-115-SW-ETAL-003,3,,6,IL-115-SW-ETAL,3,,1193.0,,10.0,20.0,1.9489,1.553405381,dsp4sh_000087
39.90146,-88.746587,1194,IL-115-SW-ETAL-003-4-051220,IL-115-SW-ETAL-003,IL-115-SW-ETAL-003,4,,6,IL-115-SW-ETAL,3,,1194.0,,20.0,30.0,1.7361,1.520182194,dsp4sh_000087
39.90146,-88.746587,1195,IL-115-SW-ETAL-003-5-051220,IL-115-SW-ETAL-003,IL-115-SW-ETAL-003,5,,6,IL-115-SW-ETAL,3,,1195.0,,30.0,50.0,1.1333,1.622686839,dsp4sh_000087
39.90146,-88.746587,1196,IL-115-SW-ETAL-003-6-051220,IL-115-SW-ETAL-003,IL-115-SW-ETAL-003,6,,6,IL-115-SW-ETAL,3,,1196.0,,50.0,100.0,0.4033,1.594135287,dsp4sh_000087
39.876683,-88.700021,1197,IL-147-SW-TS-001-1-051220,IL-147-SW-TS-001,IL-147-SW-TS-001,1,,7,IL-147-SW-TS,1,,1197.0,,0.0,5.0,3.0601,1.176885435,dsp4sh_000079
39.876683,-88.700021,1198,IL-147-SW-TS-001-2-051220,IL-147-SW-TS-001,IL-147-SW-TS-001,2,,7,IL-147-SW-TS,1,,1198.0,,5.0,10.0,2.8926,1.499133067,dsp4sh_000079
39.876683,-88.700021,1199,IL-147-SW-TS-001-3-051220,IL-147-SW-TS-001,IL-147-SW-TS-001,3,,7,IL-147-SW-TS,1,,1199.0,,10.0,20.0,2.1176,1.625939676,dsp4sh_000079
39.876683,-88.700021,1200,IL-147-SW-TS-001-4-051220,IL-147-SW-TS-001,IL-147-SW-TS-001,4,,7,IL-147-SW-TS,1,,1200.0,,20.0,30.0,1.2362,1.499337687,dsp4sh_000079
39.876683,-88.700021,1201,IL-147-SW-TS-001-5-051220,IL-147-SW-TS-001,IL-147-SW-TS-001,5,,7,IL-147-SW-TS,1,,1201.0,,30.0,50.0,0.7537,1.573813969,dsp4sh_000079
39.876683,-88.700021,1202,IL-147-SW-TS-001-6-051220,IL-147-SW-TS-001,IL-147-SW-TS-001,6,,7,IL-147-SW-TS,1,,1202.0,,50.0,100.0,0.3595,1.672023687,dsp4sh_000079
39.878541,-88.700776,1203,IL-147-SW-TS-002-1-051220,IL-147-SW-TS-002,IL-147-SW-TS-002,1,,8,IL-147-SW-TS,2,,1203.0,,0.0,5.0,3.0029,1.151373061,dsp4sh_000081
39.878541,-88.700776,1204,IL-147-SW-TS-002-2-051220,IL-147-SW-TS-002,IL-147-SW-TS-002,2,,8,IL-147-SW-TS,2,,1204.0,,5.0,10.0,2.7491,1.523168736,dsp4sh_000081
39.878541,-88.700776,1205,IL-147-SW-TS-002-3-051220,IL-147-SW-TS-002,IL-147-SW-TS-002,3,,8,IL-147-SW-TS,2,,1205.0,,10.0,20.0,2.447,1.57216405,dsp4sh_000081
39.878541,-88.700776,1206,IL-147-SW-TS-002-4-051220,IL-147-SW-TS-002,IL-147-SW-TS-002,4,,8,IL-147-SW-TS,2,,1206.0,,20.0,30.0,1.7177,1.653609766,dsp4sh_000081
39.878541,-88.700776,1207,IL-147-SW-TS-002-5-051220,IL-147-SW-TS-002,IL-147-SW-TS-002,5,,8,IL-147-SW-TS,2,,1207.0,,30.0,50.0,0.9202,1.644970098,dsp4sh_000081
39.878541,-88.700776,1208,IL-147-SW-TS-002-6-051220,IL-147-SW-TS-002,IL-147-SW-TS-002,6,,8,IL-147-SW-TS,2,,1208.0,,50.0,100.0,0.5015,1.634516266,dsp4sh_000081
39.878261,-88.705988,1209,IL-147-SW-TS-003-1-051220,IL-147-SW-TS-003,IL-147-SW-TS-003,1,,9,IL-147-SW-TS,3,,1209.0,,0.0,5.0,3.3031,0.952734709,dsp4sh_000080
39.878261,-88.705988,1210,IL-147-SW-TS-003-2-051220,IL-147-SW-TS-003,IL-147-SW-TS-003,2,,9,IL-147-SW-TS,3,,1210.0,,5.0,10.0,2.8432,1.528427853,dsp4sh_000080
39.878261,-88.705988,1211,IL-147-SW-TS-003-3-051220,IL-147-SW-TS-003,IL-147-SW-TS-003,3,,9,IL-147-SW-TS,3,,1211.0,,10.0,20.0,2.5826,1.530007981,dsp4sh_000080
39.878261,-88.705988,1212,IL-147-SW-TS-003-4-051220,IL-147-SW-TS-003,IL-147-SW-TS-003,4,,9,IL-147-SW-TS,3,,1212.0,,20.0,30.0,1.8733,1.803756022,dsp4sh_000080
39.878261,-88.705988,1213,IL-147-SW-TS-003-5-051220,IL-147-SW-TS-003,IL-147-SW-TS-003,5,,9,IL-147-SW-TS,3,,1213.0,,30.0,50.0,0.9032,1.584431446,dsp4sh_000080
39.878261,-88.705988,1214,IL-147-SW-TS-003-6-051220,IL-147-SW-TS-003,IL-147-SW-TS-003,6,,9,IL-147-SW-TS,3,,1214.0,,50.0,100.0,0.6017,1.613483464,dsp4sh_000080
39.895694,-88.743611,1215,IL-147-SW-CRP-001-1-051220,IL-147-SW-CRP-001,IL-147-SW-CRP-001,1,,10,IL-147-SW-CRP,1,,1215.0,,0.0,5.0,2.5714,1.447685892,dsp4sh_000084
39.895694,-88.743611,1216,IL-147-SW-CRP-001-2-051220,IL-147-SW-CRP-001,IL-147-SW-CRP-001,2,,10,IL-147-SW-CRP,1,,1216.0,,5.0,10.0,2.6715,1.888319016,dsp4sh_000084
39.895694,-88.743611,1217,IL-147-SW-CRP-001-3-051220,IL-147-SW-CRP-001,IL-147-SW-CRP-001,3,,10,IL-147-SW-CRP,1,,1217.0,,10.0,20.0,1.9202,1.777285093,dsp4sh_000084
39.895694,-88.743611,1218,IL-147-SW-CRP-001-4-051220,IL-147-SW-CRP-001,IL-147-SW-CRP-001,4,,10,IL-147-SW-CRP,1,,1218.0,,20.0,30.0,2.2045,1.411527091,dsp4sh_000084
39.895694,-88.743611,1219,IL-147-SW-CRP-001-5-051220,IL-147-SW-CRP-001,IL-147-SW-CRP-001,5,,10,IL-147-SW-CRP,1,,1219.0,,30.0,50.0,1.3573,1.580779661,dsp4sh_000084
39.895694,-88.743611,1220,IL-147-SW-CRP-001-6-051220,IL-147-SW-CRP-001,IL-147-SW-CRP-001,6,,10,IL-147-SW-CRP,1,,1220.0,,50.0,100.0,0.5528,1.615054336,dsp4sh_000084
39.896889,-88.743611,1221,IL-147-SW-CRP-002-1-051220,IL-147-SW-CRP-002,IL-147-SW-CRP-002,1,,11,IL-147-SW-CRP,2,,1221.0,,0.0,5.0,2.4815,1.052235458,dsp4sh_000085
39.896889,-88.743611,1222,IL-147-SW-CRP-002-2-051220,IL-147-SW-CRP-002,IL-147-SW-CRP-002,2,,11,IL-147-SW-CRP,2,,1222.0,,5.0,10.0,2.0058,1.538188252,dsp4sh_000085
39.896889,-88.743611,1223,IL-147-SW-CRP-002-3-051220,IL-147-SW-CRP-002,IL-147-SW-CRP-002,3,,11,IL-147-SW-CRP,2,,1223.0,,10.0,20.0,1.8113,1.489643023,dsp4sh_000085
39.896889,-88.743611,1224,IL-147-SW-CRP-002-4-051220,IL-147-SW-CRP-002,IL-147-SW-CRP-002,4,,11,IL-147-SW-CRP,2,,1224.0,,20.0,30.0,1.5634,1.609299136,dsp4sh_000085
39.896889,-88.743611,1225,IL-147-SW-CRP-002-5-051220,IL-147-SW-CRP-002,IL-147-SW-CRP-002,5,,11,IL-147-SW-CRP,2,,1225.0,,30.0,50.0,1.5689,1.539130753,dsp4sh_000085
39.896889,-88.743611,1226,IL-147-SW-CRP-002-6-051220,IL-147-SW-CRP-002,IL-147-SW-CRP-002,6,,11,IL-147-SW-CRP,2,,1226.0,,50.0,100.0,0.5571,1.569279905,dsp4sh_000085
39.898194,-88.743333,1227,IL-147-SW-CRP-003-1-051220,IL-147-SW-CRP-003,IL-147-SW-CRP-003,1,,12,IL-147-SW-CRP,3,,1227.0,,0.0,5.0,2.1583,1.255692801,dsp4sh_000086
39.898194,-88.743333,1228,IL-147-SW-CRP-003-2-051220,IL-147-SW-CRP-003,IL-147-SW-CRP-003,2,,12,IL-147-SW-CRP,3,,1228.0,,5.0,10.0,1.7914,1.630885247,dsp4sh_000086
39.898194,-88.743333,1229,IL-147-SW-CRP-003-3-051220,IL-147-SW-CRP-003,IL-147-SW-CRP-003,3,,12,IL-147-SW-CRP,3,,1229.0,,10.0,20.0,1.7363,1.651329895,dsp4sh_000086
39.898194,-88.743333,1230,IL-147-SW-CRP-003-4-051220,IL-147-SW-CRP-003,IL-147-SW-CRP-003,4,,12,IL-147-SW-CRP,3,,1230.0,,20.0,30.0,0.9802,1.619216887,dsp4sh_000086
39.898194,-88.743333,1231,IL-147-SW-CRP-003-5-051220,IL-147-SW-CRP-003,IL-147-SW-CRP-003,5,,12,IL-147-SW-CRP,3,,1231.0,,30.0,50.0,0.746,1.580593012,dsp4sh_000086
39.898194,-88.743333,1232,IL-147-SW-CRP-003-6-051220,IL-147-SW-CRP-003,IL-147-SW-CRP-003,6,,12,IL-147-SW-CRP,3,,1232.0,,50.0,100.0,0.3932,1.499399801,dsp4sh_000086
40.0916401,-88.216396,1233,IL-019-SW-ARBRTM-001-1-061920,IL-019-SW-ARBRTM-001,IL-019-SW-ARBRTM-001,1,,13,IL-019-SW-ARBRTM,1,,1233.0,,0.0,5.0,5.4558,1.133035004,dsp4sh_000100
40.0916401,-88.216396,1235,IL-019-SW-ARBRTM-001-3-061920,IL-019-SW-ARBRTM-001,IL-019-SW-ARBRTM-001,3,,13,IL-019-SW-ARBRTM,1,,1235.0,,10.0,20.0,2.7988,1.401303885,dsp4sh_000100
40.0916401,-88.216396,1236,IL-019-SW-ARBRTM-001-4-061920,IL-019-SW-ARBRTM-001,IL-019-SW-ARBRTM-001,4,,13,IL-019-SW-ARBRTM,1,,1236.0,,20.0,30.0,2.3437,1.505640297,dsp4sh_000100
40.0916401,-88.216396,1237,IL-019-SW-ARBRTM-001-5-061920,IL-019-SW-ARBRTM-001,IL-019-SW-ARBRTM-001,5,,13,IL-019-SW-ARBRTM,1,,1237.0,,30.0,50.0,1.1163,1.47094083,dsp4sh_000100
40.0916401,-88.216396,1238,IL-019-SW-ARBRTM-001-6-061920,IL-019-SW-ARBRTM-001,IL-019-SW-ARBRTM-001,6,,13,IL-019-SW-ARBRTM,1,,1238.0,,50.0,100.0,0.4766,1.608168063,dsp4sh_000100
40.0918033,-88.2161899,1239,IL-019-SW-ARBRTM-002-1-061920,IL-019-SW-ARBRTM-002,IL-019-SW-ARBRTM-002,1,,14,IL-019-SW-ARBRTM,2,,1239.0,,0.0,5.0,5.707,0.994371983,dsp4sh_000101
40.0918033,-88.2161899,1240,IL-019-SW-ARBRTM-002-2-061920,IL-019-SW-ARBRTM-002,IL-019-SW-ARBRTM-002,2,,14,IL-019-SW-ARBRTM,2,,1240.0,,5.0,10.0,4.253,1.195271529,dsp4sh_000101
40.0918033,-88.2161899,1241,IL-019-SW-ARBRTM-002-3-061920,IL-019-SW-ARBRTM-002,IL-019-SW-ARBRTM-002,3,,14,IL-019-SW-ARBRTM,2,,1241.0,,10.0,20.0,3.1905,1.388169626,dsp4sh_000101
40.0918033,-88.2161899,1242,IL-019-SW-ARBRTM-002-4-061920,IL-019-SW-ARBRTM-002,IL-019-SW-ARBRTM-002,4,,14,IL-019-SW-ARBRTM,2,,1242.0,,20.0,30.0,2.2414,1.318460552,dsp4sh_000101
40.0918033,-88.2161899,1243,IL-019-SW-ARBRTM-002-5-061920,IL-019-SW-ARBRTM-002,IL-019-SW-ARBRTM-002,5,,14,IL-019-SW-ARBRTM,2,,1243.0,,30.0,50.0,1.2981,1.462408937,dsp4sh_000101
40.0918033,-88.2161899,1244,IL-019-SW-ARBRTM-002-6-061920,IL-019-SW-ARBRTM-002,IL-019-SW-ARBRTM-002,6,,14,IL-019-SW-ARBRTM,2,,1244.0,,50.0,100.0,0.4478,1.62427423,dsp4sh_000101
40.0914285,-88.2159005,1245,IL-019-SW-ARBRTM-003-1-061920,IL-019-SW-ARBRTM-003,IL-019-SW-ARBRTM-003,1,,15,IL-019-SW-ARBRTM,3,,1245.0,,0.0,5.0,5.8616,1.035571668,dsp4sh_000099
40.0914285,-88.2159005,1246,IL-019-SW-ARBRTM-003-2-061920,IL-019-SW-ARBRTM-003,IL-019-SW-ARBRTM-003,2,,15,IL-019-SW-ARBRTM,3,,1246.0,,5.0,10.0,3.8759,1.304833526,dsp4sh_000099
40.0914285,-88.2159005,1247,IL-019-SW-ARBRTM-003-3-061920,IL-019-SW-ARBRTM-003,IL-019-SW-ARBRTM-003,3,,15,IL-019-SW-ARBRTM,3,,1247.0,,10.0,20.0,2.2837,1.470932253,dsp4sh_000099
40.0914285,-88.2159005,1248,IL-019-SW-ARBRTM-003-4-061920,IL-019-SW-ARBRTM-003,IL-019-SW-ARBRTM-003,4,,15,IL-019-SW-ARBRTM,3,,1248.0,,20.0,30.0,1.3411,1.376170464,dsp4sh_000099
40.0914285,-88.2159005,1249,IL-019-SW-ARBRTM-003-5-061920,IL-019-SW-ARBRTM-003,IL-019-SW-ARBRTM-003,5,,15,IL-019-SW-ARBRTM,3,,1249.0,,30.0,50.0,1.3471,1.559880307,dsp4sh_000099
40.0914285,-88.2159005,1250,IL-019-SW-ARBRTM-003-6-061920,IL-019-SW-ARBRTM-003,IL-019-SW-ARBRTM-003,6,,15,IL-019-SW-ARBRTM,3,,1250.0,,50.0,100.0,0.5185,1.756635779,dsp4sh_000099
39.9295,-88.0238,1251,IL-019-SW-RTHRML-001-1-010820,IL-019-SW-RTHRML-001,IL-019-SW-RTHRML-001,1,,16,IL-019-SW-RTHRML,1,,1251.0,,0.0,5.0,3.2561,,dsp4sh_000090
39.9295,-88.0238,1252,IL-019-SW-RTHRML-001-2-010820,IL-019-SW-RTHRML-001,IL-019-SW-RTHRML-001,2,,16,IL-019-SW-RTHRML,1,,1252.0,,5.0,10.0,2.3027,,dsp4sh_000090
39.9295,-88.0238,1253,IL-019-SW-RTHRML-001-3-010820,IL-019-SW-RTHRML-001,IL-019-SW-RTHRML-001,3,,16,IL-019-SW-RTHRML,1,,1253.0,,10.0,20.0,1.9708,,dsp4sh_000090
39.9295,-88.0238,1254,IL-019-SW-RTHRML-001-4-010820,IL-019-SW-RTHRML-001,IL-019-SW-RTHRML-001,4,,16,IL-019-SW-RTHRML,1,,1254.0,,20.0,30.0,1.2655,,dsp4sh_000090
39.9295,-88.0238,1255,IL-019-SW-RTHRML-001-5-010820,IL-019-SW-RTHRML-001,IL-019-SW-RTHRML-001,5,,16,IL-019-SW-RTHRML,1,,1255.0,,30.0,40.0,0.7462,,dsp4sh_000090
39.9295,-88.0238,1256,IL-019-SW-RTHRML-001-6-010820,IL-019-SW-RTHRML-001,IL-019-SW-RTHRML-001,6,,16,IL-019-SW-RTHRML,1,,1256.0,,40.0,100.0,0.4951,,dsp4sh_000090
39.9295,-88.0238,1257,IL-019-SW-RTHRML-002-1-010820,IL-019-SW-RTHRML-002,IL-019-SW-RTHRML-002,1,,17,IL-019-SW-RTHRML,2,,1257.0,,0.0,5.0,2.8098,,dsp4sh_000090
39.9295,-88.0238,1258,IL-019-SW-RTHRML-002-2-010820,IL-019-SW-RTHRML-002,IL-019-SW-RTHRML-002,2,,17,IL-019-SW-RTHRML,2,,1258.0,,5.0,10.0,2.1892,,dsp4sh_000090
39.9295,-88.0238,1259,IL-019-SW-RTHRML-002-3-010820,IL-019-SW-RTHRML-002,IL-019-SW-RTHRML-002,3,,17,IL-019-SW-RTHRML,2,,1259.0,,10.0,20.0,2.0271,,dsp4sh_000090
39.9295,-88.0238,1260,IL-019-SW-RTHRML-002-4-010820,IL-019-SW-RTHRML-002,IL-019-SW-RTHRML-002,4,,17,IL-019-SW-RTHRML,2,,1260.0,,20.0,30.0,1.2406,,dsp4sh_000090
39.9295,-88.0238,1261,IL-019-SW-RTHRML-002-5-010820,IL-019-SW-RTHRML-002,IL-019-SW-RTHRML-002,5,,17,IL-019-SW-RTHRML,2,,1261.0,,30.0,40.0,0.7818,,dsp4sh_000090
39.9295,-88.0238,1262,IL-019-SW-RTHRML-002-6-010820,IL-019-SW-RTHRML-002,IL-019-SW-RTHRML-002,6,,17,IL-019-SW-RTHRML,2,,1262.0,,40.0,100.0,2.3007,,dsp4sh_000090
39.9254322,-88.0275783,1263,IL-019-SW-RTHRML-003-1-010820,IL-019-SW-RTHRML-003,IL-019-SW-RTHRML-003,1,,18,IL-019-SW-RTHRML,3,,1263.0,,0.0,5.0,3.9814,,dsp4sh_000089
39.9254322,-88.0275783,1264,IL-019-SW-RTHRML-003-2-010820,IL-019-SW-RTHRML-003,IL-019-SW-RTHRML-003,2,,18,IL-019-SW-RTHRML,3,,1264.0,,5.0,10.0,3.2604,,dsp4sh_000089
39.9254322,-88.0275783,1265,IL-019-SW-RTHRML-003-3-010820,IL-019-SW-RTHRML-003,IL-019-SW-RTHRML-003,3,,18,IL-019-SW-RTHRML,3,,1265.0,,10.0,20.0,3.0583,,dsp4sh_000089
39.9254322,-88.0275783,1266,IL-019-SW-RTHRML-003-4-010820,IL-019-SW-RTHRML-003,IL-019-SW-RTHRML-003,4,,18,IL-019-SW-RTHRML,3,,1266.0,,20.0,30.0,2.7106,,dsp4sh_000089
39.9254322,-88.0275783,1267,IL-019-SW-RTHRML-003-5-010820,IL-019-SW-RTHRML-003,IL-019-SW-RTHRML-003,5,,18,IL-019-SW-RTHRML,3,,1267.0,,30.0,40.0,1.6805,,dsp4sh_000089
39.9254322,-88.0275783,1268,IL-019-SW-RTHRML-003-6-010820,IL-019-SW-RTHRML-003,IL-019-SW-RTHRML-003,6,,18,IL-019-SW-RTHRML,3,,1268.0,,40.0,100.0,0.566,,dsp4sh_000089
39.9254322,-88.0275783,1269,IL-019-SW-RTHRML-004-1-010820,IL-019-SW-RTHRML-004,IL-019-SW-RTHRML-004,1,,19,IL-019-SW-RTHRML,4,,1269.0,,0.0,5.0,2.4014,,dsp4sh_000089
39.9254322,-88.0275783,1270,IL-019-SW-RTHRML-004-2-010820,IL-019-SW-RTHRML-004,IL-019-SW-RTHRML-004,2,,19,IL-019-SW-RTHRML,4,,1270.0,,5.0,10.0,1.9403,,dsp4sh_000089
39.9254322,-88.0275783,1271,IL-019-SW-RTHRML-004-3-010820,IL-019-SW-RTHRML-004,IL-019-SW-RTHRML-004,3,,19,IL-019-SW-RTHRML,4,,1271.0,,10.0,20.0,1.7932,,dsp4sh_000089
39.9254322,-88.0275783,1272,IL-019-SW-RTHRML-004-4-010820,IL-019-SW-RTHRML-004,IL-019-SW-RTHRML-004,4,,19,IL-019-SW-RTHRML,4,,1272.0,,20.0,30.0,1.6582,,dsp4sh_000089
39.9254322,-88.0275783,1273,IL-019-SW-RTHRML-004-5-010820,IL-019-SW-RTHRML-004,IL-019-SW-RTHRML-004,5,,19,IL-019-SW-RTHRML,4,,1273.0,,30.0,40.0,1.1604,,dsp4sh_000089
39.9254322,-88.0275783,1274,IL-019-SW-RTHRML-004-6-010820,IL-019-SW-RTHRML-004,IL-019-SW-RTHRML-004,6,,19,IL-019-SW-RTHRML,4,,1274.0,,40.0,100.0,0.4263,,dsp4sh_000089
39.866062,-88.798131,1275,IL-115-SW-WDFLD-001A-1-11192020,IL-115-SW-WDFLD-001A,IL-115-SW-WDFLD-001A,1,21N02467,20,IL-115-SW-WDFLD,1,S2020IL115002,1275.0,Ap1,0.0,15.0,2.0567,,dsp4sh_000077
39.866062,-88.798131,1276,IL-115-SW-WDFLD-001A-2-11192020,IL-115-SW-WDFLD-001A,IL-115-SW-WDFLD-001A,2,21N02468,20,IL-115-SW-WDFLD,1,S2020IL115002,1276.0,Ap2,15.0,31.0,1.5432,,dsp4sh_000077
39.866062,-88.798131,1277,IL-115-SW-WDFLD-001A-3-11192020,IL-115-SW-WDFLD-001A,IL-115-SW-WDFLD-001A,3,21N02469,20,IL-115-SW-WDFLD,1,S2020IL115002,1277.0,AB,31.0,48.0,1.0529,,dsp4sh_000077
39.866062,-88.798131,1278,IL-115-SW-WDFLD-001A-4-11192020,IL-115-SW-WDFLD-001A,IL-115-SW-WDFLD-001A,4,21N02470,20,IL-115-SW-WDFLD,1,S2020IL115002,1278.0,Bt1,48.0,67.0,0.6876,,dsp4sh_000077
39.866062,-88.798131,1279,IL-115-SW-WDFLD-001A-5-11192020,IL-115-SW-WDFLD-001A,IL-115-SW-WDFLD-001A,5,21N02471,20,IL-115-SW-WDFLD,1,S2020IL115002,1279.0,Bt2,67.0,94.0,0.3216,,dsp4sh_000077
39.866062,-88.798131,1280,IL-115-SW-WDFLD-001A-6-11192020,IL-115-SW-WDFLD-001A,IL-115-SW-WDFLD-001A,6,21N02472,20,IL-115-SW-WDFLD,1,S2020IL115002,1280.0,2 Bt3,94.0,126.0,0.2157,,dsp4sh_000077
39.866062,-88.798131,1281,IL-115-SW-WDFLD-001A-7-11192020,IL-115-SW-WDFLD-001A,IL-115-SW-WDFLD-001A,7,21N02473,20,IL-115-SW-WDFLD,1,S2020IL115002,1281.0,2 Bt4,126.0,146.0,0.1839,,dsp4sh_000077
39.866062,-88.798131,1282,IL-115-SW-WDFLD-001A-8-11192020,IL-115-SW-WDFLD-001A,IL-115-SW-WDFLD-001A,8,21N02474,20,IL-115-SW-WDFLD,1,S2020IL115002,1282.0,2 Bt5,146.0,176.0,0.2555,,dsp4sh_000077
39.895068,-88.745608,1283,IL-115-SW-ETAL-001A-1-11192020,IL-115-SW-ETAL-001A,IL-115-SW-ETAL-001A,1,21N02459,21,IL-115-SW-ETAL,1,S2020IL115001,1283.0,Ap1,0.0,13.0,2.2623,,dsp4sh_000082
39.895068,-88.745608,1284,IL-115-SW-ETAL-001A-2-11192020,IL-115-SW-ETAL-001A,IL-115-SW-ETAL-001A,2,21N02460,21,IL-115-SW-ETAL,1,S2020IL115001,1284.0,Ap2,13.0,29.0,1.8438,,dsp4sh_000082
39.895068,-88.745608,1285,IL-115-SW-ETAL-001A-3-11192020,IL-115-SW-ETAL-001A,IL-115-SW-ETAL-001A,3,21N02461,21,IL-115-SW-ETAL,1,S2020IL115001,1285.0,A,29.0,50.0,1.9232,,dsp4sh_000082
39.895068,-88.745608,1286,IL-115-SW-ETAL-001A-4-11192020,IL-115-SW-ETAL-001A,IL-115-SW-ETAL-001A,4,21N02462,21,IL-115-SW-ETAL,1,S2020IL115001,1286.0,Btg1,50.0,77.0,0.976,,dsp4sh_000082
39.895068,-88.745608,1287,IL-115-SW-ETAL-001A-5-11192020,IL-115-SW-ETAL-001A,IL-115-SW-ETAL-001A,5,21N02463,21,IL-115-SW-ETAL,1,S2020IL115001,1287.0,Btg2,77.0,107.0,0.5914,,dsp4sh_000082
39.895068,-88.745608,1288,IL-115-SW-ETAL-001A-6-11192020,IL-115-SW-ETAL-001A,IL-115-SW-ETAL-001A,6,21N02464,21,IL-115-SW-ETAL,1,S2020IL115001,1288.0,2 Bt,107.0,137.0,0.5534,,dsp4sh_000082
39.895068,-88.745608,1289,IL-115-SW-ETAL-001A-7-11192020,IL-115-SW-ETAL-001A,IL-115-SW-ETAL-001A,7,21N02465,21,IL-115-SW-ETAL,1,S2020IL115001,1289.0,2 Btg,137.0,181.0,0.2665,,dsp4sh_000082
39.895068,-88.745608,1290,IL-115-SW-ETAL-001A-8-11192020,IL-115-SW-ETAL-001A,IL-115-SW-ETAL-001A,8,21N02466,21,IL-115-SW-ETAL,1,S2020IL115001,1290.0,3 BCtg,181.0,240.0,0.0975,,dsp4sh_000082
39.878261,-88.705988,1291,IL-147-SW-TS-003A-1-111920,IL-147-SW-TS-003A,IL-147-SW-TS-003A,1,21N02486,22,IL-147-SW-TS,3,S2020IL147002,1291.0,Ap1,0.0,23.0,2.6394,,dsp4sh_000080
39.878261,-88.705988,1292,IL-147-SW-TS-003A-2-111920,IL-147-SW-TS-003A,IL-147-SW-TS-003A,2,21N02487,22,IL-147-SW-TS,3,S2020IL147002,1292.0,Ap2,23.0,41.0,1.3555,,dsp4sh_000080
39.878261,-88.705988,1293,IL-147-SW-TS-003A-3-111920,IL-147-SW-TS-003A,IL-147-SW-TS-003A,3,21N02488,22,IL-147-SW-TS,3,S2020IL147002,1293.0,Btg1,41.0,60.0,0.6835,,dsp4sh_000080
39.878261,-88.705988,1294,IL-147-SW-TS-003A-4-111920,IL-147-SW-TS-003A,IL-147-SW-TS-003A,4,21N02489,22,IL-147-SW-TS,3,S2020IL147002,1294.0,Btg2,60.0,81.0,0.4924,,dsp4sh_000080
39.878261,-88.705988,1295,IL-147-SW-TS-003A-5-111920,IL-147-SW-TS-003A,IL-147-SW-TS-003A,5,21N02490,22,IL-147-SW-TS,3,S2020IL147002,1295.0,Btg3,81.0,115.0,0.3527,,dsp4sh_000080
39.878261,-88.705988,1296,IL-147-SW-TS-003A-6-111920,IL-147-SW-TS-003A,IL-147-SW-TS-003A,6,21N02491,22,IL-147-SW-TS,3,S2020IL147002,1296.0,Btg4,115.0,134.0,0.3609,,dsp4sh_000080
39.878261,-88.705988,1297,IL-147-SW-TS-003A-7-111920,IL-147-SW-TS-003A,IL-147-SW-TS-003A,7,21N02492,22,IL-147-SW-TS,3,S2020IL147002,1297.0,2 Btg5,134.0,163.0,0.1904,,dsp4sh_000080
39.878261,-88.705988,1298,IL-147-SW-TS-003A-8-111920,IL-147-SW-TS-003A,IL-147-SW-TS-003A,8,21N02493,22,IL-147-SW-TS,3,S2020IL147002,1298.0,3 BCt,163.0,225.0,0.1559,,dsp4sh_000080
39.895694,-88.743611,1299,IL-147-SW-CRP-001A-1-111920,IL-147-SW-CRP-001A,IL-147-SW-CRP-001A,1,21N02477,23,IL-147-SW-CRP,1,S2020IL147001,1299.0,Ap1,0.0,16.0,2.5938,,dsp4sh_000084
39.895694,-88.743611,1300,IL-147-SW-CRP-001A-2-111920,IL-147-SW-CRP-001A,IL-147-SW-CRP-001A,2,21N02478,23,IL-147-SW-CRP,1,S2020IL147001,1300.0,Ap2,16.0,31.0,1.9727,,dsp4sh_000084
39.895694,-88.743611,1301,IL-147-SW-CRP-001A-3-111920,IL-147-SW-CRP-001A,IL-147-SW-CRP-001A,3,21N02479,23,IL-147-SW-CRP,1,S2020IL147001,1301.0,BAt,31.0,53.0,1.397,,dsp4sh_000084
39.895694,-88.743611,1302,IL-147-SW-CRP-001A-4-111920,IL-147-SW-CRP-001A,IL-147-SW-CRP-001A,4,21N02480,23,IL-147-SW-CRP,1,S2020IL147001,1302.0,Btg1,53.0,67.0,1.0618,,dsp4sh_000084
39.895694,-88.743611,1303,IL-147-SW-CRP-001A-5-111920,IL-147-SW-CRP-001A,IL-147-SW-CRP-001A,5,21N02481,23,IL-147-SW-CRP,1,S2020IL147001,1303.0,Btg2,67.0,112.0,0.5654,,dsp4sh_000084
39.895694,-88.743611,1304,IL-147-SW-CRP-001A-6-111920,IL-147-SW-CRP-001A,IL-147-SW-CRP-001A,6,21N02482,23,IL-147-SW-CRP,1,S2020IL147001,1304.0,Btg3,112.0,142.0,0.4715,,dsp4sh_000084
39.895694,-88.743611,1305,IL-147-SW-CRP-001A-7-111920,IL-147-SW-CRP-001A,IL-147-SW-CRP-001A,7,21N02483,23,IL-147-SW-CRP,1,S2020IL147001,1305.0,2 Btg4,142.0,183.0,0.3068,,dsp4sh_000084
39.895694,-88.743611,1306,IL-147-SW-CRP-001A-8-111920,IL-147-SW-CRP-001A,IL-147-SW-CRP-001A,8,21N02484,23,IL-147-SW-CRP,1,S2020IL147001,1306.0,3 BCtg,183.0,211.0,0.2123,,dsp4sh_000084
39.9295,-88.0238,1307,IL-019-SW-RTHRML-001A-1-111820,IL-019-SW-RTHRML-001A,IL-019-SW-RTHRML-001A,1,21N02444,24,IL-019-SW-RTHRML,1,S2020IL019001,1307.0,Ap1,0.0,7.0,2.5982,,dsp4sh_000090
39.9295,-88.0238,1308,IL-019-SW-RTHRML-001A-2-111820,IL-019-SW-RTHRML-001A,IL-019-SW-RTHRML-001A,2,21N02445,24,IL-019-SW-RTHRML,1,S2020IL019001,1308.0,Ap2,7.0,14.0,2.1003,,dsp4sh_000090
39.9295,-88.0238,1309,IL-019-SW-RTHRML-001A-3-111820,IL-019-SW-RTHRML-001A,IL-019-SW-RTHRML-001A,3,21N02446,24,IL-019-SW-RTHRML,1,S2020IL019001,1309.0,Ap3,14.0,26.0,1.2851,,dsp4sh_000090
39.9295,-88.0238,1310,IL-019-SW-RTHRML-001A-4-111820,IL-019-SW-RTHRML-001A,IL-019-SW-RTHRML-001A,4,21N02447,24,IL-019-SW-RTHRML,1,S2020IL019001,1310.0,BAt,26.0,41.0,0.9437,,dsp4sh_000090
39.9295,-88.0238,1311,IL-019-SW-RTHRML-001A-5-111820,IL-019-SW-RTHRML-001A,IL-019-SW-RTHRML-001A,5,21N02448,24,IL-019-SW-RTHRML,1,S2020IL019001,1311.0,Btg1,41.0,79.0,0.499,,dsp4sh_000090
39.9295,-88.0238,1312,IL-019-SW-RTHRML-001A-6-111820,IL-019-SW-RTHRML-001A,IL-019-SW-RTHRML-001A,6,21N02449,24,IL-019-SW-RTHRML,1,S2020IL019001,1312.0,2 Btg2,79.0,106.0,0.2471,,dsp4sh_000090
39.9295,-88.0238,1313,IL-019-SW-RTHRML-001A-7-111820,IL-019-SW-RTHRML-001A,IL-019-SW-RTHRML-001A,7,21N02450,24,IL-019-SW-RTHRML,1,S2020IL019001,1313.0,2 BCtg,106.0,136.0,0.2348,,dsp4sh_000090
39.92541,-88.027589,1314,IL-019-SW-RTHRML-004A-1-111820,IL-019-SW-RTHRML-004A,IL-019-SW-RTHRML-004A,1,21N02451,25,IL-019-SW-RTHRML,4,S2020IL019002,1314.0,Ap1,0.0,5.0,3.1639,,dsp4sh_000088
39.92541,-88.027589,1315,IL-019-SW-RTHRML-004A-2-111820,IL-019-SW-RTHRML-004A,IL-019-SW-RTHRML-004A,2,21N02452,25,IL-019-SW-RTHRML,4,S2020IL019002,1315.0,Ap2,5.0,23.0,2.1115,,dsp4sh_000088
39.92541,-88.027589,1316,IL-019-SW-RTHRML-004A-3-111820,IL-019-SW-RTHRML-004A,IL-019-SW-RTHRML-004A,3,21N02453,25,IL-019-SW-RTHRML,4,S2020IL019002,1316.0,BAt,23.0,36.0,1.5717,,dsp4sh_000088
39.92541,-88.027589,1317,IL-019-SW-RTHRML-004A-4-111820,IL-019-SW-RTHRML-004A,IL-019-SW-RTHRML-004A,4,21N02454,25,IL-019-SW-RTHRML,4,S2020IL019002,1317.0,Bt1,36.0,67.0,1.1335,,dsp4sh_000088
39.92541,-88.027589,1318,IL-019-SW-RTHRML-004A-5-111820,IL-019-SW-RTHRML-004A,IL-019-SW-RTHRML-004A,5,21N02455,25,IL-019-SW-RTHRML,4,S2020IL019002,1318.0,2 Bt2,67.0,97.0,0.5219,,dsp4sh_000088
39.92541,-88.027589,1319,IL-019-SW-RTHRML-004A-6-111820,IL-019-SW-RTHRML-004A,IL-019-SW-RTHRML-004A,6,21N02456,25,IL-019-SW-RTHRML,4,S2020IL019002,1319.0,2 Bt2,97.0,123.0,0.4761,,dsp4sh_000088
39.92541,-88.027589,1320,IL-019-SW-RTHRML-004A-7-111820,IL-019-SW-RTHRML-004A,IL-019-SW-RTHRML-004A,7,21N02457,25,IL-019-SW-RTHRML,4,S2020IL019002,1320.0,2 Cg,123.0,149.0,0.2665,,dsp4sh_000088
26.37183,-97.86129,1321,AX1-1-1,AX1-1,TX-AX1-1-CON,1,,108,AX1,1,,1321.0,Ap,0.0,5.0,1.45,1.468682925,dsp4sh_000008
26.37183,-97.86129,1322,AX1-1-2,AX1-1,TX-AX1-1-CON,2,,108,AX1,1,,1322.0,Ap,5.0,10.0,1.3,1.657294368,dsp4sh_000008
26.37183,-97.86129,1323,AX1-1-3,AX1-1,TX-AX1-1-CON,3,,108,AX1,1,,1323.0,Ap,10.0,30.0,1.21,1.32280528,dsp4sh_000008
26.37183,-97.86129,1324,AX1-1-4,AX1-1,TX-AX1-1-CON,4,,108,AX1,1,,1324.0,A1,30.0,50.0,1.29,,dsp4sh_000008
26.37183,-97.86129,1325,AX1-1-5,AX1-1,TX-AX1-1-CON,5,,108,AX1,1,,1325.0,B2,50.0,80.0,1.05,,dsp4sh_000008
26.37183,-97.86129,1326,AX1-1-6,AX1-1,TX-AX1-1-CON,6,,108,AX1,1,,1326.0,B2ca,80.0,100.0,1.01,,dsp4sh_000008
26.376803,-97.861285,1327,AX1-2-1,AX1-2,TX-AX1-2-CON,1,,109,AX1,2,,1327.0,Ap,0.0,5.0,1.87,1.576974253,dsp4sh_000013
26.376803,-97.861285,1328,AX1-2-2,AX1-2,TX-AX1-2-CON,2,,109,AX1,2,,1328.0,Ap,5.0,10.0,1.83,1.945553257,dsp4sh_000013
26.376803,-97.861285,1329,AX1-2-3,AX1-2,TX-AX1-2-CON,3,,109,AX1,2,,1329.0,Ap,10.0,30.0,1.84,1.960898575,dsp4sh_000013
26.376803,-97.861285,1330,AX1-2-4,AX1-2,TX-AX1-2-CON,4,,109,AX1,2,,1330.0,A1,30.0,50.0,1.67,,dsp4sh_000013
26.376803,-97.861285,1331,AX1-2-5,AX1-2,TX-AX1-2-CON,5,,109,AX1,2,,1331.0,B2,50.0,80.0,1.56,,dsp4sh_000013
26.376803,-97.861285,1332,AX1-2-6,AX1-2,TX-AX1-2-CON,6,,109,AX1,2,,1332.0,B2ca,80.0,100.0,1.45,,dsp4sh_000013
26.381147,-97.861396,1333,AX1-3-1,AX1-3,TX-AX1-3-CON,1,,110,AX1,3,,1333.0,Ap,0.0,5.0,1.92,1.462175733,dsp4sh_000015
26.381147,-97.861396,1334,AX1-3-2,AX1-3,TX-AX1-3-CON,2,,110,AX1,3,,1334.0,Ap,5.0,10.0,1.65,1.793459787,dsp4sh_000015
26.381147,-97.861396,1335,AX1-3-3,AX1-3,TX-AX1-3-CON,3,,110,AX1,3,,1335.0,Ap,10.0,30.0,1.42,1.6303915,dsp4sh_000015
26.381147,-97.861396,1336,AX1-3-4,AX1-3,TX-AX1-3-CON,4,,110,AX1,3,,1336.0,A1,30.0,50.0,1.21,,dsp4sh_000015
26.381147,-97.861396,1337,AX1-3-5,AX1-3,TX-AX1-3-CON,5,,110,AX1,3,,1337.0,B2,50.0,80.0,2.13,,dsp4sh_000015
26.381147,-97.861396,1338,AX1-3-6,AX1-3,TX-AX1-3-CON,6,,110,AX1,3,,1338.0,B2ca,80.0,100.0,1.21,,dsp4sh_000015
26.372257,-97.860439,1339,AX2-1-1,AX2-1,TX-AX2-1-CON,1,,111,AX2,1,,1339.0,Ap,0.0,5.0,1.35,1.856880627,dsp4sh_000010
26.372257,-97.860439,1340,AX2-1-2,AX2-1,TX-AX2-1-CON,2,,111,AX2,1,,1340.0,Ap,5.0,10.0,1.25,0.680341482,dsp4sh_000010
26.372257,-97.860439,1341,AX2-1-3,AX2-1,TX-AX2-1-CON,3,,111,AX2,1,,1341.0,Ap,10.0,30.0,1.24,1.59571885,dsp4sh_000010
26.372257,-97.860439,1342,AX2-1-4,AX2-1,TX-AX2-1-CON,4,,111,AX2,1,,1342.0,A1,30.0,50.0,1.16,,dsp4sh_000010
26.372257,-97.860439,1343,AX2-1-5,AX2-1,TX-AX2-1-CON,5,,111,AX2,1,,1343.0,B2,50.0,80.0,1.05,,dsp4sh_000010
26.372257,-97.860439,1344,AX2-1-6,AX2-1,TX-AX2-1-CON,6,,111,AX2,1,,1344.0,B2ca,80.0,100.0,0.71,,dsp4sh_000010
26.372359,-97.854799,1345,AX2-2-1,AX2-2,TX-AX2-2-CON,1,,112,AX2,2,,1345.0,Ap,0.0,5.0,0.94,1.208201004,dsp4sh_000012
26.372359,-97.854799,1346,AX2-2-2,AX2-2,TX-AX2-2-CON,2,,112,AX2,2,,1346.0,Ap,5.0,10.0,0.99,1.751308723,dsp4sh_000012
26.372359,-97.854799,1347,AX2-2-3,AX2-2,TX-AX2-2-CON,3,,112,AX2,2,,1347.0,Ap,10.0,30.0,1.25,1.614366326,dsp4sh_000012
26.372359,-97.854799,1348,AX2-2-4,AX2-2,TX-AX2-2-CON,4,,112,AX2,2,,1348.0,A1,30.0,50.0,0.98,,dsp4sh_000012
26.372359,-97.854799,1349,AX2-2-5,AX2-2,TX-AX2-2-CON,5,,112,AX2,2,,1349.0,B2,50.0,80.0,0.93,,dsp4sh_000012
26.372359,-97.854799,1350,AX2-2-6,AX2-2,TX-AX2-2-CON,6,,112,AX2,2,,1350.0,B2ca,80.0,100.0,0.82,,dsp4sh_000012
26.372348,-97.841816,1351,AX2-3-1,AX2-3,TX-AX2-3-CON,1,,113,AX2,3,,1351.0,Ap,0.0,5.0,1.92,1.413614599,dsp4sh_000011
26.372348,-97.841816,1352,AX2-3-2,AX2-3,TX-AX2-3-CON,2,,113,AX2,3,,1352.0,Ap,5.0,10.0,1.77,1.777628857,dsp4sh_000011
26.372348,-97.841816,1353,AX2-3-3,AX2-3,TX-AX2-3-CON,3,,113,AX2,3,,1353.0,Ap,10.0,30.0,1.65,1.650981421,dsp4sh_000011
26.372348,-97.841816,1354,AX2-3-4,AX2-3,TX-AX2-3-CON,4,,113,AX2,3,,1354.0,A1,30.0,50.0,1.48,,dsp4sh_000011
26.372348,-97.841816,1355,AX2-3-5,AX2-3,TX-AX2-3-CON,5,,113,AX2,3,,1355.0,B2,50.0,80.0,1.22,,dsp4sh_000011
26.372348,-97.841816,1356,AX2-3-6,AX2-3,TX-AX2-3-CON,6,,113,AX2,3,,1356.0,B2ca,80.0,100.0,1.09,,dsp4sh_000011
26.449237,-97.845711,1357,AX3-1-1,AX3-1,TX-AX3-1-CON,1,,114,AX3,1,,1357.0,Ap,0.0,5.0,1.36,1.668560551,dsp4sh_000031
26.449237,-97.845711,1358,AX3-1-2,AX3-1,TX-AX3-1-CON,2,,114,AX3,1,,1358.0,Ap,5.0,10.0,1.29,1.815506541,dsp4sh_000031
26.449237,-97.845711,1359,AX3-1-3,AX3-1,TX-AX3-1-CON,3,,114,AX3,1,,1359.0,Ap,10.0,30.0,1.43,1.886891408,dsp4sh_000031
26.449237,-97.845711,1360,AX3-1-4,AX3-1,TX-AX3-1-CON,4,,114,AX3,1,,1360.0,A1,30.0,50.0,1.77,,dsp4sh_000031
26.449237,-97.845711,1361,AX3-1-5,AX3-1,TX-AX3-1-CON,5,,114,AX3,1,,1361.0,B2,50.0,80.0,1.63,,dsp4sh_000031
26.449237,-97.845711,1362,AX3-1-6,AX3-1,TX-AX3-1-CON,6,,114,AX3,1,,1362.0,B2ca,80.0,100.0,1.49,,dsp4sh_000031
26.45138326,-97.84310718,1363,AX3-2-1,AX3-2,TX-AX3-2-CON,1,,115,AX3,2,,1363.0,Ap,0.0,5.0,2.3,1.639132504,dsp4sh_000033
26.45138326,-97.84310718,1364,AX3-2-2,AX3-2,TX-AX3-2-CON,2,,115,AX3,2,,1364.0,Ap,5.0,10.0,2.04,1.442557035,dsp4sh_000033
26.45138326,-97.84310718,1365,AX3-2-3,AX3-2,TX-AX3-2-CON,3,,115,AX3,2,,1365.0,Ap,10.0,30.0,1.97,1.626700854,dsp4sh_000033
26.45138326,-97.84310718,1366,AX3-2-4,AX3-2,TX-AX3-2-CON,4,,115,AX3,2,,1366.0,A1,30.0,50.0,1.71,,dsp4sh_000033
26.45138326,-97.84310718,1367,AX3-2-5,AX3-2,TX-AX3-2-CON,5,,115,AX3,2,,1367.0,B2,50.0,80.0,1.64,,dsp4sh_000033
26.45138326,-97.84310718,1368,AX3-2-6,AX3-2,TX-AX3-2-CON,6,,115,AX3,2,,1368.0,B2ca,80.0,100.0,1.33,,dsp4sh_000033
26.451224,-97.842418,1369,AX3-3-1,AX3-3,TX-AX3-3-CON,1,,116,AX3,3,,1369.0,Ap,0.0,5.0,1.22,2.010625176,dsp4sh_000032
26.451224,-97.842418,1370,AX3-3-2,AX3-3,TX-AX3-3-CON,2,,116,AX3,3,,1370.0,Ap,5.0,10.0,1.21,1.592513816,dsp4sh_000032
26.451224,-97.842418,1371,AX3-3-3,AX3-3,TX-AX3-3-CON,3,,116,AX3,3,,1371.0,Ap,10.0,30.0,1.0,1.862513719,dsp4sh_000032
26.451224,-97.842418,1372,AX3-3-4,AX3-3,TX-AX3-3-CON,4,,116,AX3,3,,1372.0,A1,30.0,50.0,0.91,,dsp4sh_000032
26.451224,-97.842418,1373,AX3-3-5,AX3-3,TX-AX3-3-CON,5,,116,AX3,3,,1373.0,B2,50.0,80.0,0.66,,dsp4sh_000032
26.451224,-97.842418,1374,AX3-3-6,AX3-3,TX-AX3-3-CON,6,,116,AX3,3,,1374.0,B2ca,80.0,100.0,0.42,,dsp4sh_000032
26.429164,-97.87775,1375,AY1-1-1,AY1-1,TX-AY1-1-INT,1,,117,AY1,1,,1375.0,Ap,0.0,5.0,0.94,1.748783544,dsp4sh_000027
26.429164,-97.87775,1376,AY1-1-2,AY1-1,TX-AY1-1-INT,2,,117,AY1,1,,1376.0,Ap,5.0,10.0,0.87,2.028107184,dsp4sh_000027
26.429164,-97.87775,1377,AY1-1-3,AY1-1,TX-AY1-1-INT,3,,117,AY1,1,,1377.0,Ap,10.0,30.0,0.64,2.031117974,dsp4sh_000027
26.429164,-97.87775,1378,AY1-1-4,AY1-1,TX-AY1-1-INT,4,,117,AY1,1,,1378.0,A1,30.0,50.0,0.6,,dsp4sh_000027
26.429164,-97.87775,1379,AY1-1-5,AY1-1,TX-AY1-1-INT,5,,117,AY1,1,,1379.0,B2,50.0,80.0,0.54,,dsp4sh_000027
26.429164,-97.87775,1380,AY1-1-6,AY1-1,TX-AY1-1-INT,6,,117,AY1,1,,1380.0,B2ca,80.0,100.0,0.34,,dsp4sh_000027
26.428431,-97.876675,1381,AY1-2-1,AY1-2,TX-AY1-2-INT,1,,118,AY1,2,,1381.0,Ap,0.0,5.0,0.96,1.113603916,dsp4sh_000026
26.428431,-97.876675,1382,AY1-2-2,AY1-2,TX-AY1-2-INT,2,,118,AY1,2,,1382.0,Ap,5.0,10.0,0.85,1.741305129,dsp4sh_000026
26.428431,-97.876675,1383,AY1-2-3,AY1-2,TX-AY1-2-INT,3,,118,AY1,2,,1383.0,Ap,10.0,30.0,0.31,1.308236939,dsp4sh_000026
26.428431,-97.876675,1384,AY1-2-4,AY1-2,TX-AY1-2-INT,4,,118,AY1,2,,1384.0,A1,30.0,50.0,0.41,,dsp4sh_000026
26.428431,-97.876675,1385,AY1-2-5,AY1-2,TX-AY1-2-INT,5,,118,AY1,2,,1385.0,B2,50.0,80.0,0.57,,dsp4sh_000026
26.428431,-97.876675,1386,AY1-2-6,AY1-2,TX-AY1-2-INT,6,,118,AY1,2,,1386.0,B2ca,80.0,100.0,0.75,,dsp4sh_000026
26.423498,-97.878012,1387,AY1-3-1,AY1-3,TX-AY1-3-INT,1,,119,AY1,3,,1387.0,Ap,0.0,5.0,1.0,1.904179171,dsp4sh_000022
26.423498,-97.878012,1388,AY1-3-2,AY1-3,TX-AY1-3-INT,2,,119,AY1,3,,1388.0,Ap,5.0,10.0,0.99,2.193312161,dsp4sh_000022
26.423498,-97.878012,1389,AY1-3-3,AY1-3,TX-AY1-3-INT,3,,119,AY1,3,,1389.0,Ap,10.0,30.0,0.88,1.592416693,dsp4sh_000022
26.423498,-97.878012,1390,AY1-3-4,AY1-3,TX-AY1-3-INT,4,,119,AY1,3,,1390.0,A1,30.0,50.0,0.53,,dsp4sh_000022
26.423498,-97.878012,1391,AY1-3-5,AY1-3,TX-AY1-3-INT,5,,119,AY1,3,,1391.0,B2,50.0,80.0,0.41,,dsp4sh_000022
26.423498,-97.878012,1392,AY1-3-6,AY1-3,TX-AY1-3-INT,6,,119,AY1,3,,1392.0,B2ca,80.0,100.0,0.37,,dsp4sh_000022
26.417867,-97.87736,1393,AY2-1-1,AY2-1,TX-AY2-1-INT,1,,120,AY2,1,,1393.0,Ap,0.0,5.0,0.9,2.034517254,dsp4sh_000021
26.417867,-97.87736,1394,AY2-1-2,AY2-1,TX-AY2-1-INT,2,,120,AY2,1,,1394.0,Ap,5.0,10.0,1.05,1.260064295,dsp4sh_000021
26.417867,-97.87736,1395,AY2-1-3,AY2-1,TX-AY2-1-INT,3,,120,AY2,1,,1395.0,Ap,10.0,30.0,0.79,1.675553354,dsp4sh_000021
26.417867,-97.87736,1396,AY2-1-4,AY2-1,TX-AY2-1-INT,4,,120,AY2,1,,1396.0,A1,30.0,50.0,0.79,,dsp4sh_000021
26.417867,-97.87736,1397,AY2-1-5,AY2-1,TX-AY2-1-INT,5,,120,AY2,1,,1397.0,B2,50.0,80.0,0.6,,dsp4sh_000021
26.417867,-97.87736,1398,AY2-1-6,AY2-1,TX-AY2-1-INT,6,,120,AY2,1,,1398.0,B2ca,80.0,100.0,0.6,,dsp4sh_000021
26.408338,-97.877546,1399,AY2-2-1,AY2-2,TX-AY2-2-INT,1,,121,AY2,2,,1399.0,Ap,0.0,5.0,0.87,1.86727271,dsp4sh_000020
26.408338,-97.877546,1400,AY2-2-2,AY2-2,TX-AY2-2-INT,2,,121,AY2,2,,1400.0,Ap,5.0,10.0,1.27,2.142031604,dsp4sh_000020
26.408338,-97.877546,1401,AY2-2-3,AY2-2,TX-AY2-2-INT,3,,121,AY2,2,,1401.0,Ap,10.0,30.0,0.9,1.378650583,dsp4sh_000020
26.408338,-97.877546,1402,AY2-2-4,AY2-2,TX-AY2-2-INT,4,,121,AY2,2,,1402.0,A1,30.0,50.0,0.61,,dsp4sh_000020
26.408338,-97.877546,1403,AY2-2-5,AY2-2,TX-AY2-2-INT,5,,121,AY2,2,,1403.0,B2,50.0,80.0,0.2,,dsp4sh_000020
26.408338,-97.877546,1404,AY2-2-6,AY2-2,TX-AY2-2-INT,6,,121,AY2,2,,1404.0,B2ca,80.0,100.0,0.49,,dsp4sh_000020
26.408107,-97.867819,1405,AY2-3-1,AY2-3,TX-AY2-3-INT,1,,122,AY2,3,,1405.0,Ap,0.0,5.0,0.85,2.119402115,dsp4sh_000019
26.408107,-97.867819,1406,AY2-3-2,AY2-3,TX-AY2-3-INT,2,,122,AY2,3,,1406.0,Ap,5.0,10.0,0.97,1.665452638,dsp4sh_000019
26.408107,-97.867819,1407,AY2-3-3,AY2-3,TX-AY2-3-INT,3,,122,AY2,3,,1407.0,Ap,10.0,30.0,1.18,1.238891641,dsp4sh_000019
26.408107,-97.867819,1408,AY2-3-4,AY2-3,TX-AY2-3-INT,4,,122,AY2,3,,1408.0,A1,30.0,50.0,0.84,,dsp4sh_000019
26.408107,-97.867819,1409,AY2-3-5,AY2-3,TX-AY2-3-INT,5,,122,AY2,3,,1409.0,B2,50.0,80.0,0.67,,dsp4sh_000019
26.408107,-97.867819,1410,AY2-3-6,AY2-3,TX-AY2-3-INT,6,,122,AY2,3,,1410.0,B2ca,80.0,100.0,0.55,,dsp4sh_000019
26.378011,-97.894115,1411,AY3-1-1,AY3-1,TX-AY3-1-INT,1,,123,AY3,1,,1411.0,Ap,0.0,5.0,0.85,1.609704457,dsp4sh_000014
26.378011,-97.894115,1412,AY3-1-2,AY3-1,TX-AY3-1-INT,2,,123,AY3,1,,1412.0,Ap,5.0,10.0,1.24,1.659916669,dsp4sh_000014
26.378011,-97.894115,1413,AY3-1-3,AY3-1,TX-AY3-1-INT,3,,123,AY3,1,,1413.0,Ap,10.0,30.0,1.09,1.589891514,dsp4sh_000014
26.378011,-97.894115,1414,AY3-1-4,AY3-1,TX-AY3-1-INT,4,,123,AY3,1,,1414.0,A1,30.0,50.0,0.73,,dsp4sh_000014
26.378011,-97.894115,1415,AY3-1-5,AY3-1,TX-AY3-1-INT,5,,123,AY3,1,,1415.0,B2,50.0,80.0,0.67,,dsp4sh_000014
26.378011,-97.894115,1416,AY3-1-6,AY3-1,TX-AY3-1-INT,6,,123,AY3,1,,1416.0,B2ca,80.0,100.0,0.48,,dsp4sh_000014
26.371559,-97.882158,1417,AY3-2-1,AY3-2,TX-AY3-2-INT,1,,124,AY3,2,,1417.0,Ap,0.0,5.0,0.91,1.810844672,dsp4sh_000007
26.371559,-97.882158,1418,AY3-2-2,AY3-2,TX-AY3-2-INT,2,,124,AY3,2,,1418.0,Ap,5.0,10.0,0.86,2.115905714,dsp4sh_000007
26.371559,-97.882158,1419,AY3-2-3,AY3-2,TX-AY3-2-INT,3,,124,AY3,2,,1419.0,Ap,10.0,30.0,1.07,1.819100065,dsp4sh_000007
26.371559,-97.882158,1420,AY3-2-4,AY3-2,TX-AY3-2-INT,4,,124,AY3,2,,1420.0,A1,30.0,50.0,1.02,,dsp4sh_000007
26.371559,-97.882158,1421,AY3-2-5,AY3-2,TX-AY3-2-INT,5,,124,AY3,2,,1421.0,B2,50.0,80.0,0.75,,dsp4sh_000007
26.371559,-97.882158,1422,AY3-2-6,AY3-2,TX-AY3-2-INT,6,,124,AY3,2,,1422.0,B2ca,80.0,100.0,0.56,,dsp4sh_000007
26.371856,-97.881485,1423,AY3-3-1,AY3-3,TX-AY3-3-INT,1,,125,AY3,3,,1423.0,Ap,0.0,5.0,0.96,1.895243923,dsp4sh_000009
26.371856,-97.881485,1424,AY3-3-2,AY3-3,TX-AY3-3-INT,2,,125,AY3,3,,1424.0,Ap,5.0,10.0,0.92,1.745772753,dsp4sh_000009
26.371856,-97.881485,1425,AY3-3-3,AY3-3,TX-AY3-3-INT,3,,125,AY3,3,,1425.0,Ap,10.0,30.0,1.09,1.984402164,dsp4sh_000009
26.371856,-97.881485,1426,AY3-3-4,AY3-3,TX-AY3-3-INT,4,,125,AY3,3,,1426.0,A1,30.0,50.0,0.75,,dsp4sh_000009
26.371856,-97.881485,1427,AY3-3-5,AY3-3,TX-AY3-3-INT,5,,125,AY3,3,,1427.0,B2,50.0,80.0,0.56,,dsp4sh_000009
26.371856,-97.881485,1428,AY3-3-6,AY3-3,TX-AY3-3-INT,6,,125,AY3,3,,1428.0,B2ca,80.0,100.0,0.64,,dsp4sh_000009
26.442916,-97.814156,1429,AZ1-1-1,AZ1-1,TX-AZ1-1-STR,1,,126,AZ1,1,,1429.0,Ap,0.0,5.0,1.52,2.085700689,dsp4sh_000030
26.442916,-97.814156,1430,AZ1-1-2,AZ1-1,TX-AZ1-1-STR,2,,126,AZ1,1,,1430.0,Ap,5.0,10.0,1.37,2.432912794,dsp4sh_000030
26.442916,-97.814156,1431,AZ1-1-3,AZ1-1,TX-AZ1-1-STR,3,,126,AZ1,1,,1431.0,Ap,10.0,30.0,1.07,1.369715335,dsp4sh_000030
26.442916,-97.814156,1432,AZ1-1-4,AZ1-1,TX-AZ1-1-STR,4,,126,AZ1,1,,1432.0,A1,30.0,50.0,0.75,,dsp4sh_000030
26.442916,-97.814156,1433,AZ1-1-5,AZ1-1,TX-AZ1-1-STR,5,,126,AZ1,1,,1433.0,B2,50.0,80.0,0.07,,dsp4sh_000030
26.442916,-97.814156,1434,AZ1-1-6,AZ1-1,TX-AZ1-1-STR,6,,126,AZ1,1,,1434.0,B2ca,80.0,100.0,0.25,,dsp4sh_000030
26.440373,-97.81413,1435,AZ1-2-1,AZ1-2,TX-AZ1-2-STR,1,,127,AZ1,2,,1435.0,Ap,0.0,5.0,1.17,2.147081961,dsp4sh_000028
26.440373,-97.81413,1436,AZ1-2-2,AZ1-2,TX-AZ1-2-STR,2,,127,AZ1,2,,1436.0,Ap,5.0,10.0,1.17,2.469236522,dsp4sh_000028
26.440373,-97.81413,1437,AZ1-2-3,AZ1-2,TX-AZ1-2-STR,3,,127,AZ1,2,,1437.0,Ap,10.0,30.0,0.68,1.901848237,dsp4sh_000028
26.440373,-97.81413,1438,AZ1-2-4,AZ1-2,TX-AZ1-2-STR,4,,127,AZ1,2,,1438.0,A1,30.0,50.0,0.32,,dsp4sh_000028
26.440373,-97.81413,1439,AZ1-2-5,AZ1-2,TX-AZ1-2-STR,5,,127,AZ1,2,,1439.0,B2,50.0,80.0,0.34,,dsp4sh_000028
26.440373,-97.81413,1440,AZ1-2-6,AZ1-2,TX-AZ1-2-STR,6,,127,AZ1,2,,1440.0,B2ca,80.0,100.0,0.32,,dsp4sh_000028
26.441954,-97.814157,1441,AZ1-3-1,AZ1-3,TX-AZ1-3-STR,1,,128,AZ1,3,,1441.0,Ap,0.0,5.0,0.88,2.332002758,dsp4sh_000029
26.441954,-97.814157,1442,AZ1-3-2,AZ1-3,TX-AZ1-3-STR,2,,128,AZ1,3,,1442.0,Ap,5.0,10.0,0.6,2.314132261,dsp4sh_000029
26.441954,-97.814157,1443,AZ1-3-3,AZ1-3,TX-AZ1-3-STR,3,,128,AZ1,3,,1443.0,Ap,10.0,30.0,0.87,1.610869924,dsp4sh_000029
26.441954,-97.814157,1444,AZ1-3-4,AZ1-3,TX-AZ1-3-STR,4,,128,AZ1,3,,1444.0,A1,30.0,50.0,0.48,,dsp4sh_000029
26.441954,-97.814157,1445,AZ1-3-5,AZ1-3,TX-AZ1-3-STR,5,,128,AZ1,3,,1445.0,B2,50.0,80.0,0.33,,dsp4sh_000029
26.441954,-97.814157,1446,AZ1-3-6,AZ1-3,TX-AZ1-3-STR,6,,128,AZ1,3,,1446.0,B2ca,80.0,100.0,0.14,,dsp4sh_000029
26.358343,-97.857232,1447,AZ2-1-1,AZ2-1,TX-AZ2-1-STR,1,,129,AZ2,1,,1447.0,Ap,0.0,5.0,0.86,1.233938405,dsp4sh_000004
26.358343,-97.857232,1448,AZ2-1-2,AZ2-1,TX-AZ2-1-STR,2,,129,AZ2,1,,1448.0,Ap,5.0,10.0,0.7,0.991812593,dsp4sh_000004
26.358343,-97.857232,1449,AZ2-1-3,AZ2-1,TX-AZ2-1-STR,3,,129,AZ2,1,,1449.0,Ap,10.0,30.0,0.77,1.35708944,dsp4sh_000004
26.358343,-97.857232,1450,AZ2-1-4,AZ2-1,TX-AZ2-1-STR,4,,129,AZ2,1,,1450.0,A1,30.0,50.0,0.37,,dsp4sh_000004
26.358343,-97.857232,1451,AZ2-1-5,AZ2-1,TX-AZ2-1-STR,5,,129,AZ2,1,,1451.0,B2,50.0,80.0,0.29,,dsp4sh_000004
26.358343,-97.857232,1452,AZ2-1-6,AZ2-1,TX-AZ2-1-STR,6,,129,AZ2,1,,1452.0,B2ca,80.0,100.0,0.11,,dsp4sh_000004
26.358388,-97.846311,1453,AZ2-2-1,AZ2-2,TX-AZ2-2-STR,1,,130,AZ2,2,,1453.0,Ap,0.0,5.0,0.95,1.241805309,dsp4sh_000005
26.358388,-97.846311,1454,AZ2-2-2,AZ2-2,TX-AZ2-2-STR,2,,130,AZ2,2,,1454.0,Ap,5.0,10.0,0.82,1.186834105,dsp4sh_000005
26.358388,-97.846311,1455,AZ2-2-3,AZ2-2,TX-AZ2-2-STR,3,,130,AZ2,2,,1455.0,Ap,10.0,30.0,0.74,1.235395239,dsp4sh_000005
26.358388,-97.846311,1456,AZ2-2-4,AZ2-2,TX-AZ2-2-STR,4,,130,AZ2,2,,1456.0,A1,30.0,50.0,0.48,,dsp4sh_000005
26.358388,-97.846311,1457,AZ2-2-5,AZ2-2,TX-AZ2-2-STR,5,,130,AZ2,2,,1457.0,B2,50.0,80.0,0.36,,dsp4sh_000005
26.358388,-97.846311,1458,AZ2-2-6,AZ2-2,TX-AZ2-2-STR,6,,130,AZ2,2,,1458.0,B2ca,80.0,100.0,0.23,,dsp4sh_000005
26.36504,-97.85824,1459,AZ2-3-1,AZ2-3,TX-AZ2-3-STR,1,,131,AZ2,3,,1459.0,Ap,0.0,5.0,1.11,1.344269301,dsp4sh_000006
26.36504,-97.85824,1460,AZ2-3-2,AZ2-3,TX-AZ2-3-STR,2,,131,AZ2,3,,1460.0,Ap,5.0,10.0,1.19,1.505977876,dsp4sh_000006
26.36504,-97.85824,1461,AZ2-3-3,AZ2-3,TX-AZ2-3-STR,3,,131,AZ2,3,,1461.0,Ap,10.0,30.0,0.9,1.521808805,dsp4sh_000006
26.36504,-97.85824,1462,AZ2-3-4,AZ2-3,TX-AZ2-3-STR,4,,131,AZ2,3,,1462.0,A1,30.0,50.0,0.97,,dsp4sh_000006
26.36504,-97.85824,1463,AZ2-3-5,AZ2-3,TX-AZ2-3-STR,5,,131,AZ2,3,,1463.0,B2,50.0,80.0,0.75,,dsp4sh_000006
26.36504,-97.85824,1464,AZ2-3-6,AZ2-3,TX-AZ2-3-STR,6,,131,AZ2,3,,1464.0,B2ca,80.0,100.0,0.62,,dsp4sh_000006
26.389298,-97.852623,1465,AZ3-1-1,AZ3-1,TX-AZ3-1-STR,1,,132,AZ3,1,,1465.0,Ap,0.0,5.0,1.36,1.695851908,dsp4sh_000018
26.389298,-97.852623,1466,AZ3-1-2,AZ3-1,TX-AZ3-1-STR,2,,132,AZ3,1,,1466.0,Ap,5.0,10.0,1.05,0.815535678,dsp4sh_000018
26.389298,-97.852623,1467,AZ3-1-3,AZ3-1,TX-AZ3-1-STR,3,,132,AZ3,1,,1467.0,Ap,10.0,30.0,1.08,0.883521265,dsp4sh_000018
26.389298,-97.852623,1468,AZ3-1-4,AZ3-1,TX-AZ3-1-STR,4,,132,AZ3,1,,1468.0,A1,30.0,50.0,0.73,,dsp4sh_000018
26.389298,-97.852623,1469,AZ3-1-5,AZ3-1,TX-AZ3-1-STR,5,,132,AZ3,1,,1469.0,B2,50.0,80.0,0.75,,dsp4sh_000018
26.389298,-97.852623,1470,AZ3-1-6,AZ3-1,TX-AZ3-1-STR,6,,132,AZ3,1,,1470.0,B2ca,80.0,100.0,0.6,,dsp4sh_000018
26.387731,-97.852666,1471,AZ3-2-1,AZ3-2,TX-AZ3-2-STR,1,,133,AZ3,2,,1471.0,Ap,0.0,5.0,1.23,1.401862805,dsp4sh_000016
26.387731,-97.852666,1472,AZ3-2-2,AZ3-2,TX-AZ3-2-STR,2,,133,AZ3,2,,1472.0,Ap,5.0,10.0,0.87,1.639909482,dsp4sh_000016
26.387731,-97.852666,1473,AZ3-2-3,AZ3-2,TX-AZ3-2-STR,3,,133,AZ3,2,,1473.0,Ap,10.0,30.0,0.82,0.951506852,dsp4sh_000016
26.387731,-97.852666,1474,AZ3-2-4,AZ3-2,TX-AZ3-2-STR,4,,133,AZ3,2,,1474.0,A1,30.0,50.0,0.62,,dsp4sh_000016
26.387731,-97.852666,1475,AZ3-2-5,AZ3-2,TX-AZ3-2-STR,5,,133,AZ3,2,,1475.0,B2,50.0,80.0,0.36,,dsp4sh_000016
26.387731,-97.852666,1476,AZ3-2-6,AZ3-2,TX-AZ3-2-STR,6,,133,AZ3,2,,1476.0,B2ca,80.0,100.0,0.3,,dsp4sh_000016
26.387833,-97.849146,1477,AZ3-3-1,AZ3-3,TX-AZ3-3-STR,1,,134,AZ3,3,,1477.0,Ap,0.0,5.0,1.16,1.336596642,dsp4sh_000017
26.387833,-97.849146,1478,AZ3-3-2,AZ3-3,TX-AZ3-3-STR,2,,134,AZ3,3,,1478.0,Ap,5.0,10.0,0.98,1.267931199,dsp4sh_000017
26.387833,-97.849146,1479,AZ3-3-3,AZ3-3,TX-AZ3-3-STR,3,,134,AZ3,3,,1479.0,Ap,10.0,30.0,0.86,1.434981498,dsp4sh_000017
26.387833,-97.849146,1480,AZ3-3-4,AZ3-3,TX-AZ3-3-STR,4,,134,AZ3,3,,1480.0,A1,30.0,50.0,1.29,,dsp4sh_000017
26.387833,-97.849146,1481,AZ3-3-5,AZ3-3,TX-AZ3-3-STR,5,,134,AZ3,3,,1481.0,B2,50.0,80.0,0.58,,dsp4sh_000017
26.387833,-97.849146,1482,AZ3-3-6,AZ3-3,TX-AZ3-3-STR,6,,134,AZ3,3,,1482.0,B2ca,80.0,100.0,0.34,,dsp4sh_000017
26.309166,-98.203663,1483,AR2-1-1,AR2-1,TX-AR2-1-REF,1,,135,AR2,1,,1483.0,A1,0.0,5.0,0.97,1.977215116,dsp4sh_000003
26.309166,-98.203663,1484,AR2-1-2,AR2-1,TX-AR2-1-REF,2,,135,AR2,1,,1484.0,A1,5.0,10.0,0.97,1.868535299,dsp4sh_000003
26.309166,-98.203663,1485,AR2-1-3,AR2-1,TX-AR2-1-REF,3,,135,AR2,1,,1485.0,A1,10.0,30.0,0.58,1.656420267,dsp4sh_000003
26.309166,-98.203663,1486,AR2-1-4,AR2-1,TX-AR2-1-REF,4,,135,AR2,1,,1486.0,A1,30.0,50.0,0.9,,dsp4sh_000003
26.309166,-98.203663,1487,AR2-1-5,AR2-1,TX-AR2-1-REF,5,,135,AR2,1,,1487.0,B2,50.0,80.0,0.59,,dsp4sh_000003
26.309166,-98.203663,1488,AR2-1-6,AR2-1,TX-AR2-1-REF,6,,135,AR2,1,,1488.0,B2ca,80.0,100.0,0.39,,dsp4sh_000003
26.30907954,-98.20307,1489,AR2-2-1,AR2-2,TX-AR2-2-REF,1,,136,AR2,2,,1489.0,A1,0.0,5.0,1.33,2.354243757,dsp4sh_000002
26.30907954,-98.20307,1490,AR2-2-2,AR2-2,TX-AR2-2-REF,2,,136,AR2,2,,1490.0,A1,5.0,10.0,1.15,2.398822878,dsp4sh_000002
26.30907954,-98.20307,1491,AR2-2-3,AR2-2,TX-AR2-2-REF,3,,136,AR2,2,,1491.0,A1,10.0,30.0,1.4,1.491118169,dsp4sh_000002
26.30907954,-98.20307,1492,AR2-2-4,AR2-2,TX-AR2-2-REF,4,,136,AR2,2,,1492.0,A1,30.0,50.0,0.87,,dsp4sh_000002
26.30907954,-98.20307,1493,AR2-2-5,AR2-2,TX-AR2-2-REF,5,,136,AR2,2,,1493.0,B2,50.0,80.0,0.72,,dsp4sh_000002
26.30907954,-98.20307,1494,AR2-2-6,AR2-2,TX-AR2-2-REF,6,,136,AR2,2,,1494.0,B2ca,80.0,100.0,0.7,,dsp4sh_000002
26.30896,-98.202272,1495,AR2-3-1,AR2-3,TX-AR2-3-REF,1,,137,AR2,3,,1495.0,A1,0.0,5.0,2.79,2.304128668,dsp4sh_000001
26.30896,-98.202272,1496,AR2-3-2,AR2-3,TX-AR2-3-REF,2,,137,AR2,3,,1496.0,A1,5.0,10.0,2.04,1.800549712,dsp4sh_000001
26.30896,-98.202272,1497,AR2-3-3,AR2-3,TX-AR2-3-REF,3,,137,AR2,3,,1497.0,A1,10.0,30.0,0.91,2.581218496,dsp4sh_000001
26.30896,-98.202272,1498,AR2-3-4,AR2-3,TX-AR2-3-REF,4,,137,AR2,3,,1498.0,A1,30.0,50.0,0.43,,dsp4sh_000001
26.30896,-98.202272,1499,AR2-3-5,AR2-3,TX-AR2-3-REF,5,,137,AR2,3,,1499.0,B2,50.0,80.0,0.9,,dsp4sh_000001
26.30896,-98.202272,1500,AR2-3-6,AR2-3,TX-AR2-3-REF,6,,137,AR2,3,,1500.0,B2ca,80.0,100.0,0.73,,dsp4sh_000001
26.425936,-97.865571,1501,AR3-1-1,AR3-1,TX-AR3-1-REF,1,,138,AR3,1,,1501.0,A1,0.0,5.0,3.17,0.887988889,dsp4sh_000025
26.425936,-97.865571,1502,AR3-1-2,AR3-1,TX-AR3-1-REF,2,,138,AR3,1,,1502.0,A1,5.0,10.0,2.16,1.305614638,dsp4sh_000025
26.425936,-97.865571,1503,AR3-1-3,AR3-1,TX-AR3-1-REF,3,,138,AR3,1,,1503.0,A1,10.0,30.0,3.47,1.321639812,dsp4sh_000025
26.425936,-97.865571,1504,AR3-1-4,AR3-1,TX-AR3-1-REF,4,,138,AR3,1,,1504.0,A1,30.0,50.0,2.38,,dsp4sh_000025
26.425936,-97.865571,1505,AR3-1-5,AR3-1,TX-AR3-1-REF,5,,138,AR3,1,,1505.0,B2,50.0,80.0,1.16,,dsp4sh_000025
26.425936,-97.865571,1506,AR3-1-6,AR3-1,TX-AR3-1-REF,6,,138,AR3,1,,1506.0,B2ca,80.0,100.0,1.11,,dsp4sh_000025
26.42575,-97.86555,1507,AR3-2-1,AR3-2,TX-AR3-2-REF,1,,139,AR3,2,,1507.0,A1,0.0,5.0,3.45,1.842895021,dsp4sh_000023
26.42575,-97.86555,1508,AR3-2-2,AR3-2,TX-AR3-2-REF,2,,139,AR3,2,,1508.0,A1,5.0,10.0,1.91,1.342035488,dsp4sh_000023
26.42575,-97.86555,1509,AR3-2-3,AR3-2,TX-AR3-2-REF,3,,139,AR3,2,,1509.0,A1,10.0,30.0,1.4,1.677204433,dsp4sh_000023
26.42575,-97.86555,1510,AR3-2-4,AR3-2,TX-AR3-2-REF,4,,139,AR3,2,,1510.0,A1,30.0,50.0,1.03,,dsp4sh_000023
26.42575,-97.86555,1511,AR3-2-5,AR3-2,TX-AR3-2-REF,5,,139,AR3,2,,1511.0,B2,50.0,80.0,0.43,,dsp4sh_000023
26.42575,-97.86555,1512,AR3-2-6,AR3-2,TX-AR3-2-REF,6,,139,AR3,2,,1512.0,B2ca,80.0,100.0,0.62,,dsp4sh_000023
26.425912,-97.863987,1513,AR3-3-1,AR3-3,TX-AR3-3-REF,1,,140,AR3,3,,1513.0,A1,0.0,5.0,8.83,1.156531958,dsp4sh_000024
26.425912,-97.863987,1514,AR3-3-2,AR3-3,TX-AR3-3-REF,2,,140,AR3,3,,1514.0,A1,5.0,10.0,2.93,1.545021027,dsp4sh_000024
26.425912,-97.863987,1515,AR3-3-3,AR3-3,TX-AR3-3-REF,3,,140,AR3,3,,1515.0,A1,10.0,30.0,2.58,1.302409603,dsp4sh_000024
26.425912,-97.863987,1516,AR3-3-4,AR3-3,TX-AR3-3-REF,4,,140,AR3,3,,1516.0,A1,30.0,50.0,1.45,,dsp4sh_000024
26.425912,-97.863987,1517,AR3-3-5,AR3-3,TX-AR3-3-REF,5,,140,AR3,3,,1517.0,B2,50.0,80.0,0.57,,dsp4sh_000024
26.425912,-97.863987,1518,AR3-3-6,AR3-3,TX-AR3-3-REF,6,,140,AR3,3,,1518.0,B2ca,80.0,100.0,0.22,,dsp4sh_000024
41.797167,-72.22985,1519,PaN1-1-1,PaN1-1,S2020CT013001,1,21N00130,80,PaN1,1,S2020CT013001,1519.0,Ap1,0.0,5.0,7.031554344,1.05,dsp4sh_000107
41.797167,-72.22985,1520,PaN1-1-2,PaN1-1,S2020CT013001,2,21N00131,80,PaN1,1,S2020CT013001,1520.0,Ap1,5.0,10.0,3.964311551,1.2,dsp4sh_000107
41.797167,-72.22985,1521,PaN1-1-3,PaN1-1,S2020CT013001,3,21N00132,80,PaN1,1,S2020CT013001,1521.0,AP2,13.0,20.0,4.056773071,1.2,dsp4sh_000107
41.797167,-72.22985,1522,PaN1-1-4,PaN1-1,S2020CT013001,4,21N00133,80,PaN1,1,S2020CT013001,1522.0,Bw1,20.0,52.0,0.912681,1.52,dsp4sh_000107
41.797167,-72.22985,1523,PaN1-1-5,PaN1-1,S2020CT013001,5,21N00134,80,PaN1,1,S2020CT013001,1523.0,Bw2,52.0,73.0,0.696030744,1.53,dsp4sh_000107
41.797167,-72.22985,1524,PaN1-1-6,PaN1-1,S2020CT013001,6,21N00135,80,PaN1,1,S2020CT013001,1524.0,CB,73.0,93.0,0.250600667,1.71,dsp4sh_000107
41.797167,-72.22985,1525,PaN1-1-7,PaN1-1,S2020CT013001,7,21N00136,80,PaN1,1,S2020CT013001,1525.0,Cd,93.0,110.0,0.0,1.8,dsp4sh_000107
41.79725,-72.229722,1526,PaT1-1-1,PaT1-1,S2020CT013002,1,21N00150,81,PaT1,1,S2020CT013002,1526.0,Ap1,0.0,5.0,3.237992445,,dsp4sh_000108
41.79725,-72.229722,1527,PaT1-1-2,PaT1-1,S2020CT013002,2,21N00151,81,PaT1,1,S2020CT013002,1527.0,Ap1,5.0,10.0,2.337853183,1.41,dsp4sh_000108
41.79725,-72.229722,1528,PaT1-1-3,PaT1-1,S2020CT013002,3,21N00152,81,PaT1,1,S2020CT013002,1528.0,Ap2,11.0,23.0,2.343648841,1.44,dsp4sh_000108
41.79725,-72.229722,1529,PaT1-1-4,PaT1-1,S2020CT013002,4,21N00153,81,PaT1,1,S2020CT013002,1529.0,Bw1,23.0,39.0,0.706166035,1.44,dsp4sh_000108
41.79725,-72.229722,1530,PaT1-1-5,PaT1-1,S2020CT013002,5,21N00154,81,PaT1,1,S2020CT013002,1530.0,Bw2,39.0,51.0,0.608638077,1.5,dsp4sh_000108
41.79725,-72.229722,1531,PaT1-1-6,PaT1-1,S2020CT013002,6,21N00155,81,PaT1,1,S2020CT013002,1531.0,BC,51.0,73.0,0.423149367,1.46,dsp4sh_000108
41.79725,-72.229722,1532,PaT1-1-7,PaT1-1,S2020CT013002,7,21N00156,81,PaT1,1,S2020CT013002,1532.0,Cd,73.0,115.0,0.213025745,1.85,dsp4sh_000108
41.797389,-72.2300556,1533,PaT1-2-1,PaT1-2,S2020CT013003,1,21N00157,82,PaT1,2,S2020CT013003,1533.0,Ap1,0.0,5.0,3.335775061,1.15,dsp4sh_000109
41.797389,-72.2300556,1534,PaT1-2-2,PaT1-2,S2020CT013003,2,21N00158,82,PaT1,2,S2020CT013003,1534.0,Ap1,5.0,10.0,2.496328928,1.38,dsp4sh_000109
41.797389,-72.2300556,1535,PaT1-2-3,PaT1-2,S2020CT013003,3,21N00159,82,PaT1,2,S2020CT013003,1535.0,Ap2,15.0,24.0,2.193573979,1.51,dsp4sh_000109
41.797389,-72.2300556,1536,PaT1-2-4,PaT1-2,S2020CT013003,4,21N00160,82,PaT1,2,S2020CT013003,1536.0,Bw1,24.0,45.0,0.618046972,1.54,dsp4sh_000109
41.797389,-72.2300556,1537,PaT1-2-5,PaT1-2,S2020CT013003,5,21N00161,82,PaT1,2,S2020CT013003,1537.0,Bw2,45.0,68.0,0.252476742,1.77,dsp4sh_000109
41.797389,-72.2300556,1538,PaT1-2-6,PaT1-2,S2020CT013003,6,21N00162,82,PaT1,2,S2020CT013003,1538.0,Cd1,68.0,92.0,0.166794631,1.85,dsp4sh_000109
41.797389,-72.2300556,1539,PaT1-2-7,PaT1-2,S2020CT013003,7,21N00163,82,PaT1,2,S2020CT013003,1539.0,Cd2,92.0,110.0,0.13767209,1.94,dsp4sh_000109
41.7975278,-72.23025,1540,PaN1-2-1,PaN1-2,S2020CT013004,1,21N00137,83,PaN1,2,S2020CT013004,1540.0,Ap1,0.0,5.0,3.909415971,1.27,dsp4sh_000110
41.7975278,-72.23025,1541,PaN1-2-2,PaN1-2,S2020CT013004,2,21N00138,83,PaN1,2,S2020CT013004,1541.0,Ap1,5.0,10.0,3.20750435,1.46,dsp4sh_000110
41.7975278,-72.23025,1542,PaN1-2-3,PaN1-2,S2020CT013004,3,21N00139,83,PaN1,2,S2020CT013004,1542.0,Ap2,13.0,19.0,2.886914159,1.42,dsp4sh_000110
41.7975278,-72.23025,1543,PaN1-2-4,PaN1-2,S2020CT013004,4,21N00140,83,PaN1,2,S2020CT013004,1543.0,Bw1,19.0,37.0,0.785478365,1.46,dsp4sh_000110
41.7975278,-72.23025,1544,PaN1-2-5,PaN1-2,S2020CT013004,5,21N00141,83,PaN1,2,S2020CT013004,1544.0,Bw2,37.0,60.0,0.459141842,1.76,dsp4sh_000110
41.7975278,-72.23025,1545,PaN1-2-6,PaN1-2,S2020CT013004,6,21N00142,83,PaN1,2,S2020CT013004,1545.0,BC,60.0,107.0,0.270063694,1.99,dsp4sh_000110
41.79775,-72.2305556,1546,PaN1-3-1,PaN1-3,S2020CT013006,1,21N00143,84,PaN1,3,S2020CT013006,1546.0,Ap1,0.0,5.0,4.732968162,1.19,dsp4sh_000112
41.79775,-72.2305556,1547,PaN1-3-2,PaN1-3,S2020CT013006,2,21N00144,84,PaN1,3,S2020CT013006,1547.0,Ap1,5.0,10.0,3.208573464,1.42,dsp4sh_000112
41.79775,-72.2305556,1548,PaN1-3-3,PaN1-3,S2020CT013006,3,21N00145,84,PaN1,3,S2020CT013006,1548.0,Ap2,15.0,23.0,3.190376569,1.29,dsp4sh_000112
41.79775,-72.2305556,1549,PaN1-3-4,PaN1-3,S2020CT013006,4,21N00146,84,PaN1,3,S2020CT013006,1549.0,Bw1,23.0,36.0,0.910741875,1.56,dsp4sh_000112
41.79775,-72.2305556,1550,PaN1-3-5,PaN1-3,S2020CT013006,5,21N00147,84,PaN1,3,S2020CT013006,1550.0,Bw2,36.0,60.0,0.405053037,1.88,dsp4sh_000112
41.79775,-72.2305556,1551,PaN1-3-6,PaN1-3,S2020CT013006,6,21N00148,84,PaN1,3,S2020CT013006,1551.0,Bw3,60.0,81.0,0.248381755,2.03,dsp4sh_000112
41.79775,-72.2305556,1552,PaN1-3-7,PaN1-3,S2020CT013006,7,21N00149,84,PaN1,3,S2020CT013006,1552.0,BC,81.0,105.0,0.208919469,2.08,dsp4sh_000112
41.7975833,-72.2303333,1553,PaT1-3-1,PaT1-3,S2020CT013005,1,21N00164,85,PaT1,3,S2020CT013005,1553.0,Ap1,0.0,5.0,2.805161836,1.28,dsp4sh_000111
41.7975833,-72.2303333,1554,PaT1-3-2,PaT1-3,S2020CT013005,2,21N00165,85,PaT1,3,S2020CT013005,1554.0,Ap1,5.0,10.0,1.793886891,1.57,dsp4sh_000111
41.7975833,-72.2303333,1555,PaT1-3-3,PaT1-3,S2020CT013005,3,21N00166,85,PaT1,3,S2020CT013005,1555.0,Ap2,12.0,23.0,1.664405246,1.68,dsp4sh_000111
41.7975833,-72.2303333,1556,PaT1-3-4,PaT1-3,S2020CT013005,4,21N00167,85,PaT1,3,S2020CT013005,1556.0,Bw1,23.0,33.0,0.657202944,1.66,dsp4sh_000111
41.7975833,-72.2303333,1557,PaT1-3-5,PaT1-3,S2020CT013005,5,21N00168,85,PaT1,3,S2020CT013005,1557.0,Bw2,33.0,59.0,0.275113774,1.87,dsp4sh_000111
41.7975833,-72.2303333,1558,PaT1-3-6,PaT1-3,S2020CT013005,6,21N00169,85,PaT1,3,S2020CT013005,1558.0,BC,59.0,93.0,0.219489621,1.97,dsp4sh_000111
41.7975833,-72.2303333,1559,PaT1-3-7,PaT1-3,S2020CT013005,7,21N00170,85,PaT1,3,S2020CT013005,1559.0,Cd,93.0,110.0,0.206026268,2.05,dsp4sh_000111
41.8184833,-72.23745,1560,PaM1-1-1,PaM1-1,S2020CT013007,1,21N00171,86,PaM1,1,S2020CT013007,1560.0,A,0.0,5.0,6.721915285,1.11,dsp4sh_000118
41.8184833,-72.23745,1561,PaM1-1-2,PaM1-1,S2020CT013007,2,21N00172,86,PaM1,1,S2020CT013007,1561.0,Ap,5.0,10.0,1.737633704,1.32,dsp4sh_000118
41.8184833,-72.23745,1562,PaM1-1-3,PaM1-1,S2020CT013007,3,21N00173,86,PaM1,1,S2020CT013007,1562.0,Ap,10.0,22.0,0.808262236,1.39,dsp4sh_000118
41.8185,-72.2377833,1563,PaM1-2-1,PaM1-2,S2020CT013008,1,21N00176,87,PaM1,2,S2020CT013008,1563.0,A,0.0,5.0,5.030954708,,dsp4sh_000120
41.8185,-72.2377833,1564,PaM1-2-2,PaM1-2,S2020CT013008,2,21N00177,87,PaM1,2,S2020CT013008,1564.0,A,5.0,10.0,5.345057977,1.08,dsp4sh_000120
41.8185,-72.2377833,1565,PaM1-2-3,PaM1-2,S2020CT013008,3,21N00178,87,PaM1,2,S2020CT013008,1565.0,A/B,12.0,30.0,1.565592414,1.42,dsp4sh_000120
41.8185,-72.2377833,1566,PaM1-2-4,PaM1-2,S2020CT013008,4,21N00179,87,PaM1,2,S2020CT013008,1566.0,Bw,30.0,52.0,0.587295329,1.56,dsp4sh_000120
41.8185,-72.2377833,1567,PaM1-2-5,PaM1-2,S2020CT013008,5,21N00180,87,PaM1,2,S2020CT013008,1567.0,BC,52.0,75.0,0.353860005,1.65,dsp4sh_000120
41.8185,-72.2377833,1568,PaM1-2-6,PaM1-2,S2020CT013008,6,21N00181,87,PaM1,2,S2020CT013008,1568.0,C1,75.0,105.0,0.276627219,1.67,dsp4sh_000120
41.8184333,-72.2388333,1569,PaU1-1-1,PaU1-1,S2020CT013009,1,21N00182,88,PaU1,1,S2020CT013009,1569.0,Oe/A,0.0,5.0,10.77628316,0.73,dsp4sh_000117
41.8184333,-72.2388333,1570,PaU1-1-2,PaU1-1,S2020CT013009,2,21N00183,88,PaU1,1,S2020CT013009,1570.0,A,5.0,10.0,6.469539688,0.99,dsp4sh_000117
41.8184333,-72.2388333,1571,PaU1-1-3,PaU1-1,S2020CT013009,3,21N00184,88,PaU1,1,S2020CT013009,1571.0,Ap,10.0,24.0,4.543040603,1.18,dsp4sh_000117
41.8184333,-72.2388333,1572,PaU1-1-4,PaU1-1,S2020CT013009,4,21N00185,88,PaU1,1,S2020CT013009,1572.0,Bw1,24.0,36.0,1.207888611,1.27,dsp4sh_000117
41.8184333,-72.2388333,1573,PaU1-1-5,PaU1-1,S2020CT013009,5,21N00186,88,PaU1,1,S2020CT013009,1573.0,Bw2,36.0,70.0,0.492109282,1.55,dsp4sh_000117
41.8184333,-72.2388333,1574,PaU1-1-6,PaU1-1,S2020CT013009,6,21N00187,88,PaU1,1,S2020CT013009,1574.0,BC,70.0,97.0,0.278990781,1.72,dsp4sh_000117
41.8184333,-72.2388333,1575,PaU1-1-7,PaU1-1,S2020CT013009,7,21N00188,88,PaU1,1,S2020CT013009,1575.0,Cd,97.0,110.0,0.275231394,1.94,dsp4sh_000117
41.818491,-72.238939,1576,PaU1-2-1,PaU1-2,S2020CT013010,1,21N00189,89,PaU1,2,S2020CT013010,1576.0,Oe/Ap1,0.0,5.0,10.14722681,1.13,dsp4sh_000119
41.818491,-72.238939,1577,PaU1-2-2,PaU1-2,S2020CT013010,2,21N00190,89,PaU1,2,S2020CT013010,1577.0,Ap2,5.0,10.0,6.609356507,,dsp4sh_000119
41.818491,-72.238939,1578,PaU1-2-3,PaU1-2,S2020CT013010,3,21N00191,89,PaU1,2,S2020CT013010,1578.0,Ap2,10.0,14.0,5.189678813,,dsp4sh_000119
41.818491,-72.238939,1579,PaU1-2-4,PaU1-2,S2020CT013010,4,21N00192,89,PaU1,2,S2020CT013010,1579.0,Bw1,14.0,31.0,0.948840849,1.28,dsp4sh_000119
41.818491,-72.238939,1580,PaU1-2-5,PaU1-2,S2020CT013010,5,21N00193,89,PaU1,2,S2020CT013010,1580.0,Bw2,31.0,58.0,0.475505136,1.42,dsp4sh_000119
41.8207833,-72.25135,1581,PaM2-1-1,PaM2-1,S2020CT013011,1,21N00194,90,PaM2,1,S2020CT013011,1581.0,A,0.0,5.0,8.747855918,1.22,dsp4sh_000121
41.8207833,-72.25135,1582,PaM2-1-2,PaM2-1,S2020CT013011,2,21N00195,90,PaM2,1,S2020CT013011,1582.0,Ap,5.0,10.0,2.805649042,1.27,dsp4sh_000121
41.8207833,-72.25135,1583,PaM2-1-3,PaM2-1,S2020CT013011,3,21N00196,90,PaM2,1,S2020CT013011,1583.0,Ap,10.0,23.0,1.719393259,1.38,dsp4sh_000121
41.8207833,-72.25135,1584,PaM2-1-4,PaM2-1,S2020CT013011,4,21N00197,90,PaM2,1,S2020CT013011,1584.0,Bw1,23.0,52.0,0.498345573,1.67,dsp4sh_000121
41.8207833,-72.25135,1585,PaM2-1-5,PaM2-1,S2020CT013011,5,21N00198,90,PaM2,1,S2020CT013011,1585.0,Bw2,52.0,61.0,0.355003811,1.79,dsp4sh_000121
41.8207833,-72.25135,1586,PaM2-1-6,PaM2-1,S2020CT013011,6,21N00199,90,PaM2,1,S2020CT013011,1586.0,BC1,61.0,81.0,0.227165749,1.89,dsp4sh_000121
41.8207833,-72.25135,1587,PaM2-1-7,PaM2-1,S2020CT013011,7,21N00200,90,PaM2,1,S2020CT013011,1587.0,BC2,81.0,98.0,0.241033353,1.92,dsp4sh_000121
41.821,-72.2543056,1588,PaM2-2-1,PaM2-2,S2020CT013012,1,21N00202,91,PaM2,2,S2020CT013012,1588.0,A,0.0,5.0,8.877070976,1.02,dsp4sh_000122
41.821,-72.2543056,1589,PaM2-2-2,PaM2-2,S2020CT013012,2,21N00203,91,PaM2,2,S2020CT013012,1589.0,A/Ap,5.0,10.0,2.414188239,1.31,dsp4sh_000122
41.821,-72.2543056,1590,PaM2-2-3,PaM2-2,S2020CT013012,3,21N00204,91,PaM2,2,S2020CT013012,1590.0,Ap,10.0,19.0,1.5943154,1.42,dsp4sh_000122
41.821,-72.2543056,1591,PaM2-2-4,PaM2-2,S2020CT013012,4,21N00205,91,PaM2,2,S2020CT013012,1591.0,Bw1,19.0,34.0,0.777297209,1.49,dsp4sh_000122
41.821,-72.2543056,1592,PaM2-2-5,PaM2-2,S2020CT013012,5,21N00206,91,PaM2,2,S2020CT013012,1592.0,Bw2,34.0,49.0,0.529595599,1.55,dsp4sh_000122
41.821,-72.2543056,1593,PaM2-2-6,PaM2-2,S2020CT013012,6,21N00207,91,PaM2,2,S2020CT013012,1593.0,BC,49.0,67.0,0.341156403,1.69,dsp4sh_000122
41.8216111,-72.2532778,1594,PaU2-1-1,PaU2-1,S2020CT013013,1,21N00208,92,PaU2,1,S2020CT013013,1594.0,A,0.0,5.0,19.45659489,0.88,dsp4sh_000123
41.8216111,-72.2532778,1595,PaU2-1-2,PaU2-1,S2020CT013013,2,21N00209,92,PaU2,1,S2020CT013013,1595.0,A,5.0,10.0,5.857052498,,dsp4sh_000123
41.8216111,-72.2532778,1596,PaU2-1-3,PaU2-1,S2020CT013013,3,21N00210,92,PaU2,1,S2020CT013013,1596.0,Ap,10.0,25.0,3.314152209,,dsp4sh_000123
41.8216111,-72.2532778,1597,PaU2-1-4,PaU2-1,S2020CT013013,4,21N00211,92,PaU2,1,S2020CT013013,1597.0,Bw1,25.0,47.0,0.895834511,1.39,dsp4sh_000123
41.8216111,-72.2532778,1598,PaU2-1-5,PaU2-1,S2020CT013013,5,21N00212,92,PaU2,1,S2020CT013013,1598.0,Bw2,47.0,66.0,0.521515946,1.67,dsp4sh_000123
41.8216111,-72.2532778,1599,PaU2-1-6,PaU2-1,S2020CT013013,6,21N00213,92,PaU2,1,S2020CT013013,1599.0,BC,66.0,87.0,0.394477318,1.91,dsp4sh_000123
41.8216111,-72.2532778,1600,PaU2-1-7,PaU2-1,S2020CT013013,7,21N00214,92,PaU2,1,S2020CT013013,1600.0,Cd,87.0,120.0,0.282204515,1.86,dsp4sh_000123
41.82161667,-72.25333,1601,PaU2-2-1,PaU2-2,S2020CT013014,1,21N00215,93,PaU2,2,S2020CT013014,1601.0,Ap,0.0,5.0,9.251728345,,dsp4sh_000124
41.82161667,-72.25333,1602,PaU2-2-2,PaU2-2,S2020CT013014,2,21N00216,93,PaU2,2,S2020CT013014,1602.0,Ap,5.0,10.0,3.753917667,1.01,dsp4sh_000124
41.82161667,-72.25333,1603,PaU2-2-3,PaU2-2,S2020CT013014,3,21N00217,93,PaU2,2,S2020CT013014,1603.0,Ap,10.0,23.0,3.130043319,1.16,dsp4sh_000124
41.82161667,-72.25333,1604,PaU2-2-4,PaU2-2,S2020CT013014,4,21N00218,93,PaU2,2,S2020CT013014,1604.0,Bw1,23.0,37.0,1.056321996,1.41,dsp4sh_000124
41.82161667,-72.25333,1605,PaU2-2-5,PaU2-2,S2020CT013014,5,21N00219,93,PaU2,2,S2020CT013014,1605.0,Bw2,37.0,46.0,0.726544751,1.29,dsp4sh_000124
41.82161667,-72.25333,1606,PaU2-2-6,PaU2-2,S2020CT013014,6,21N00220,93,PaU2,2,S2020CT013014,1606.0,Bw3,46.0,60.0,0.470811977,1.56,dsp4sh_000124
41.7995278,-72.188333,1607,PaL1-1-1,PaL1-1,S2020CT013015,1,21N00221,94,PaL1,1,S2020CT013015,1607.0,^A,0.0,5.0,3.792445631,1.22,dsp4sh_000113
41.7995278,-72.188333,1608,PaL1-1-2,PaL1-1,S2020CT013015,2,21N00222,94,PaL1,1,S2020CT013015,1608.0,^Bw,5.0,10.0,1.829307158,1.53,dsp4sh_000113
41.7995278,-72.188333,1609,PaL1-1-3,PaL1-1,S2020CT013015,3,21N00223,94,PaL1,1,S2020CT013015,1609.0,Ap,10.0,28.0,2.639056832,,dsp4sh_000113
41.7995278,-72.188333,1610,PaL1-1-4,PaL1-1,S2020CT013015,4,21N00224,94,PaL1,1,S2020CT013015,1610.0,Bw,28.0,44.0,0.683836736,1.58,dsp4sh_000113
41.7995278,-72.188333,1611,PaL1-1-5,PaL1-1,S2020CT013015,5,21N00225,94,PaL1,1,S2020CT013015,1611.0,BC1,44.0,74.0,0.328016852,1.77,dsp4sh_000113
41.7995278,-72.188333,1612,PaL1-1-6,PaL1-1,S2020CT013015,6,21N00226,94,PaL1,1,S2020CT013015,1612.0,BC2,74.0,94.0,0.303083163,1.82,dsp4sh_000113
41.7995278,-72.188333,1613,PaL1-1-7,PaL1-1,S2020CT013015,7,21N00227,94,PaL1,1,S2020CT013015,1613.0,Cd,94.0,112.0,0.209386168,1.71,dsp4sh_000113
41.7995556,-72.18838889,1614,PaL1-2-1,PaL1-2,S2020CT013016,1,21N00228,95,PaL1,2,S2020CT013016,1614.0,A,0.0,5.0,5.884748524,1.21,dsp4sh_000114
41.7995556,-72.18838889,1615,PaL1-2-2,PaL1-2,S2020CT013016,2,21N00229,95,PaL1,2,S2020CT013016,1615.0,Ap,5.0,10.0,3.938851398,1.22,dsp4sh_000114
41.7995556,-72.18838889,1616,PaL1-2-3,PaL1-2,S2020CT013016,3,21N00230,95,PaL1,2,S2020CT013016,1616.0,Ap,10.0,24.0,3.14162539,1.26,dsp4sh_000114
41.7995556,-72.18838889,1617,PaL1-2-4,PaL1-2,S2020CT013016,4,21N00231,95,PaL1,2,S2020CT013016,1617.0,Bw1,24.0,40.0,0.795029977,1.43,dsp4sh_000114
41.7995556,-72.18838889,1618,PaL1-2-5,PaL1-2,S2020CT013016,5,21N00232,95,PaL1,2,S2020CT013016,1618.0,Bw2,40.0,57.0,0.528499763,1.47,dsp4sh_000114
41.800011,-72.189595,1619,PaL2-1-1,PaL2-1,S2020CT013017,1,21N00233,96,PaL2,1,S2020CT013017,1619.0,^A,0.0,5.0,5.998677646,1.2,dsp4sh_000115
41.800011,-72.189595,1620,PaL2-1-2,PaL2-1,S2020CT013017,2,21N00234,96,PaL2,1,S2020CT013017,1620.0,^Au,5.0,10.0,2.552887619,1.33,dsp4sh_000115
41.800011,-72.189595,1621,PaL2-1-3,PaL2-1,S2020CT013017,3,21N00235,96,PaL2,1,S2020CT013017,1621.0,Ap,17.0,37.0,1.487573099,1.48,dsp4sh_000115
41.800011,-72.189595,1622,PaL2-1-4,PaL2-1,S2020CT013017,4,21N00236,96,PaL2,1,S2020CT013017,1622.0,Bw,37.0,58.0,0.511138236,1.48,dsp4sh_000115
41.800011,-72.189595,1623,PaL2-1-5,PaL2-1,S2020CT013017,5,21N00237,96,PaL2,1,S2020CT013017,1623.0,BC,58.0,66.0,0.396488806,1.4,dsp4sh_000115
41.800011,-72.189595,1624,PaL2-1-6,PaL2-1,S2020CT013017,6,21N00238,96,PaL2,1,S2020CT013017,1624.0,2C,66.0,110.0,0.149235549,,dsp4sh_000115
41.80006,-72.1895,1625,PaL2-2-1,PaL2-2,S2020CT013018,1,21N00239,97,PaL2,2,S2020CT013018,1625.0,^Au,0.0,5.0,3.002090063,1.33,dsp4sh_000116
41.80006,-72.1895,1626,PaL2-2-2,PaL2-2,S2020CT013018,2,21N00240,97,PaL2,2,S2020CT013018,1626.0,^Au,5.0,10.0,2.458639706,1.33,dsp4sh_000116
41.80006,-72.1895,1627,PaL2-2-3,PaL2-2,S2020CT013018,3,21N00241,97,PaL2,2,S2020CT013018,1627.0,^AB,10.0,29.0,1.585302854,1.47,dsp4sh_000116
41.80006,-72.1895,1628,PaL2-2-4,PaL2-2,S2020CT013018,4,21N00242,97,PaL2,2,S2020CT013018,1628.0,Ap,29.0,44.0,1.721872947,1.48,dsp4sh_000116
41.80006,-72.1895,1629,PaL2-2-5,PaL2-2,S2020CT013018,5,21N00243,97,PaL2,2,S2020CT013018,1629.0,Bw,44.0,60.0,0.664276677,1.48,dsp4sh_000116
41.9655,-71.9745277,1630,PaH1-1-1,PaH1-1,S2020CT015004,1,21N00290,98,PaH1,1,S2020CT015004,1630.0,Bt2,0.0,5.0,4.237354086,,dsp4sh_000126
41.9655,-71.9745277,1631,PaH1-1-2,PaH1-1,S2020CT015004,2,21N00291,98,PaH1,1,S2020CT015004,1631.0,Btk1,5.0,10.0,2.944904924,,dsp4sh_000126
41.9655,-71.9745277,1632,PaH1-1-3,PaH1-1,S2020CT015004,3,21N00292,98,PaH1,1,S2020CT015004,1632.0,Btk2,11.0,32.0,2.252333094,1.37,dsp4sh_000126
41.9655,-71.9745277,1633,PaH1-1-4,PaH1-1,S2020CT015004,4,21N00293,98,PaH1,1,S2020CT015004,1633.0,Bk,32.0,53.0,0.693876897,1.3,dsp4sh_000126
41.9655,-71.9745277,1634,PaH1-1-5,PaH1-1,S2020CT015004,5,21N00294,98,PaH1,1,S2020CT015004,1634.0,Ap,53.0,72.0,0.487217926,1.4,dsp4sh_000126
41.9655,-71.9745277,1635,PaH1-1-6,PaH1-1,S2020CT015004,6,21N00295,98,PaH1,1,S2020CT015004,1635.0,Ap,72.0,100.0,0.269201187,1.66,dsp4sh_000126
41.96552778,-71.9745556,1636,PaH1-2-1,PaH1-2,S2020CT015005,1,21N00296,99,PaH1,2,S2020CT015005,1636.0,A,0.0,5.0,3.835557236,,dsp4sh_000128
41.96552778,-71.9745556,1637,PaH1-2-2,PaH1-2,S2020CT015005,2,21N00297,99,PaH1,2,S2020CT015005,1637.0,Bt1,5.0,10.0,3.384569908,1.18,dsp4sh_000128
41.96552778,-71.9745556,1638,PaH1-2-3,PaH1-2,S2020CT015005,3,21N00298,99,PaH1,2,S2020CT015005,1638.0,Bt2,13.0,25.0,2.383247174,1.36,dsp4sh_000128
41.96552778,-71.9745556,1639,PaH1-2-4,PaH1-2,S2020CT015005,4,21N00299,99,PaH1,2,S2020CT015005,1639.0,Btk,25.0,46.0,0.706508901,1.33,dsp4sh_000128
41.96552778,-71.9745556,1640,PaH1-2-5,PaH1-2,S2020CT015005,5,21N00300,99,PaH1,2,S2020CT015005,1640.0,Bk,46.0,70.0,0.552285444,1.35,dsp4sh_000128
41.9655556,-71.9746667,1641,PaN2-1-1,PaN2-1,S2020CT015001,1,21N00276,100,PaN2,1,S2020CT015001,1641.0,Ap1,0.0,5.0,2.573148752,1.41,dsp4sh_000129
41.9655556,-71.9746667,1642,PaN2-1-2,PaN2-1,S2020CT015001,2,21N00277,100,PaN2,1,S2020CT015001,1642.0,Ap1,5.0,10.0,2.155375584,1.46,dsp4sh_000129
41.9655556,-71.9746667,1643,PaN2-1-3,PaN2-1,S2020CT015001,3,21N00278,100,PaN2,1,S2020CT015001,1643.0,Ap2,16.0,34.0,1.665478825,1.51,dsp4sh_000129
41.9655556,-71.9746667,1644,PaN2-1-4,PaN2-1,S2020CT015001,4,21N00279,100,PaN2,1,S2020CT015001,1644.0,Bt,34.0,55.0,0.698546533,1.35,dsp4sh_000129
41.9655556,-71.9746667,1645,PaN2-1-5,PaN2-1,S2020CT015001,5,21N00280,100,PaN2,1,S2020CT015001,1645.0,Btk1,55.0,86.0,0.458093309,1.45,dsp4sh_000129
41.9655556,-71.9746667,1646,PaN2-1-6,PaN2-1,S2020CT015001,6,21N00281,100,PaN2,1,S2020CT015001,1646.0,Btk2,86.0,108.0,0.215061047,1.71,dsp4sh_000129
41.9654722,-71.97463889,1647,PaN2-2-1,PaN2-2,S2020CT015002,1,21N00282,101,PaN2,2,S2020CT015002,1647.0,Bk,0.0,5.0,2.792303223,1.36,dsp4sh_000125
41.9654722,-71.97463889,1648,PaN2-2-2,PaN2-2,S2020CT015002,2,21N00283,101,PaN2,2,S2020CT015002,1648.0,Ap1,5.0,10.0,2.088570876,1.43,dsp4sh_000125
41.9654722,-71.97463889,1649,PaN2-2-3,PaN2-2,S2020CT015002,3,21N00284,101,PaN2,2,S2020CT015002,1649.0,Ap1,16.0,35.0,2.020406784,1.47,dsp4sh_000125
41.9654722,-71.97463889,1650,PaN2-2-4,PaN2-2,S2020CT015002,4,21N00285,101,PaN2,2,S2020CT015002,1650.0,Ap2,35.0,51.0,0.887870911,1.37,dsp4sh_000125
41.96552778,-71.9746667,1651,PaN2-3-1,PaN2-3,S2020CT015003,1,21N00286,102,PaN2,3,S2020CT015003,1651.0,Bt1,0.0,5.0,2.704091718,1.35,dsp4sh_000127
41.96552778,-71.9746667,1652,PaN2-3-2,PaN2-3,S2020CT015003,2,21N00287,102,PaN2,3,S2020CT015003,1652.0,Bt2,5.0,10.0,2.002675188,1.44,dsp4sh_000127
41.96552778,-71.9746667,1653,PaN2-3-3,PaN2-3,S2020CT015003,3,21N00288,102,PaN2,3,S2020CT015003,1653.0,Btk1,17.0,40.0,1.838591059,1.43,dsp4sh_000127
41.96552778,-71.9746667,1654,PaN2-3-4,PaN2-3,S2020CT015003,4,21N00289,102,PaN2,3,S2020CT015003,1654.0,Btk2,40.0,56.0,0.775993637,1.41,dsp4sh_000127
41.7541111,-72.2346389,1655,PaH2-1-1,PaH2-1,S2020CT013019,1,21N00244,103,PaH2,1,S2020CT013019,1655.0,Ap1,0.0,5.0,5.204555577,1.21,dsp4sh_000105
41.7541111,-72.2346389,1656,PaH2-1-2,PaH2-1,S2020CT013019,2,21N00245,103,PaH2,1,S2020CT013019,1656.0,Ap2,5.0,10.0,4.828478964,1.42,dsp4sh_000105
41.7541111,-72.2346389,1657,PaH2-1-3,PaH2-1,S2020CT013019,3,21N00246,103,PaH2,1,S2020CT013019,1657.0,Ap2,10.0,19.0,1.056756115,1.38,dsp4sh_000105
41.7541111,-72.2346389,1658,PaH2-1-4,PaH2-1,S2020CT013019,4,21N00247,103,PaH2,1,S2020CT013019,1658.0,Bw1,19.0,32.0,0.749686681,1.4,dsp4sh_000105
41.7541111,-72.2346389,1659,PaH2-1-5,PaH2-1,S2020CT013019,5,21N00248,103,PaH2,1,S2020CT013019,1659.0,Bw2,32.0,41.0,0.603136309,1.38,dsp4sh_000105
41.7541111,-72.2346389,1660,PaH2-1-6,PaH2-1,S2020CT013019,6,21N00249,103,PaH2,1,S2020CT013019,1660.0,Bw3,41.0,55.0,0.205852363,1.56,dsp4sh_000105
41.7541111,-72.2346389,1661,PaH2-1-7,PaH2-1,S2020CT013019,7,21N00250,103,PaH2,1,S2020CT013019,1661.0,Cd1,55.0,75.0,0.159286397,1.93,dsp4sh_000105
41.7541389,-72.2345833,1662,PaH2-2-1,PaH2-2,S2020CT013020,1,21N00252,104,PaH2,2,S2020CT013020,1662.0,Ap1,0.0,5.0,4.928644241,1.23,dsp4sh_000106
41.7541389,-72.2345833,1663,PaH2-2-2,PaH2-2,S2020CT013020,2,21N00253,104,PaH2,2,S2020CT013020,1663.0,Ap1,5.0,10.0,4.463469933,1.39,dsp4sh_000106
41.7541389,-72.2345833,1664,PaH2-2-3,PaH2-2,S2020CT013020,3,21N00254,104,PaH2,2,S2020CT013020,1664.0,Ap2,12.0,23.0,2.687520207,1.37,dsp4sh_000106
41.7541389,-72.2345833,1665,PaH2-2-4,PaH2-2,S2020CT013020,4,21N00255,104,PaH2,2,S2020CT013020,1665.0,Bw,23.0,38.0,0.875720498,1.52,dsp4sh_000106
41.7541389,-72.2345833,1666,PaH2-2-5,PaH2-2,S2020CT013020,5,21N00256,104,PaH2,2,S2020CT013020,1666.0,BC,38.0,50.0,0.62992895,1.6,dsp4sh_000106
41.7537778,-72.2351944,1667,PaT2-1-1,PaT2-1,S2020CT013021,1,21N00257,105,PaT2,1,S2020CT013021,1667.0,Ap,0.0,5.0,2.450860701,1.59,dsp4sh_000102
41.7537778,-72.2351944,1668,PaT2-1-2,PaT2-1,S2020CT013021,2,21N00258,105,PaT2,1,S2020CT013021,1668.0,Ap,5.0,10.0,2.213197213,1.47,dsp4sh_000102
41.7537778,-72.2351944,1669,PaT2-1-3,PaT2-1,S2020CT013021,3,21N00259,105,PaT2,1,S2020CT013021,1669.0,Ap,10.0,19.0,2.121857958,1.51,dsp4sh_000102
41.7537778,-72.2351944,1670,PaT2-1-4,PaT2-1,S2020CT013021,4,21N00260,105,PaT2,1,S2020CT013021,1670.0,Bw,19.0,30.0,0.445939031,1.73,dsp4sh_000102
41.7537778,-72.2351944,1671,PaT2-1-5,PaT2-1,S2020CT013021,5,21N00261,105,PaT2,1,S2020CT013021,1671.0,BC,30.0,45.0,0.357056565,1.84,dsp4sh_000102
41.7537778,-72.2351944,1672,PaT2-1-6,PaT2-1,S2020CT013021,6,21N00262,105,PaT2,1,S2020CT013021,1672.0,Cd1,45.0,62.0,0.24769506,1.88,dsp4sh_000102
41.7537778,-72.2351944,1673,PaT2-1-7,PaT2-1,S2020CT013021,7,21N00263,105,PaT2,1,S2020CT013021,1673.0,Cd2,62.0,80.0,0.241645804,1.98,dsp4sh_000102
41.7537778,-72.2351944,1674,PaT2-1-8,PaT2-1,S2020CT013021,8,21N00264,105,PaT2,1,S2020CT013021,1674.0,Cd3,80.0,94.0,0.23357184,1.97,dsp4sh_000102
41.7537778,-72.2351944,1675,PaT2-1-9,PaT2-1,S2020CT013021,9,21N00265,105,PaT2,1,S2020CT013021,1675.0,Cd4,94.0,116.0,0.232326585,2.04,dsp4sh_000102
41.7538,-72.2351833,1676,PaT2-2-1,PaT2-2,S2020CT013022,1,21N00266,106,PaT2,2,S2020CT013022,1676.0,Ap1,0.0,5.0,2.100453386,1.58,dsp4sh_000104
41.7538,-72.2351833,1677,PaT2-2-2,PaT2-2,S2020CT013022,2,21N00267,106,PaT2,2,S2020CT013022,1677.0,Ap1,5.0,10.0,2.360699235,1.55,dsp4sh_000104
41.7538,-72.2351833,1678,PaT2-2-3,PaT2-2,S2020CT013022,3,21N00268,106,PaT2,2,S2020CT013022,1678.0,Ap2,15.0,29.0,1.942484735,1.54,dsp4sh_000104
41.7538,-72.2351833,1679,PaT2-2-4,PaT2-2,S2020CT013022,4,21N00269,106,PaT2,2,S2020CT013022,1679.0,BC,29.0,39.0,0.919779866,1.7,dsp4sh_000104
41.7538,-72.2351833,1680,PaT2-2-5,PaT2-2,S2020CT013022,5,21N00270,106,PaT2,2,S2020CT013022,1680.0,Cd,39.0,56.0,0.397621372,1.85,dsp4sh_000104
41.7537833,-72.23521667,1681,PaT2-3-1,PaT2-3,S2020CT013023,1,21N00271,107,PaT2,3,S2020CT013023,1681.0,Ap,0.0,5.0,2.489927113,1.58,dsp4sh_000103
41.7537833,-72.23521667,1682,PaT2-3-2,PaT2-3,S2020CT013023,2,21N00272,107,PaT2,3,S2020CT013023,1682.0,Ap,5.0,10.0,2.157530711,1.55,dsp4sh_000103
41.7537833,-72.23521667,1683,PaT2-3-3,PaT2-3,S2020CT013023,3,21N00273,107,PaT2,3,S2020CT013023,1683.0,Bw,17.0,26.0,0.749440716,1.76,dsp4sh_000103
41.7537833,-72.23521667,1684,PaT2-3-4,PaT2-3,S2020CT013023,4,21N00274,107,PaT2,3,S2020CT013023,1684.0,Cd1,26.0,38.0,0.350489725,1.8,dsp4sh_000103
41.7537833,-72.23521667,1685,PaT2-3-5,PaT2-3,S2020CT013023,5,21N00275,107,PaT2,3,S2020CT013023,1685.0,Cd2,38.0,51.0,0.337782172,2.0,dsp4sh_000103
