DSP_Pedon,DSP_Pedon_ID,final_lat,final_lon,z_mid,observed_SOC_pct,predicted_SOC_pct,predicted_absolute_error,calibrated_half_width_90,lower_90,upper_90
S2018KS153101,KeCF3-1,39.9519869,-100.89697265625,2.5,1.88999998569488,1.8673295,0.5698808,1.2761602,0.5911692598266602,3.14348974017334
S2018KS153101,KeCF3-1,39.9519869,-100.89697265625,7.5,1.0499999523162802,1.5834926,0.4962196,1.1112074,0.47228523401031497,2.694699965989685
S2018KS153101,KeCF3-1,39.9519869,-100.89697265625,16.5,0.88999998569488,0.9112526,0.32269442,0.7226245,0.18862811927566525,1.6338770807243348
S2018KS153101,KeCF3-1,39.9519869,-100.89697265625,31.5,0.7200000286102199,0.58780146,0.26626715,0.5962643,0.0,1.1840657627305604
S2018KS153101,KeCF3-1,39.9519869,-100.89697265625,48.5,0.57999998331069,0.45802718,0.2128327,0.47660607,0.0,0.9346332509953308
S2018KS153101,KeCF3-1,39.9519869,-100.89697265625,65.5,0.47999998927116,0.35120875,0.17782596,0.39821386,0.0,0.7494226133728028
S2018KS153101,KeCF3-1,39.9519869,-100.89697265625,87.0,0.4399999976158099,0.23687987,0.147162,0.32954666,0.0,0.5664265301848602
S2018KS153102,KeCF3-2,39.9521612,-100.8967806,2.5,1.64999997615814,1.8477367,0.58543414,1.3109896,0.5367470816986084,3.1587263183013916
S2018KS153102,KeCF3-2,39.9521612,-100.8967806,7.5,1.00999999046325,1.5678741,0.5170673,1.1578926,0.40998151519927983,2.7257666848007203
S2018KS153102,KeCF3-2,39.9521612,-100.8967806,15.5,1.07000005245208,0.94145197,0.33937353,0.7599748,0.18147719230148318,1.701426747698517
S2018KS153102,KeCF3-2,39.9521612,-100.8967806,28.5,0.6700000166893,0.60836965,0.26969865,0.6039486,0.0044210568603515465,1.2123182431396484
S2018KS153102,KeCF3-2,39.9521612,-100.8967806,44.0,0.56000000238418,0.47769615,0.21680166,0.48549393,0.0,0.963190078194046
S2018KS153102,KeCF3-2,39.9521612,-100.8967806,63.5,0.56999999284744,0.35550034,0.17771833,0.39797282,0.0,0.7534731621893311
S2018KS153102,KeCF3-2,39.9521612,-100.8967806,87.5,0.77999997138977,0.22940217,0.14705718,0.3293119,0.0,0.5587140772914123
S2018KS153103,KeCF3-3,39.9521612,-100.8967806,2.5,1.62999999523162,1.8477367,0.58543414,1.3109896,0.5367470816986084,3.1587263183013916
S2018KS153103,KeCF3-3,39.9521612,-100.8967806,7.5,1.00999999046325,1.5678741,0.5170673,1.1578926,0.40998151519927983,2.7257666848007203
S2018KS153103,KeCF3-3,39.9521612,-100.8967806,15.5,0.80000001192092,0.94145197,0.33937353,0.7599748,0.18147719230148318,1.701426747698517
S2018KS153103,KeCF3-3,39.9521612,-100.8967806,29.0,0.58999997377395,0.60836965,0.26969865,0.6039486,0.0044210568603515465,1.2123182431396484
S2018KS153103,KeCF3-3,39.9521612,-100.8967806,43.5,0.54000002145767,0.4786439,0.21680166,0.48549393,0.0,0.964137828194046
S2018KS153103,KeCF3-3,39.9521612,-100.8967806,66.5,0.7200000286102199,0.33871126,0.17771833,0.39797282,0.0,0.736684082189331
S2018KS153103,KeCF3-3,39.9521612,-100.8967806,91.5,0.61000001430511,0.22940217,0.14705718,0.3293119,0.0,0.5587140772914123
S2018KS153104,KeC3-1,39.978288,-100.868944,2.5,3.78999996185302,1.0488727,0.35115904,0.7863666,0.2625061180831909,1.835239281916809
S2018KS153104,KeC3-1,39.978288,-100.868944,7.5,3.73000001907348,0.99145705,0.31410754,0.7033955,0.28806156412200923,1.6948525358779907
S2018KS153104,KeC3-1,39.978288,-100.868944,16.5,0.95999997854232,0.8258226,0.2965437,0.66406393,0.16175866948852535,1.4898865305114746
S2018KS153104,KeC3-1,39.978288,-100.868944,31.0,0.7200000286102199,0.59356725,0.25601003,0.57329506,0.02027219318008422,1.1668623068199158
S2018KS153104,KeC3-1,39.978288,-100.868944,48.0,0.51999998092651,0.44845358,0.20209818,0.45256776,0.0,0.9010213361759949
S2018KS153104,KeC3-1,39.978288,-100.868944,67.0,0.6200000047683699,0.3403934,0.16797791,0.37616068,0.0,0.7165540812477111
S2018KS153104,KeC3-1,39.978288,-100.868944,88.5,0.4900000095367399,0.22675903,0.1375703,0.30806753,0.0,0.5348265603936004
S2018KS153105,KeC3-2,39.978452,-100.868986,2.5,1.22000002861022,1.0488727,0.35115904,0.7863666,0.2625061180831909,1.835239281916809
S2018KS153105,KeC3-2,39.978452,-100.868986,7.5,0.95999997854232,0.99145705,0.31410754,0.7033955,0.28806156412200923,1.6948525358779907
S2018KS153105,KeC3-2,39.978452,-100.868986,12.5,0.77999997138977,0.88491845,0.3024018,0.6771823,0.2077361332199097,1.5621007667800904
S2018KS153105,KeC3-2,39.978452,-100.868986,20.5,0.68000000715255,0.79787356,0.3025837,0.6775896,0.1202839646821594,1.4754631553178406
S2018KS153105,KeC3-2,39.978452,-100.868986,30.5,0.87000000476837,0.59341353,0.25601003,0.57329506,0.020118473180084195,1.1667085868199156
S2018KS153105,KeC3-2,39.978452,-100.868986,45.0,0.80000001192092,0.47669706,0.2078463,0.4654398,0.0112572635522461,0.9421368564477539
S2018KS153105,KeC3-2,39.978452,-100.868986,70.5,0.44999998807907,0.31377894,0.15822053,0.3543105,0.0,0.6680894525427246
S2018KS153105,KeC3-2,39.978452,-100.868986,93.0,0.40000000596046,0.22675903,0.1375703,0.30806753,0.0,0.5348265603936004
S2018KS153106,KeC3-3,39.9783659,-100.8687585,2.5,1.23000001907348,1.0488727,0.35115904,0.7863666,0.2625061180831909,1.835239281916809
S2018KS153106,KeC3-3,39.9783659,-100.8687585,7.5,1.02999997138977,0.99145705,0.31410754,0.7033955,0.28806156412200923,1.6948525358779907
S2018KS153106,KeC3-3,39.9783659,-100.8687585,14.0,0.8799999952316199,0.8735428,0.3013937,0.67492473,0.19861806874542232,1.5484675312545777
S2018KS153106,KeC3-3,39.9783659,-100.8687585,23.5,1.00999999046325,0.6802017,0.28925547,0.6477431,0.03245859411163332,1.3279448058883667
S2018KS153106,KeC3-3,39.9783659,-100.8687585,35.0,0.88999998569488,0.56965655,0.256833,0.5751379,0.0,1.1447944632270812
S2018KS153106,KeC3-3,39.9783659,-100.8687585,49.0,0.58999997377395,0.4429417,0.20134516,0.45088148,0.0,0.8938231811706543
S2018KS153106,KeC3-3,39.9783659,-100.8687585,66.5,0.3600000143051099,0.3403934,0.16797791,0.37616068,0.0,0.7165540812477111
S2018KS153106,KeC3-3,39.9783659,-100.8687585,88.0,0.40999999642372,0.22675903,0.1375703,0.30806753,0.0,0.5348265603936004
S2018KS153107,KeN3-1,39.9736474,-100.8692162,2.5,1.35000002384185,1.9347411,0.82532567,1.8481897,0.08655138842926036,3.78293081157074
S2018KS153107,KeN3-1,39.9736474,-100.8692162,7.5,3.00999999046325,1.5515261,0.6588195,1.4753249,0.07620123084411623,3.026850969155884
S2018KS153107,KeN3-1,39.9736474,-100.8692162,17.5,1.03999996185302,0.85570014,0.38384405,0.85955966,0.0,1.7152597951895143
S2018KS153107,KeN3-1,39.9736474,-100.8692162,34.0,0.74000000953674,0.5948322,0.3130723,0.7010772,0.0,1.2959094228240966
S2018KS153107,KeN3-1,39.9736474,-100.8692162,50.0,0.58999997377395,0.46035954,0.24082728,0.5392956,0.0,0.9996551537657166
S2018KS153107,KeN3-1,39.9736474,-100.8692162,70.0,0.73000001907348,0.33808705,0.20122369,0.45060948,0.0,0.7886965253742217
S2018KS153107,KeN3-1,39.9736474,-100.8692162,91.5,0.81999999284744,0.25827384,0.17882316,0.40044692,0.0,0.6587207615869903
S2018KS153108,KeN3-2,39.9739409,-100.8692095,2.5,2.91000008583068,1.9347411,0.82532567,1.8481897,0.08655138842926036,3.78293081157074
S2018KS153108,KeN3-2,39.9739409,-100.8692095,7.5,1.28999996185302,1.5515261,0.6588195,1.4753249,0.07620123084411623,3.026850969155884
S2018KS153108,KeN3-2,39.9739409,-100.8692095,17.5,1.05999994277954,0.85570014,0.38384405,0.85955966,0.0,1.7152597951895143
S2018KS153108,KeN3-2,39.9739409,-100.8692095,35.0,0.6700000166893,0.5745669,0.3130723,0.7010772,0.0,1.2756441228240967
S2018KS153108,KeN3-2,39.9739409,-100.8692095,58.0,0.57999998331069,0.41732085,0.23399647,0.52399904,0.0,0.941319885358429
S2018KS153108,KeN3-2,39.9739409,-100.8692095,78.0,0.66000002622604,0.30709112,0.19118857,0.42813736,0.0,0.7352284820033264
S2018KS153108,KeN3-2,39.9739409,-100.8692095,92.5,0.91000002622604,0.25827384,0.17882316,0.40044692,0.0,0.6587207615869903
S2018KS153109,KeN3-3,39.9737363,-100.8690184,2.5,2.78999996185302,2.0140662,0.8149653,1.8249893,0.18907688115234356,3.839055518847656
S2018KS153109,KeN3-3,39.9737363,-100.8690184,7.5,1.35000002384185,1.6067233,0.6218764,1.3925965,0.21412681676940926,2.999319783230591
S2018KS153109,KeN3-3,39.9737363,-100.8690184,18.0,0.95999997854232,0.9123128,0.3715394,0.8320053,0.08030747802047733,1.7443181219795227
S2018KS153109,KeN3-3,39.9737363,-100.8690184,35.0,0.70999997854232,0.59478027,0.28592303,0.6402806,0.0,1.2350608743624878
S2018KS153109,KeN3-3,39.9737363,-100.8690184,54.5,0.74000000953674,0.43136036,0.22839941,0.5114653,0.0,0.942825671050415
S2018KS153109,KeN3-3,39.9737363,-100.8690184,72.0,0.88999998569488,0.33231995,0.18502831,0.41434243,0.0,0.7466623832141877
S2018KS153109,KeN3-3,39.9737363,-100.8690184,89.5,0.66000002622604,0.24574518,0.16390014,0.36702913,0.0,0.6127743104588318
S2018KS179104,KeCF1-1,39.2447359,-100.5431538,2.5,1.91999995708465,2.0091345,0.7147488,1.6005698,0.4085646557540894,3.6097043442459107
S2018KS179104,KeCF1-1,39.2447359,-100.5431538,7.5,1.0900000333786,1.6829139,0.59279144,1.3274652,0.35544872341766354,3.0103790765823364
S2018KS179104,KeCF1-1,39.2447359,-100.5431538,14.0,0.93000000715255,1.0811906,0.39739835,0.8899124,0.1912781735282898,1.9711030264717102
S2018KS179104,KeCF1-1,39.2447359,-100.5431538,22.5,0.6200000047683699,0.8325811,0.36382157,0.81472236,0.017858740819549523,1.6473034591804505
S2018KS179104,KeCF1-1,39.2447359,-100.5431538,32.0,0.57999998331069,0.58987993,0.29423007,0.658883,0.0,1.248762905578308
S2018KS179104,KeCF1-1,39.2447359,-100.5431538,48.0,0.7200000286102199,0.47062066,0.24277908,0.54366636,0.0,1.0142870227624512
S2018KS179104,KeCF1-1,39.2447359,-100.5431538,79.5,0.50999999046325,0.31896058,0.2003288,0.4486055,0.0,0.7675660876122283
S2018KS179105,KeCF1-2,39.2450134,-100.5430643,2.5,1.7899999618530198,2.0197883,0.7147488,1.6005698,0.41921845575408945,3.6203581442459107
S2018KS179105,KeCF1-2,39.2450134,-100.5430643,7.5,1.11000001430511,1.6924114,0.59279144,1.3274652,0.3649462234176635,3.0198765765823365
S2018KS179105,KeCF1-2,39.2450134,-100.5430643,14.0,0.89999997615814,1.0885588,0.39739835,0.8899124,0.19864637352828973,1.9784712264717101
S2018KS179105,KeCF1-2,39.2450134,-100.5430643,25.0,0.6200000047683699,0.7483276,0.3343061,0.748627,0.0,1.496954607007599
S2018KS179105,KeCF1-2,39.2450134,-100.5430643,38.5,0.5500000119209201,0.5680538,0.2887782,0.6466743,0.0,1.2147280753982543
S2018KS179105,KeCF1-2,39.2450134,-100.5430643,55.5,0.5299999713897701,0.44091398,0.2420006,0.54192305,0.0,0.9828370261120605
S2018KS179105,KeCF1-2,39.2450134,-100.5430643,83.0,0.5,0.3219379,0.2003288,0.4486055,0.0,0.7705434076122284
S2018KS179106,KeCF1-3,39.2447102,-100.5427146,2.5,1.88999998569488,2.0091345,0.7147488,1.6005698,0.4085646557540894,3.6097043442459107
S2018KS179106,KeCF1-3,39.2447102,-100.5427146,7.5,1.19000005722045,1.6829139,0.59279144,1.3274652,0.35544872341766354,3.0103790765823364
S2018KS179106,KeCF1-3,39.2447102,-100.5427146,14.0,1.23000001907348,1.0811906,0.39739835,0.8899124,0.1912781735282898,1.9711030264717102
S2018KS179106,KeCF1-3,39.2447102,-100.5427146,32.0,0.80000001192092,0.58987993,0.29423007,0.658883,0.0,1.248762905578308
S2018KS179106,KeCF1-3,39.2447102,-100.5427146,61.5,0.56999999284744,0.404907,0.229003,0.51281697,0.0,0.9177239655799866
S2018KS179106,KeCF1-3,39.2447102,-100.5427146,86.0,0.47999998927116,0.29444474,0.2003288,0.4486055,0.0,0.7430502476122284
S2018KS179106,KeCF1-3,39.2447102,-100.5427146,97.5,0.44999998807907,0.29868376,0.2003288,0.4486055,0.0,0.7472892676122285
S2018KS179107,KeN1-1,39.249205,-100.56165313720705,2.5,3.1900000572204497,2.322752,0.8526229,1.9093177,0.4134342681427001,4.232069731857299
S2018KS179107,KeN1-1,39.249205,-100.56165313720705,7.5,2.00999999046325,1.7931023,0.7060776,1.581152,0.2119503377197265,3.3742542622802736
S2018KS179107,KeN1-1,39.249205,-100.56165313720705,16.5,1.67999994754791,0.9819899,0.37055662,0.8298045,0.1521854199241638,1.811794380075836
S2018KS179107,KeN1-1,39.249205,-100.56165313720705,33.5,1.03999996185302,0.65734357,0.2746379,0.6150093,0.04233426213867186,1.2723528778613282
S2018KS179107,KeN1-1,39.249205,-100.56165313720705,56.0,0.68000000715255,0.48866647,0.22581808,0.50568485,0.0,0.9943513226000977
S2018KS179107,KeN1-1,39.249205,-100.56165313720705,74.0,0.7900000214576699,0.3977874,0.20590758,0.46109834,0.0,0.8588857431339264
S2018KS179107,KeN1-1,39.249205,-100.56165313720705,90.0,0.5299999713897701,0.2998514,0.17838524,0.39946628,0.0,0.6993176761688232
S2018KS179108,KeN1-2,39.249205,-100.56165313720705,2.5,3.3699998855590803,2.322752,0.8526229,1.9093177,0.4134342681427001,4.232069731857299
S2018KS179108,KeN1-2,39.249205,-100.56165313720705,7.5,1.89999997615814,1.7931023,0.7060776,1.581152,0.2119503377197265,3.3742542622802736
S2018KS179108,KeN1-2,39.249205,-100.56165313720705,19.0,1.5900000333786,0.9499165,0.36699837,0.82183635,0.12808014765167242,1.7717528523483277
S2018KS179108,KeN1-2,39.249205,-100.56165313720705,35.0,0.8799999952316199,0.6503499,0.2746379,0.6150093,0.03534059213867191,1.2653592078613283
S2018KS179108,KeN1-2,39.249205,-100.56165313720705,53.0,0.60000002384185,0.49523944,0.23541649,0.527179,0.0,1.0224184427618408
S2018KS179108,KeN1-2,39.249205,-100.56165313720705,75.0,0.5299999713897701,0.37480414,0.18931963,0.42395216,0.0,0.7987563022657775
S2018KS179108,KeN1-2,39.249205,-100.56165313720705,93.0,0.56000000238418,0.2998514,0.17838524,0.39946628,0.0,0.6993176761688232
S2018KS179109,KeN1-3,39.249205,-100.56165313720705,2.5,3.5299999713897705,2.322752,0.8526229,1.9093177,0.4134342681427001,4.232069731857299
S2018KS179109,KeN1-3,39.249205,-100.56165313720705,7.5,1.82000005245208,1.7931023,0.7060776,1.581152,0.2119503377197265,3.3742542622802736
S2018KS179109,KeN1-3,39.249205,-100.56165313720705,18.0,1.30999994277954,0.9819899,0.37055662,0.8298045,0.1521854199241638,1.811794380075836
S2018KS179109,KeN1-3,39.249205,-100.56165313720705,33.5,0.74000000953674,0.65734357,0.2746379,0.6150093,0.04233426213867186,1.2723528778613282
S2018KS179109,KeN1-3,39.249205,-100.56165313720705,50.0,0.58999997377395,0.5269832,0.23541649,0.527179,0.0,1.054162202761841
S2018KS179109,KeN1-3,39.249205,-100.56165313720705,69.5,0.56000000238418,0.3982499,0.20590758,0.46109834,0.0,0.8593482431339263
S2018KS179109,KeN1-3,39.249205,-100.56165313720705,90.0,0.4600000083446499,0.2998514,0.17838524,0.39946628,0.0,0.6993176761688232
S2018KS179110,KeC1-1,39.244626,-100.557271,2.5,2.17000007629394,1.018734,0.31280023,0.70046794,0.3182660558547974,1.7192019441452027
S2018KS179110,KeC1-1,39.244626,-100.557271,7.5,1.89999997615814,0.96112466,0.3065588,0.6864912,0.27463346861282345,1.6476158513871764
S2018KS179110,KeC1-1,39.244626,-100.557271,16.5,1.61000001430511,0.7361684,0.27778405,0.62205464,0.11411376352157587,1.358223036478424
S2018KS179110,KeC1-1,39.244626,-100.557271,29.5,1.13999998569488,0.535845,0.23495407,0.5261435,0.009701508731842057,1.061988491268158
S2018KS179110,KeC1-1,39.244626,-100.557271,45.0,0.77999997138977,0.43742636,0.20381632,0.45641527,0.0,0.8938416257985687
S2018KS179110,KeC1-1,39.244626,-100.557271,61.5,0.60000002384185,0.3458839,0.1670411,0.3740628,0.0,0.7199467063678742
S2018KS179110,KeC1-1,39.244626,-100.557271,78.0,0.82999998331069,0.2729284,0.14539137,0.3255816,0.0,0.5985100102027894
S2018KS179110,KeC1-1,39.244626,-100.557271,93.5,0.5299999713897701,0.22813453,0.1376368,0.30821642,0.0,0.5363509527962493
S2018KS179111,KeC1-2,39.244626,-100.557271,2.5,2.0999999046325604,1.018734,0.31280023,0.70046794,0.3182660558547974,1.7192019441452027
S2018KS179111,KeC1-2,39.244626,-100.557271,7.5,1.74000000953674,0.96112466,0.3065588,0.6864912,0.27463346861282345,1.6476158513871764
S2018KS179111,KeC1-2,39.244626,-100.557271,17.5,1.14999997615814,0.7361684,0.28067076,0.62851894,0.10764946098175043,1.3646873390182495
S2018KS179111,KeC1-2,39.244626,-100.557271,30.5,0.75,0.53059715,0.23310885,0.5220114,0.008585750730895958,1.052608549269104
S2018KS179111,KeC1-2,39.244626,-100.557271,47.5,0.58999997377395,0.4102549,0.18903737,0.42332008,0.0,0.8335749848102569
S2018KS179111,KeC1-2,39.244626,-100.557271,68.5,0.63999998569488,0.31063426,0.15828824,0.35446215,0.0,0.6650964067590333
S2018KS179111,KeC1-2,39.244626,-100.557271,89.0,0.6999999880790699,0.22813453,0.1376368,0.30821642,0.0,0.5363509527962493
S2018KS179112,KeC1-3,39.244626,-100.557271,2.5,2.1199998855590803,1.018734,0.31280023,0.70046794,0.3182660558547974,1.7192019441452027
S2018KS179112,KeC1-3,39.244626,-100.557271,7.5,1.7799999713897698,0.96112466,0.3065588,0.6864912,0.27463346861282345,1.6476158513871764
S2018KS179112,KeC1-3,39.244626,-100.557271,17.0,1.40999996662139,0.7361684,0.27778405,0.62205464,0.11411376352157587,1.358223036478424
S2018KS179112,KeC1-3,39.244626,-100.557271,31.0,0.9200000166893,0.53074485,0.23310885,0.5220114,0.008733450730896042,1.052756249269104
S2018KS179112,KeC1-3,39.244626,-100.557271,49.5,0.63999998569488,0.4090597,0.18903737,0.42332008,0.0,0.832379784810257
S2018KS179112,KeC1-3,39.244626,-100.557271,70.5,0.63999998569488,0.30654898,0.15828824,0.35446215,0.0,0.6610111267590333
S2018KS179112,KeC1-3,39.244626,-100.557271,90.0,0.6999999880790699,0.22813453,0.1376368,0.30821642,0.0,0.5363509527962493
S2018KS193101,KeC2-1,39.3817794,-101.0631493,2.5,2.36999988555908,1.1323891,0.37870097,0.8480425,0.2843466119018554,1.9804315880981445
S2018KS193101,KeC2-1,39.3817794,-101.0631493,7.5,1.73000001907348,1.0710771,0.37597167,0.8419307,0.22914641257247914,1.9130077874275206
S2018KS193101,KeC2-1,39.3817794,-101.0631493,16.0,1.25999999046325,0.91002566,0.32956004,0.73799896,0.1720266975976562,1.6480246224023438
S2018KS193101,KeC2-1,39.3817794,-101.0631493,32.0,0.74000000953674,0.6524679,0.2842329,0.6364958,0.01597207137145995,1.28896372862854
S2018KS193101,KeC2-1,39.3817794,-101.0631493,49.0,0.75,0.5216515,0.2460748,0.5510466,0.0,1.07269810987854
S2018KS193101,KeC2-1,39.3817794,-101.0631493,62.5,1.01999998092651,0.43301272,0.22304352,0.4994716,0.0,0.9324843248240662
S2018KS193101,KeC2-1,39.3817794,-101.0631493,76.5,0.81999999284744,0.35390845,0.18721454,0.41923812,0.0,0.7731465703174591
S2018KS193101,KeC2-1,39.3817794,-101.0631493,92.0,0.58999997377395,0.2903744,0.17601289,0.39415377,0.0,0.6845281737846374
S2018KS193102,KeC2-2,39.3815262,-101.0632519,2.5,2.27999997138977,1.1295009,0.3831025,0.85789907,0.27160183021392825,1.9873999697860718
S2018KS193102,KeC2-2,39.3815262,-101.0632519,7.5,1.60000002384185,1.0658959,0.3803645,0.8517678,0.21412812160339345,1.9176636783966063
S2018KS193102,KeC2-2,39.3815262,-101.0632519,16.5,1.25,0.8940453,0.32783875,0.7341444,0.15990091037063603,1.6281896896293642
S2018KS193102,KeC2-2,39.3815262,-101.0632519,31.5,0.94999998807907,0.6483342,0.2883328,0.6456769,0.0026572891227721884,1.2940111108772276
S2018KS193102,KeC2-2,39.3815262,-101.0632519,48.0,0.77999997138977,0.52364296,0.25005293,0.55995506,0.0,1.0835980204820252
S2018KS193102,KeC2-2,39.3815262,-101.0632519,62.5,0.77999997138977,0.4294279,0.2261977,0.50653493,0.0,0.9359628340438843
S2018KS193102,KeC2-2,39.3815262,-101.0632519,74.0,0.6999999880790699,0.37809566,0.19201417,0.42998618,0.0,0.8080818388749695
S2018KS193102,KeC2-3,39.3816973,-101.0629297,89.5,0.77999997138977,0.2903744,0.17601289,0.39415377,0.0,0.6845281737846374
S2018KS193103,KeC2-3,39.3816973,-101.0629297,2.5,2.08999991416931,1.1323891,0.37870097,0.8480425,0.2843466119018554,1.9804315880981445
S2018KS193103,KeC2-3,39.3816973,-101.0629297,7.5,1.52999997138977,1.0710771,0.37597167,0.8419307,0.22914641257247914,1.9130077874275206
S2018KS193103,KeC2-3,39.3816973,-101.0629297,18.0,1.21000003814697,0.8987955,0.32361308,0.7246817,0.17411382456588742,1.6234771754341124
S2018KS193103,KeC2-3,39.3816973,-101.0629297,33.0,0.88999998569488,0.6524679,0.2842329,0.6364958,0.01597207137145995,1.28896372862854
S2018KS193103,KeC2-3,39.3816973,-101.0629297,46.0,0.95999997854232,0.5399183,0.24796183,0.55527234,0.0,1.0951906407745362
S2018KS193103,KeC2-3,39.3816973,-101.0629297,59.0,1.23000001907348,0.45308965,0.22381014,0.50118834,0.0,0.954277987802887
S2018KS193103,KeC2-3,39.3816973,-101.0629297,73.5,1.25,0.38155174,0.19103618,0.4277961,0.0,0.8093478356096648
S2018KS193103,KeC2-3,39.3816973,-101.0629297,90.5,0.8500000238418501,0.2903744,0.17601289,0.39415377,0.0,0.6845281737846374
S2018KS193104,KeN2-1,39.3843208,-101.0636022,2.5,1.12000000476837,2.215481,0.92034763,2.0609767,0.15450425630187992,4.276457743698121
S2018KS193104,KeN2-1,39.3843208,-101.0636022,7.5,1.8700000047683696,1.7377365,0.72690225,1.6277857,0.10995081732177736,3.3655221826782227
S2018KS193104,KeN2-1,39.3843208,-101.0636022,17.5,1.60000002384185,0.9470827,0.39795074,0.8911494,0.05593329833526617,1.838232101664734
S2018KS193104,KeN2-1,39.3843208,-101.0636022,34.5,1.55999994277954,0.61116725,0.31356546,0.7021816,0.0,1.3133488276824952
S2018KS193104,KeN2-1,39.3843208,-101.0636022,57.0,0.93000000715255,0.42027572,0.25480518,0.57059693,0.0,0.9908726533648682
S2018KS193104,KeN2-1,39.3843208,-101.0636022,79.0,0.61000001430511,0.32702821,0.20729144,0.46419725,0.0,0.7912254582204437
S2018KS193104,KeN2-1,39.3843208,-101.0636022,94.0,0.60000002384185,0.2822997,0.19285081,0.4318597,0.0,0.714159401871872
S2018KS193105,KeN2-2,39.3840397,-101.0636425,2.5,3.86999988555908,2.268849,0.92034763,2.0609767,0.20787225630187978,4.32982574369812
S2018KS193105,KeN2-2,39.3840397,-101.0636425,7.5,2.44000005722045,1.7903357,0.7368692,1.6501051,0.1402305812484741,3.440440818751526
S2018KS193105,KeN2-2,39.3840397,-101.0636425,18.0,1.55999994277954,1.0156835,0.404017,0.9047339,0.1109496037445068,1.9204173962554931
S2018KS193105,KeN2-2,39.3840397,-101.0636425,36.0,1.71000003814697,0.6390333,0.31838977,0.71298486,0.0,1.3520181599433898
S2018KS193105,KeN2-2,39.3840397,-101.0636425,57.5,1.21000003814697,0.46261796,0.25636005,0.57407886,0.0,1.0366968178987122
S2018KS193105,KeN2-2,39.3840397,-101.0636425,81.0,0.68999999761581,0.32163543,0.20729144,0.46419725,0.0,0.7858326782204437
S2018KS193105,KeN2-2,39.3840397,-101.0636425,96.5,0.5500000119209201,0.2849247,0.19285081,0.4318597,0.0,0.7167844018718719
S2018KS193106,KeN2-3,39.384217,-101.063449,2.5,4.32999992370605,2.268849,0.92034763,2.0609767,0.20787225630187978,4.32982574369812
S2018KS193106,KeN2-3,39.384217,-101.063449,7.5,2.1500000953674303,1.7903357,0.7368692,1.6501051,0.1402305812484741,3.440440818751526
S2018KS193106,KeN2-3,39.384217,-101.063449,17.5,1.89999997615814,1.0156835,0.404017,0.9047339,0.1109496037445068,1.9204173962554931
S2018KS193106,KeN2-3,39.384217,-101.063449,34.5,1.61000001430511,0.66780823,0.34149536,0.7647263,0.0,1.4325345111660766
S2018KS193106,KeN2-3,39.384217,-101.063449,50.0,1.20000004768371,0.5164471,0.27921686,0.62526315,0.0,1.1417102545066835
S2018KS193106,KeN2-3,39.384217,-101.063449,69.0,0.75999999046325,0.37958473,0.21982396,0.49226192,0.0,0.871846646399002
S2018KS193106,KeN2-3,39.384217,-101.063449,91.0,0.64999997615814,0.2849247,0.19285081,0.4318597,0.0,0.7167844018718719
C1B,CeC1-2,35.73571014404297,-78.68135070800781,2.5,1.82000005245208,1.6938564,0.66789985,1.4956589,0.1981975254882813,3.189515274511719
C1B,CeC1-2,35.73571014404297,-78.68135070800781,7.5,1.44000005722045,1.4194787,0.54148585,1.2125741,0.2069045756637573,2.6320528243362427
C1B,CeC1-2,35.73571014404297,-78.68135070800781,17.0,1.01999998092651,0.82771915,0.34387076,0.77004564,0.05767351191558834,1.5977647880844117
C1B,CeC1-2,35.73571014404297,-78.68135070800781,42.5,0.23999999463558,0.39716452,0.19075206,0.42715988,0.0,0.8243243956313324
C1B,CeC1-2,35.73571014404297,-78.68135070800781,80.5,0.1400000005960399,0.1563936,0.098424844,0.22040728,0.0,0.37680087734565737
C1C,CeC1-3,35.735939025878906,-78.68177032470703,2.5,1.45000004768371,1.8095288,0.6051068,1.3550434,0.45448538874511724,3.1645722112548826
C1C,CeC1-3,35.735939025878906,-78.68177032470703,7.5,1.16999995708465,1.5086882,0.5240316,1.173488,0.3352001791030883,2.6821762208969115
C1C,CeC1-3,35.735939025878906,-78.68177032470703,15.5,0.81999999284744,0.96259034,0.33137324,0.74205935,0.22053098998626708,1.704649690013733
C1C,CeC1-3,35.735939025878906,-78.68177032470703,38.0,0.38999998569488,0.484735,0.21794026,0.48804364,0.0,0.9727786360836029
C1C,CeC1-3,35.735939025878906,-78.68177032470703,77.5,0.1400000005960399,0.18652576,0.10566895,0.23662934,0.0,0.4231550970723724
C1Pit,CeC1-1,35.735469818115234,-78.68930053710938,2.5,1.8700000047683696,3.3613594,1.121316,2.5110145,0.850344938482666,5.8723738615173335
C1Pit,CeC1-1,35.735469818115234,-78.68930053710938,7.5,2.46000003814697,2.4067624,0.92277104,2.0664036,0.34035877260437,4.47316602739563
C1Pit,CeC1-1,35.735469818115234,-78.68930053710938,15.0,1.37000000476837,1.2319356,0.5080874,1.1377835,0.09415207262573233,2.3697191273742675
C1Pit,CeC1-1,35.735469818115234,-78.68930053710938,31.0,0.51999998092651,0.7294361,0.36235693,0.81144255,0.0,1.5408786539970398
C1Pit,CeC1-1,35.735469818115234,-78.68930053710938,55.5,0.25999999046325,0.40676948,0.21907945,0.49059469,0.0,0.8973641650776673
C1Pit,CeC1-1,35.735469818115234,-78.68930053710938,84.5,0.31999999284744,0.2385205,0.16576426,0.37120354,0.0,0.6097240417556763
C2A,CeC2-1,35.727909088134766,-78.6749496459961,2.5,1.42999994754791,1.7647524,0.59614414,1.334973,0.4297794223617555,3.0997253776382445
C2A,CeC2-1,35.727909088134766,-78.6749496459961,7.5,1.5800000429153398,1.4953951,0.5189663,1.1621451,0.33324996221313485,2.6575402377868653
C2A,CeC2-1,35.727909088134766,-78.6749496459961,17.5,0.66000002622604,0.86080205,0.32302582,0.7233666,0.13743543184356688,1.584168668156433
C2A,CeC2-1,35.727909088134766,-78.6749496459961,34.0,0.83999997377395,0.5803773,0.26098034,0.5844253,0.0,1.1648025705574034
C2A,CeC2-1,35.727909088134766,-78.6749496459961,71.5,0.31999999284744,0.20131727,0.10540869,0.23604654,0.0,0.43736380775691985
C2B,CeC2-2,35.7276496887207,-78.67524719238281,2.5,1.8700000047683696,1.7460284,0.59184283,1.3253409,0.4206875329574584,3.0713692670425417
C2B,CeC2-2,35.7276496887207,-78.67524719238281,7.5,1.05999994277954,1.489798,0.52361614,1.1725577,0.31724028839874263,2.6623557116012573
C2B,CeC2-2,35.7276496887207,-78.67524719238281,22.0,0.6700000166893,0.7669743,0.3209165,0.71864307,0.04833123073272705,1.485617369267273
C2B,CeC2-2,35.7276496887207,-78.67524719238281,49.0,0.2199999988079,0.35423082,0.17034659,0.38146496,0.0,0.7356957781909179
C2B,CeC2-2,35.7276496887207,-78.67524719238281,82.0,0.23000000417232,0.16883433,0.107416555,0.24054283,0.0,0.4093771590367127
C2C,CeC2-3,35.72739028930664,-78.67555236816406,2.5,1.7899999618530198,1.7460284,0.59184283,1.3253409,0.4206875329574584,3.0713692670425417
C2C,CeC2-3,35.72739028930664,-78.67555236816406,7.5,1.14999997615814,1.489798,0.52361614,1.1725577,0.31724028839874263,2.6623557116012573
C2C,CeC2-3,35.72739028930664,-78.67555236816406,18.0,1.20000004768371,0.8561756,0.32707584,0.732436,0.12373959869918827,1.5886116013008118
C2C,CeC2-3,35.72739028930664,-78.67555236816406,36.0,0.4600000083446499,0.5010757,0.2409394,0.53954667,0.0,1.0406223685295104
C2C,CeC2-3,35.72739028930664,-78.67555236816406,73.0,0.09000000357627,0.20366067,0.10879258,0.24362424,0.0,0.4472849101599884
C3A,CeC3-1,35.724510192871094,-78.67194366455078,2.5,2.24000000953674,2.5752065,0.87503785,1.9595125,0.6156940278472902,4.53471897215271
C3A,CeC3-1,35.724510192871094,-78.67194366455078,7.5,1.67999994754791,1.851504,0.68314534,1.5297989,0.3217051346817017,3.3813028653182986
C3A,CeC3-1,35.724510192871094,-78.67194366455078,29.5,1.3400000333786,0.68050283,0.35942388,0.8048744,0.0,1.4853772501660156
C3A,CeC3-1,35.724510192871094,-78.67194366455078,64.0,0.4399999976158099,0.27808732,0.1821112,0.40781,0.0,0.6858973225653839
C3A,CeC3-1,35.724510192871094,-78.67194366455078,89.5,0.58999997377395,0.16840692,0.14463763,0.3238937,0.0,0.4923006160697174
C3B,CeC3-2,35.72481155395508,-78.67194366455078,2.5,1.86000001430511,2.5752065,0.87503785,1.9595125,0.6156940278472902,4.53471897215271
C3B,CeC3-2,35.72481155395508,-78.67194366455078,7.5,1.7200000286102202,1.851504,0.68314534,1.5297989,0.3217051346817017,3.3813028653182986
C3B,CeC3-2,35.72481155395508,-78.67194366455078,24.5,1.96000003814697,0.7735843,0.36650932,0.8207412,0.0,1.5943254766052246
C3B,CeC3-2,35.72481155395508,-78.67194366455078,58.0,0.6999999880790699,0.31282738,0.19531013,0.43736696,0.0,0.7501943424328613
C3B,CeC3-2,35.72481155395508,-78.67194366455078,85.5,0.44999998807907,0.16963007,0.14463763,0.3238937,0.0,0.4935237660697174
C3C,CeC3-3,35.7251091003418,-78.67194366455078,2.5,1.91999995708465,2.5752065,0.87503785,1.9595125,0.6156940278472902,4.53471897215271
C3C,CeC3-3,35.7251091003418,-78.67194366455078,7.5,1.96000003814697,1.851504,0.68314534,1.5297989,0.3217051346817017,3.3813028653182986
C3C,CeC3-3,35.7251091003418,-78.67194366455078,27.5,1.41999995708465,0.73507565,0.36729178,0.8224934,0.0,1.5575690243476867
C3C,CeC3-3,35.7251091003418,-78.67194366455078,55.5,0.47999998927116,0.33465555,0.20538,0.45991686,0.0,0.7945724098651886
C3C,CeC3-3,35.7251091003418,-78.67194366455078,77.5,0.68999999761581,0.21110523,0.1460599,0.32707867,0.0,0.5381839002632904
C3C,CeC3-3,35.7251091003418,-78.67194366455078,94.5,0.3400000035762699,0.16840692,0.14463763,0.3238937,0.0,0.4923006160697174
F3B,CeF3-2,35.72618865966797,-78.66951751708984,2.5,1.95000004768371,3.043328,1.0729383,2.4026802,0.6406478413848875,5.446008158615112
F3B,CeF3-2,35.72618865966797,-78.66951751708984,7.5,1.1799999475479102,2.2235193,0.8581217,1.9216315,0.3018878445785522,4.145150755421447
F3B,CeF3-2,35.72618865966797,-78.66951751708984,25.0,0.37000000476837,0.81537527,0.35608,0.79738635,0.01798892175247191,1.6127616182475282
F3B,CeF3-2,35.72618865966797,-78.66951751708984,50.0,0.20000000298023,0.4284279,0.21642655,0.48465395,0.0,0.9130818497375488
F3B,CeF3-2,35.72618865966797,-78.66951751708984,80.0,0.1500000059604599,0.22408472,0.15180293,0.3399393,0.0,0.564024016245575
F3PIT,CeF3-1,35.72611999511719,-78.66969299316406,2.5,8.59000015258789,3.0117824,1.0804628,2.4195302,0.5922522467254638,5.431312553274536
F3PIT,CeF3-1,35.72611999511719,-78.66969299316406,7.5,2.55999994277954,2.2235193,0.88265604,1.9765723,0.2469470248382568,4.200091575161743
F3PIT,CeF3-1,35.72611999511719,-78.66969299316406,25.0,0.4900000095367399,0.81537527,0.3565541,0.79844797,0.016927303424377427,1.6138232365756227
F3PIT,CeF3-1,35.72611999511719,-78.66969299316406,55.0,0.15999999642372,0.36840513,0.1834854,0.4108873,0.0,0.7792924309681701
F3PIT,CeF3-1,35.72611999511719,-78.66969299316406,85.0,0.1000000014901099,0.18721959,0.11908155,0.2666648,0.0,0.4538843930281067
P1A,CeH1-1,35.73408889770508,-78.68048095703125,2.5,2.75999999046325,2.7892427,0.9899409,2.2168202,0.572422459979248,5.006062940020752
P1A,CeH1-1,35.73408889770508,-78.68048095703125,7.5,0.4399999976158099,2.0872905,0.7542802,1.6890944,0.39819607575225824,3.7763849242477416
P1A,CeH1-1,35.73408889770508,-78.68048095703125,27.0,0.41999998688697,0.74131525,0.33033004,0.73972327,0.0015919848289489558,1.481038515171051
P1A,CeH1-1,35.73408889770508,-78.68048095703125,59.5,0.23000000417232,0.31825504,0.1673532,0.37476173,0.0,0.6930167704325103
P1A,CeH1-1,35.73408889770508,-78.68048095703125,87.5,0.20000000298023,0.18368866,0.115273744,0.2581378,0.0,0.4418264523488617
P1B,CeH1-2,35.73442840576172,-78.680419921875,2.5,5.05000019073486,2.6828725,0.9818427,2.1986856,0.4841868539428713,4.881558146057129
P1B,CeH1-2,35.73442840576172,-78.680419921875,7.5,2.1800000667572,1.9894518,0.8166572,1.828778,0.16067377151184092,3.8182298284881595
P1B,CeH1-2,35.73442840576172,-78.680419921875,16.5,1.42999994754791,0.90357137,0.4002802,0.8963659,0.007205489033813461,1.7999372509661864
P1B,CeH1-2,35.73442840576172,-78.680419921875,36.0,0.54000002145767,0.53246117,0.26538423,0.5942871,0.0,1.126748267454071
P1B,CeH1-2,35.73442840576172,-78.680419921875,74.5,0.20000000298023,0.23217127,0.1521223,0.34065446,0.0,0.5728257325759125
P1PIT,CeH1-3,35.734771728515625,-78.68035888671875,2.5,4.579999923706049,2.6828725,0.9818427,2.1986856,0.4841868539428713,4.881558146057129
P1PIT,CeH1-3,35.734771728515625,-78.68035888671875,7.5,2.1900000572204497,1.9894518,0.8166572,1.828778,0.16067377151184092,3.8182298284881595
P1PIT,CeH1-3,35.734771728515625,-78.68035888671875,13.0,1.38999998569488,1.2130866,0.50894684,1.139708,0.07337855785522462,2.3527946421447754
P1PIT,CeH1-3,35.734771728515625,-78.68035888671875,38.5,0.54000002145767,0.5035221,0.25519264,0.5714646,0.0,1.0749866981788636
P1PIT,CeH1-3,35.734771728515625,-78.68035888671875,80.5,0.18000000715255,0.19958033,0.120599344,0.27006367,0.0,0.46964399848945615
P2A,CeH2-1,35.7287712097168,-78.67504119873047,2.5,1.83000004291534,2.599546,0.9260814,2.0738168,0.5257292237243654,4.673362776275635
P2A,CeH2-1,35.7287712097168,-78.67504119873047,7.5,1.7200000286102202,2.0360594,0.73877245,1.6543672,0.3816921915191651,3.690426608480835
P2A,CeH2-1,35.7287712097168,-78.67504119873047,20.0,0.6200000047683699,0.88199186,0.35139605,0.78689736,0.09509449872146603,1.6688892212785338
P2A,CeH2-1,35.7287712097168,-78.67504119873047,46.0,0.38999998569488,0.43288696,0.19644107,0.43989953,0.0,0.8727864939870453
P2A,CeH2-1,35.7287712097168,-78.67504119873047,81.0,0.1500000059604599,0.21226273,0.104355246,0.2336875,0.0,0.44595023512599946
P2B,CeH2-2,35.72871017456055,-78.6747817993164,2.5,2.1199998855590803,2.6204388,0.94555694,2.1174293,0.5030095435607911,4.7378680564392095
P2B,CeH2-2,35.72871017456055,-78.6747817993164,7.5,1.25999999046325,2.0269463,0.7465306,1.6717403,0.3552060064971925,3.6986865935028077
P2B,CeH2-2,35.72871017456055,-78.6747817993164,12.5,0.68999999761581,1.257065,0.46679747,1.0453211,0.21174389308929453,2.3023861069107054
P2B,CeH2-2,35.72871017456055,-78.6747817993164,36.5,0.44999998807907,0.54403406,0.24199894,0.54191935,0.0021147093759155133,1.0859534106240845
P2B,CeH2-2,35.72871017456055,-78.6747817993164,79.0,0.25999999046325,0.21849535,0.13831846,0.3097429,0.0,0.5282382477489471
P2C,CeH2-3,35.7286491394043,-78.67452239990234,2.5,2.6800000667572,2.6166544,0.942225,2.1099677,0.5066866914123533,4.726622108587646
P2C,CeH2-3,35.7286491394043,-78.67452239990234,7.5,1.48000001907348,2.0296037,0.7427766,1.6633338,0.36626992638702394,3.692937473612976
P2C,CeH2-3,35.7286491394043,-78.67452239990234,16.0,1.25999999046325,1.0328379,0.3920991,0.8780456,0.15479228146591195,1.9108835185340882
P2C,CeH2-3,35.7286491394043,-78.67452239990234,37.0,0.73000001907348,0.5299335,0.22647512,0.50715613,0.022777366348266548,1.0370896336517332
P2C,CeH2-3,35.7286491394043,-78.67452239990234,76.0,0.12999999523162,0.21954443,0.13587186,0.3042641,0.0,0.523808528405838
P3A,CeH3-1,35.732460021972656,-78.67191314697266,2.5,3.0799999237060502,3.164703,1.0461794,2.3427577,0.8219452981262205,5.507460701873779
P3A,CeH3-1,35.732460021972656,-78.67191314697266,7.5,1.67999994754791,2.45117,0.83258384,1.8644433,0.5867266978454588,4.31561330215454
P3A,CeH3-1,35.732460021972656,-78.67191314697266,15.0,1.0900000333786,1.3076919,0.5031279,1.1266774,0.18101450608673098,2.434369293913269
P3A,CeH3-1,35.732460021972656,-78.67191314697266,35.0,0.77999997138977,0.7666452,0.35501853,0.7950093,0.0,1.5616545150138856
P3A,CeH3-1,35.732460021972656,-78.67191314697266,63.5,0.33000001311302,0.40113375,0.21019396,0.47069702,0.0,0.8718307655239106
P3B,CeH3-2,35.73284912109375,-78.67204284667969,2.5,1.69000005722045,3.3112183,0.96027493,2.1503878,1.1608305360229494,5.461606063977051
P3B,CeH3-2,35.73284912109375,-78.67204284667969,7.5,0.93000000715255,2.4451878,0.7951093,1.7805247,0.6646630693176268,4.225712530682372
P3B,CeH3-2,35.73284912109375,-78.67204284667969,17.0,0.4399999976158099,1.1474621,0.4556396,1.0203347,0.12712737938842777,2.1677968206115725
P3B,CeH3-2,35.73284912109375,-78.67204284667969,34.0,0.43000000715255,0.7970957,0.36096683,0.80832964,0.0,1.605425341819
P3C,CeH3-3,35.73324966430664,-78.67214965820312,2.5,2.1900000572204497,3.3112183,0.96027493,2.1503878,1.1608305360229494,5.461606063977051
P3C,CeH3-3,35.73324966430664,-78.67214965820312,7.5,0.98000001907348,2.4451878,0.7951093,1.7805247,0.6646630693176268,4.225712530682372
P3C,CeH3-3,35.73324966430664,-78.67214965820312,15.0,0.58999997377395,1.2860173,0.49162328,1.1009146,0.18510270248870841,2.3869318975112916
P3C,CeH3-3,35.73324966430664,-78.67214965820312,28.0,0.7200000286102199,0.92403114,0.4040744,0.9048624,0.019168736130371067,1.8288935438696288
P3C,CeH3-3,35.73324966430664,-78.67214965820312,68.0,0.1500000059604599,0.37342674,0.19163753,0.42914274,0.0,0.8025694833490753
NAT_R1,NAT-1-1,32.060626,-102.406408,2.5,0.54000002145767,0.60848445,0.2945848,0.6596773,0.0,1.2681617766792297
NAT_R1,NAT-1-1,32.060626,-102.406408,7.5,0.28000000119209,0.49394262,0.26531205,0.59412545,0.0,1.08806806965744
NAT_R1,NAT-1-1,32.060626,-102.406408,20.0,0.17000000178813,0.47978935,0.24186704,0.541624,0.0,1.0214133596092223
NAT_R1,NAT-1-1,32.060626,-102.406408,50.0,0.23999999463558,0.26993638,0.16768238,0.37549886,0.0,0.6454352410744476
NAT_R1,NAT-1-1,32.060626,-102.406408,85.0,0.20999999344348,0.13143845,0.121555924,0.27220577,0.0,0.40364422001571654
NAT_R2,NAT-2-2,33.059817,-102.406791,2.5,0.41999998688697,0.81546277,0.3215764,0.7201208,0.09534198237945557,1.5355835576205443
NAT_R2,NAT-2-2,33.059817,-102.406791,7.5,0.25,0.6915996,0.30628288,0.6858733,0.005726270360565167,1.3774729296394348
NAT_R2,NAT-2-2,33.059817,-102.406791,20.0,0.18000000715255,0.62176263,0.27522674,0.6163279,0.005434748186950666,1.2380905118130494
NAT_R2,NAT-2-2,33.059817,-102.406791,50.0,0.25,0.36446008,0.1835315,0.4109905,0.0,0.7754505864105987
NAT_R2,NAT-2-2,33.059817,-102.406791,85.0,0.3000000119209199,0.17619555,0.12037313,0.2695571,0.0,0.4457526386135101
NAT_R3,NAT-3-3,33.060119,-102.406186,2.5,0.51999998092651,0.7947074,0.3215764,0.7201208,0.07458661237945552,1.5148281876205445
NAT_R3,NAT-3-3,33.060119,-102.406186,7.5,0.3000000119209199,0.682534,0.30628288,0.6858733,0.0,1.3684073296394348
NAT_R3,NAT-3-3,33.060119,-102.406186,20.0,0.20999999344348,0.62063503,0.27522674,0.6163279,0.00430714818695066,1.2369629118130492
NAT_R3,NAT-3-3,33.060119,-102.406186,50.0,0.15999999642372,0.37230805,0.1845346,0.4132368,0.0,0.7855448468559265
NAT_R3,NAT-3-3,33.060119,-102.406186,85.0,0.28000000119209,0.18418376,0.121765256,0.27267453,0.0,0.45685829074455264
P1_R1a,CVT-1-1,32.774177,-101.94719696044922,2.5,0.1500000059604599,0.681223,0.27840337,0.62344146,0.05778154225158694,1.3046644577484132
P1_R1a,CVT-1-1,32.774177,-101.94719696044922,7.5,0.1500000059604599,0.6421577,0.24369955,0.5457276,0.09643008941192632,1.1878853105880738
P1_R1a,CVT-1-1,32.774177,-101.94719696044922,22.5,0.17000000178813,0.5130616,0.23086038,0.5169763,0.0,1.0300378969017028
P1_R1a,CVT-1-1,32.774177,-101.94719696044922,55.0,0.17000000178813,0.23736353,0.13309424,0.29804406,0.0,0.5354075857003021
P1_R1a,CVT-1-1,32.774177,-101.94719696044922,87.5,0.10999999940395,0.11109083,0.09723846,0.21775055,0.0,0.3288413793164062
P1_R1b,CVT-1-2,32.774177,-101.94719696044922,2.5,0.18000000715255,0.681223,0.27840337,0.62344146,0.05778154225158694,1.3046644577484132
P1_R1b,CVT-1-2,32.774177,-101.94719696044922,7.5,0.17000000178813,0.6421577,0.24369955,0.5457276,0.09643008941192632,1.1878853105880738
P1_R1b,CVT-1-2,32.774177,-101.94719696044922,22.5,0.1400000005960399,0.5130616,0.23086038,0.5169763,0.0,1.0300378969017028
P1_R1b,CVT-1-2,32.774177,-101.94719696044922,55.0,0.20999999344348,0.23736353,0.13309424,0.29804406,0.0,0.5354075857003021
P1_R1b,CVT-1-2,32.774177,-101.94719696044922,87.5,0.1500000059604599,0.11109083,0.09723846,0.21775055,0.0,0.3288413793164062
P1_R1c,CVT-1-3,32.774177,-101.94719696044922,2.5,0.20999999344348,0.681223,0.27840337,0.62344146,0.05778154225158694,1.3046644577484132
P1_R1c,CVT-1-3,32.774177,-101.94719696044922,7.5,0.17000000178813,0.6421577,0.24369955,0.5457276,0.09643008941192632,1.1878853105880738
P1_R1c,CVT-1-3,32.774177,-101.94719696044922,22.5,0.17000000178813,0.5130616,0.23086038,0.5169763,0.0,1.0300378969017028
P1_R1c,CVT-1-3,32.774177,-101.94719696044922,55.0,0.1500000059604599,0.23736353,0.13309424,0.29804406,0.0,0.5354075857003021
P1_R1c,CVT-1-3,32.774177,-101.94719696044922,87.5,0.1500000059604599,0.11109083,0.09723846,0.21775055,0.0,0.3288413793164062
P2_R1a,NTR-1-1,32.775007,-101.947399,2.5,0.61000001430511,0.6866775,0.2778888,0.6222892,0.06438831924438482,1.3089666807556153
P2_R1a,NTR-1-1,32.775007,-101.947399,7.5,0.43000000715255,0.6474855,0.24319896,0.5446066,0.10287887396621709,1.1920921260337831
P2_R1a,NTR-1-1,32.775007,-101.947399,22.5,0.12999999523162,0.5121793,0.23036496,0.5158669,0.0,1.0280461756484987
P2_R1a,NTR-1-1,32.775007,-101.947399,55.0,0.18999999761581,0.23582552,0.13263816,0.29702273,0.0,0.5328482501120758
P2_R1a,NTR-1-1,32.775007,-101.947399,87.5,0.1500000059604599,0.109709784,0.09679683,0.2167616,0.0,0.32647138795145414
P2_R1b,NTR-1-2,32.775007,-101.947399,2.5,0.6200000047683699,0.6866775,0.2778888,0.6222892,0.06438831924438482,1.3089666807556153
P2_R1b,NTR-1-2,32.775007,-101.947399,7.5,0.3400000035762699,0.6474855,0.24319896,0.5446066,0.10287887396621709,1.1920921260337831
P2_R1b,NTR-1-2,32.775007,-101.947399,22.5,0.1500000059604599,0.5121793,0.23036496,0.5158669,0.0,1.0280461756484987
P2_R1b,NTR-1-2,32.775007,-101.947399,55.0,0.17000000178813,0.23582552,0.13263816,0.29702273,0.0,0.5328482501120758
P2_R1b,NTR-1-2,32.775007,-101.947399,87.5,0.17000000178813,0.109709784,0.09679683,0.2167616,0.0,0.32647138795145414
P2_R1c,NTR-1-3,32.775007,-101.947399,2.5,0.68000000715255,0.6866775,0.2778888,0.6222892,0.06438831924438482,1.3089666807556153
P2_R1c,NTR-1-3,32.775007,-101.947399,7.5,0.3400000035762699,0.6474855,0.24319896,0.5446066,0.10287887396621709,1.1920921260337831
P2_R1c,NTR-1-3,32.775007,-101.947399,22.5,0.18000000715255,0.5121793,0.23036496,0.5158669,0.0,1.0280461756484987
P2_R1c,NTR-1-3,32.775007,-101.947399,55.0,0.1500000059604599,0.23582552,0.13263816,0.29702273,0.0,0.5328482501120758
P2_R1c,NTR-1-3,32.775007,-101.947399,87.5,0.20000000298023,0.109709784,0.09679683,0.2167616,0.0,0.32647138795145414
P3_R1a,NTM-1-1,32.774275,-101.946881,2.5,0.6999999880790699,0.69081473,0.27840337,0.62344146,0.06737327225158696,1.3142561877484131
P3_R1a,NTM-1-1,32.774275,-101.946881,7.5,0.4900000095367399,0.65152633,0.24369955,0.5457276,0.10579871941192631,1.1972539405880738
P3_R1a,NTM-1-1,32.774275,-101.946881,22.5,0.15999999642372,0.51588845,0.23086038,0.5169763,0.0,1.032864746901703
P3_R1a,NTM-1-1,32.774275,-101.946881,55.0,0.11999999731779,0.2388568,0.13309424,0.29804406,0.0,0.5369008557003021
P3_R1a,NTM-1-1,32.774275,-101.946881,87.5,0.10999999940395,0.112431705,0.09723846,0.21775055,0.0,0.33018225431640624
P3_R1b,NTM-1-2,32.774275,-101.946881,2.5,0.57999998331069,0.69081473,0.27840337,0.62344146,0.06737327225158696,1.3142561877484131
P3_R1b,NTM-1-2,32.774275,-101.946881,7.5,0.3600000143051099,0.65152633,0.24369955,0.5457276,0.10579871941192631,1.1972539405880738
P3_R1b,NTM-1-2,32.774275,-101.946881,22.5,0.1400000005960399,0.51588845,0.23086038,0.5169763,0.0,1.032864746901703
P3_R1b,NTM-1-2,32.774275,-101.946881,55.0,0.1400000005960399,0.2388568,0.13309424,0.29804406,0.0,0.5369008557003021
P3_R1b,NTM-1-2,32.774275,-101.946881,87.5,0.11999999731779,0.112431705,0.09723846,0.21775055,0.0,0.33018225431640624
P3_R1c,NTM-1-3,32.774275,-101.946881,2.5,0.4699999988079,0.69081473,0.27840337,0.62344146,0.06737327225158696,1.3142561877484131
P3_R1c,NTM-1-3,32.774275,-101.946881,7.5,0.44999998807907,0.65152633,0.24369955,0.5457276,0.10579871941192631,1.1972539405880738
P3_R1c,NTM-1-3,32.774275,-101.946881,22.5,0.1400000005960399,0.51588845,0.23086038,0.5169763,0.0,1.032864746901703
P3_R1c,NTM-1-3,32.774275,-101.946881,55.0,0.2199999988079,0.2388568,0.13309424,0.29804406,0.0,0.5369008557003021
P3_R1c,NTM-1-3,32.774275,-101.946881,87.5,0.15999999642372,0.112431705,0.09723846,0.21775055,0.0,0.33018225431640624
P4_R2a,NTR-2-1,32.775007,-101.947399,2.5,0.66000002622604,0.6866775,0.2778888,0.6222892,0.06438831924438482,1.3089666807556153
P4_R2a,NTR-2-1,32.775007,-101.947399,7.5,0.25,0.6474855,0.24319896,0.5446066,0.10287887396621709,1.1920921260337831
P4_R2a,NTR-2-1,32.775007,-101.947399,22.5,0.1500000059604599,0.5121793,0.23036496,0.5158669,0.0,1.0280461756484987
P4_R2a,NTR-2-1,32.775007,-101.947399,55.0,0.17000000178813,0.23582552,0.13263816,0.29702273,0.0,0.5328482501120758
P4_R2a,NTR-2-1,32.775007,-101.947399,87.5,0.1500000059604599,0.109709784,0.09679683,0.2167616,0.0,0.32647138795145414
P4_R2b,NTR-2-2,32.775007,-101.947399,2.5,0.60000002384185,0.6866775,0.2778888,0.6222892,0.06438831924438482,1.3089666807556153
P4_R2b,NTR-2-2,32.775007,-101.947399,7.5,0.4399999976158099,0.6474855,0.24319896,0.5446066,0.10287887396621709,1.1920921260337831
P4_R2b,NTR-2-2,32.775007,-101.947399,22.5,0.18999999761581,0.5121793,0.23036496,0.5158669,0.0,1.0280461756484987
P4_R2b,NTR-2-2,32.775007,-101.947399,55.0,0.18000000715255,0.23582552,0.13263816,0.29702273,0.0,0.5328482501120758
P4_R2b,NTR-2-2,32.775007,-101.947399,87.5,0.15999999642372,0.109709784,0.09679683,0.2167616,0.0,0.32647138795145414
P4_R2c,NTR-2-3,32.775007,-101.947399,2.5,0.5299999713897701,0.6866775,0.2778888,0.6222892,0.06438831924438482,1.3089666807556153
P4_R2c,NTR-2-3,32.775007,-101.947399,7.5,0.37000000476837,0.6474855,0.24319896,0.5446066,0.10287887396621709,1.1920921260337831
P4_R2c,NTR-2-3,32.775007,-101.947399,22.5,0.1400000005960399,0.5121793,0.23036496,0.5158669,0.0,1.0280461756484987
P4_R2c,NTR-2-3,32.775007,-101.947399,55.0,0.25,0.23582552,0.13263816,0.29702273,0.0,0.5328482501120758
P4_R2c,NTR-2-3,32.775007,-101.947399,87.5,0.25999999046325,0.109709784,0.09679683,0.2167616,0.0,0.32647138795145414
P5_R2a,NTM-2-1,32.775004,-101.947229,2.5,0.63999998569488,0.7304192,0.28138864,0.63012654,0.10029266410751347,1.3605457358924866
P5_R2a,NTM-2-1,32.775004,-101.947229,7.5,0.5500000119209201,0.67503685,0.26790145,0.599924,0.07511282208023073,1.2749608779197694
P5_R2a,NTM-2-1,32.775004,-101.947229,22.5,0.1400000005960399,0.5276441,0.23036496,0.5158669,0.011777224351501414,1.0435109756484984
P5_R2a,NTM-2-1,32.775004,-101.947229,55.0,0.17000000178813,0.24380818,0.13263816,0.29702273,0.0,0.5408309101120758
P5_R2a,NTM-2-1,32.775004,-101.947229,87.5,0.17000000178813,0.116877794,0.09679683,0.2167616,0.0,0.33363939795145414
P5_R2b,NTM-2-2,32.775004,-101.947229,2.5,0.68000000715255,0.7304192,0.28138864,0.63012654,0.10029266410751347,1.3605457358924866
P5_R2b,NTM-2-2,32.775004,-101.947229,7.5,0.4399999976158099,0.67503685,0.26790145,0.599924,0.07511282208023073,1.2749608779197694
P5_R2b,NTM-2-2,32.775004,-101.947229,22.5,0.15999999642372,0.5276441,0.23036496,0.5158669,0.011777224351501414,1.0435109756484984
P5_R2b,NTM-2-2,32.775004,-101.947229,55.0,0.20000000298023,0.24380818,0.13263816,0.29702273,0.0,0.5408309101120758
P5_R2b,NTM-2-2,32.775004,-101.947229,87.5,0.1500000059604599,0.116877794,0.09679683,0.2167616,0.0,0.33363939795145414
P5_R2c,NTM-2-3,32.775004,-101.947229,2.5,0.8500000238418501,0.7304192,0.28138864,0.63012654,0.10029266410751347,1.3605457358924866
P5_R2c,NTM-2-3,32.775004,-101.947229,7.5,0.4699999988079,0.67503685,0.26790145,0.599924,0.07511282208023073,1.2749608779197694
P5_R2c,NTM-2-3,32.775004,-101.947229,22.5,0.15999999642372,0.5276441,0.23036496,0.5158669,0.011777224351501414,1.0435109756484984
P5_R2c,NTM-2-3,32.775004,-101.947229,55.0,0.20000000298023,0.24380818,0.13263816,0.29702273,0.0,0.5408309101120758
P5_R2c,NTM-2-3,32.775004,-101.947229,87.5,0.17000000178813,0.116877794,0.09679683,0.2167616,0.0,0.33363939795145414
P6_R2a,CVT-2-1,32.774988,-101.947051,2.5,0.2199999988079,0.7312613,0.2772813,0.6209288,0.11033247605209351,1.3521901239479064
P6_R2a,CVT-2-1,32.774988,-101.947051,7.5,0.2199999988079,0.67585206,0.2638373,0.59082305,0.08502900568634031,1.2666751143136596
P6_R2a,CVT-2-1,32.774988,-101.947051,22.5,0.20000000298023,0.5276441,0.23036496,0.5158669,0.011777224351501414,1.0435109756484984
P6_R2a,CVT-2-1,32.774988,-101.947051,55.0,0.18000000715255,0.24380818,0.13263816,0.29702273,0.0,0.5408309101120758
P6_R2a,CVT-2-1,32.774988,-101.947051,87.5,0.1500000059604599,0.116877794,0.09679683,0.2167616,0.0,0.33363939795145414
P6_R2b,CVT-2-2,32.774988,-101.947051,2.5,0.20999999344348,0.7312613,0.2772813,0.6209288,0.11033247605209351,1.3521901239479064
P6_R2b,CVT-2-2,32.774988,-101.947051,7.5,0.17000000178813,0.67585206,0.2638373,0.59082305,0.08502900568634031,1.2666751143136596
P6_R2b,CVT-2-2,32.774988,-101.947051,22.5,0.18000000715255,0.5276441,0.23036496,0.5158669,0.011777224351501414,1.0435109756484984
P6_R2b,CVT-2-2,32.774988,-101.947051,55.0,0.17000000178813,0.24380818,0.13263816,0.29702273,0.0,0.5408309101120758
P6_R2b,CVT-2-2,32.774988,-101.947051,87.5,0.12999999523162,0.116877794,0.09679683,0.2167616,0.0,0.33363939795145414
P6_R2c,CVT-2-3,32.774988,-101.947051,2.5,0.23999999463558,0.7312613,0.2772813,0.6209288,0.11033247605209351,1.3521901239479064
P6_R2c,CVT-2-3,32.774988,-101.947051,7.5,0.17000000178813,0.67585206,0.2638373,0.59082305,0.08502900568634031,1.2666751143136596
P6_R2c,CVT-2-3,32.774988,-101.947051,22.5,0.18000000715255,0.5276441,0.23036496,0.5158669,0.011777224351501414,1.0435109756484984
P6_R2c,CVT-2-3,32.774988,-101.947051,55.0,0.18000000715255,0.24380818,0.13263816,0.29702273,0.0,0.5408309101120758
P6_R2c,CVT-2-3,32.774988,-101.947051,87.5,0.20999999344348,0.116877794,0.09679683,0.2167616,0.0,0.33363939795145414
P7_R3a,NTM-3-1,32.775739,-101.94738006591795,2.5,0.76999998092651,0.716565,0.28444612,0.63697326,0.07959173816680909,1.353538261833191
P7_R3a,NTM-3-1,32.775739,-101.94738006591795,7.5,0.43000000715255,0.6616261,0.2709269,0.60669905,0.05492705052719116,1.2683251494728087
P7_R3a,NTM-3-1,32.775739,-101.94738006591795,22.5,0.20000000298023,0.5154133,0.23330086,0.5224414,0.0,1.0378546871765137
P7_R3a,NTM-3-1,32.775739,-101.94738006591795,55.0,0.23000000417232,0.23384984,0.13534088,0.30307508,0.0,0.5369249151495361
P7_R3a,NTM-3-1,32.775739,-101.94738006591795,87.5,0.18000000715255,0.107935734,0.09941399,0.22262232,0.0,0.3305580540559616
P7_R3b,NTM-3-2,32.775739,-101.94738006591795,2.5,1.08000004291534,0.716565,0.28444612,0.63697326,0.07959173816680909,1.353538261833191
P7_R3b,NTM-3-2,32.775739,-101.94738006591795,7.5,0.6200000047683699,0.6616261,0.2709269,0.60669905,0.05492705052719116,1.2683251494728087
P7_R3b,NTM-3-2,32.775739,-101.94738006591795,22.5,0.11999999731779,0.5154133,0.23330086,0.5224414,0.0,1.0378546871765137
P7_R3b,NTM-3-2,32.775739,-101.94738006591795,55.0,0.2199999988079,0.23384984,0.13534088,0.30307508,0.0,0.5369249151495361
P7_R3b,NTM-3-2,32.775739,-101.94738006591795,87.5,0.37999999523162,0.107935734,0.09941399,0.22262232,0.0,0.3305580540559616
P7_R3c,NTM-3-3,32.775739,-101.94738006591795,2.5,0.4900000095367399,0.716565,0.28444612,0.63697326,0.07959173816680909,1.353538261833191
P7_R3c,NTM-3-3,32.775739,-101.94738006591795,7.5,0.23000000417232,0.6616261,0.2709269,0.60669905,0.05492705052719116,1.2683251494728087
P7_R3c,NTM-3-3,32.775739,-101.94738006591795,22.5,0.12999999523162,0.5154133,0.23330086,0.5224414,0.0,1.0378546871765137
P7_R3c,NTM-3-3,32.775739,-101.94738006591795,55.0,0.12999999523162,0.23384984,0.13534088,0.30307508,0.0,0.5369249151495361
P7_R3c,NTM-3-3,32.775739,-101.94738006591795,87.5,0.0700000002980199,0.107935734,0.09941399,0.22262232,0.0,0.3305580540559616
P8_R3a,CVT-3-1,32.775733947753906,-101.947185,2.5,0.18999999761581,0.716565,0.28444612,0.63697326,0.07959173816680909,1.353538261833191
P8_R3a,CVT-3-1,32.775733947753906,-101.947185,7.5,0.18000000715255,0.6616261,0.2709269,0.60669905,0.05492705052719116,1.2683251494728087
P8_R3a,CVT-3-1,32.775733947753906,-101.947185,22.5,0.2199999988079,0.5154133,0.23330086,0.5224414,0.0,1.0378546871765137
P8_R3a,CVT-3-1,32.775733947753906,-101.947185,55.0,0.12999999523162,0.23384984,0.13534088,0.30307508,0.0,0.5369249151495361
P8_R3a,CVT-3-1,32.775733947753906,-101.947185,87.5,0.1000000014901099,0.107935734,0.09941399,0.22262232,0.0,0.3305580540559616
P8_R3b,CVT-3-2,32.775733947753906,-101.947185,2.5,0.31000000238418,0.716565,0.28444612,0.63697326,0.07959173816680909,1.353538261833191
P8_R3b,CVT-3-2,32.775733947753906,-101.947185,7.5,0.33000001311302,0.6616261,0.2709269,0.60669905,0.05492705052719116,1.2683251494728087
P8_R3b,CVT-3-2,32.775733947753906,-101.947185,22.5,0.2199999988079,0.5154133,0.23330086,0.5224414,0.0,1.0378546871765137
P8_R3b,CVT-3-2,32.775733947753906,-101.947185,55.0,0.2199999988079,0.23384984,0.13534088,0.30307508,0.0,0.5369249151495361
P8_R3b,CVT-3-2,32.775733947753906,-101.947185,87.5,0.11999999731779,0.107935734,0.09941399,0.22262232,0.0,0.3305580540559616
P8_R3c,CVT-3-3,32.775733947753906,-101.947185,2.5,0.20000000298023,0.716565,0.28444612,0.63697326,0.07959173816680909,1.353538261833191
P8_R3c,CVT-3-3,32.775733947753906,-101.947185,7.5,0.37000000476837,0.6616261,0.2709269,0.60669905,0.05492705052719116,1.2683251494728087
P8_R3c,CVT-3-3,32.775733947753906,-101.947185,22.5,0.17000000178813,0.5154133,0.23330086,0.5224414,0.0,1.0378546871765137
P8_R3c,CVT-3-3,32.775733947753906,-101.947185,55.0,0.2199999988079,0.23384984,0.13534088,0.30307508,0.0,0.5369249151495361
P8_R3c,CVT-3-3,32.775733947753906,-101.947185,87.5,0.1500000059604599,0.107935734,0.09941399,0.22262232,0.0,0.3305580540559616
P9_R3a,NTR-3-1,32.775683,-101.947009,,0.7200000286102199,0.36725998,0.17659143,0.3954493,0.0,0.762709290541153
P9_R3a,NTR-3-1,32.775683,-101.947009,,0.54000002145767,0.36725998,0.17659143,0.3954493,0.0,0.762709290541153
P9_R3a,NTR-3-1,32.775683,-101.947009,,0.2199999988079,0.36725998,0.17659143,0.3954493,0.0,0.762709290541153
P9_R3a,NTR-3-1,32.775683,-101.947009,,0.23000000417232,0.36725998,0.17659143,0.3954493,0.0,0.762709290541153
P9_R3a,NTR-3-1,32.775683,-101.947009,,0.18000000715255,0.36725998,0.17659143,0.3954493,0.0,0.762709290541153
P9_R3b,NTR-3-2,32.775683,-101.947009,,0.91000002622604,0.36725998,0.17659143,0.3954493,0.0,0.762709290541153
P9_R3b,NTR-3-2,32.775683,-101.947009,,0.61000001430511,0.36725998,0.17659143,0.3954493,0.0,0.762709290541153
P9_R3b,NTR-3-2,32.775683,-101.947009,,0.1500000059604599,0.36725998,0.17659143,0.3954493,0.0,0.762709290541153
P9_R3b,NTR-3-2,32.775683,-101.947009,,0.33000001311302,0.36725998,0.17659143,0.3954493,0.0,0.762709290541153
P9_R3b,NTR-3-2,32.775683,-101.947009,,0.23999999463558,0.36725998,0.17659143,0.3954493,0.0,0.762709290541153
P9_R3c,NTR-3-3,32.775683,-101.947009,,0.68999999761581,0.36725998,0.17659143,0.3954493,0.0,0.762709290541153
P9_R3c,NTR-3-3,32.775683,-101.947009,,0.33000001311302,0.36725998,0.17659143,0.3954493,0.0,0.762709290541153
P9_R3c,NTR-3-3,32.775683,-101.947009,,0.1400000005960399,0.36725998,0.17659143,0.3954493,0.0,0.762709290541153
P9_R3c,NTR-3-3,32.775683,-101.947009,,0.17000000178813,0.36725998,0.17659143,0.3954493,0.0,0.762709290541153
P9_R3c,NTR-3-3,32.775683,-101.947009,,0.1400000005960399,0.36725998,0.17659143,0.3954493,0.0,0.762709290541153
CK-1A-ASP2,ASP2-1,46.78188975,-117.0822114,2.5,2.85920000076293,1.5613253,0.50621146,1.1335826,0.427742707989502,2.694907892010498
CK-1A-ASP2,ASP2-1,46.78188975,-117.0822114,7.5,2.1884000301361,1.4530264,0.46756673,1.0470437,0.4059827188552856,2.500070081144714
CK-1A-ASP2,ASP2-1,46.78188975,-117.0822114,19.5,1.88139998912811,1.1846504,0.42785665,0.9581191,0.22653130562820434,2.1427694943717954
CK-1A-ASP2,ASP2-1,46.78188975,-117.0822114,47.0,1.4542000293731598,0.64990205,0.2858027,0.64001113,0.009890918236541757,1.2899131817634584
CK-1A-ASP2,ASP2-1,46.78188975,-117.0822114,76.5,0.98111999034881,0.45277202,0.2433251,0.5448891,0.0,0.9976611124453736
CK-1A-ASP2,ASP2-1,46.78188975,-117.0822114,105.0,0.72930997610092,0.3768553,0.20792128,0.4656077,0.0,0.8424630027320862
CK-1B-ASP2,ASP2-2,46.78188975,-117.0822114,2.5,2.6851999759673997,1.5613253,0.50621146,1.1335826,0.427742707989502,2.694907892010498
CK-1B-ASP2,ASP2-2,46.78188975,-117.0822114,7.5,2.55450010299682,1.4530264,0.46756673,1.0470437,0.4059827188552856,2.500070081144714
CK-1B-ASP2,ASP2-2,46.78188975,-117.0822114,21.0,1.4812999963760298,1.1165383,0.4156254,0.9307291,0.18580920883255003,2.04726739116745
CK-1B-ASP2,ASP2-2,46.78188975,-117.0822114,54.5,0.96082997322082,0.6050418,0.28109762,0.6294748,0.0,1.2345166187065124
CK-1B-ASP2,ASP2-2,46.78188975,-117.0822114,87.5,0.49107998609542,0.3968367,0.22964588,0.5142566,0.0,0.9110932965652465
CK-1B-ASP2,ASP2-3,46.78188975,-117.0822114,110.0,0.28000000119209,0.3768553,0.20792128,0.4656077,0.0,0.8424630027320862
CK-1C-ASP2,ASP2-3,46.78188975,-117.0822114,2.5,2.39619994163513,1.5613253,0.50621146,1.1335826,0.427742707989502,2.694907892010498
CK-1C-ASP2,ASP2-3,46.78188975,-117.0822114,7.5,2.73589992523193,1.4530264,0.46756673,1.0470437,0.4059827188552856,2.500070081144714
CK-1C-ASP2,ASP2-3,46.78188975,-117.0822114,24.5,2.31900000572204,0.95958805,0.37554023,0.8409645,0.11862355386428836,1.8005525461357117
CK-1C-ASP2,ASP2-3,46.78188975,-117.0822114,51.5,1.54100000858306,0.6473811,0.2858027,0.64001113,0.007369968236541791,1.2873922317634583
CK-1C-ASP2,ASP2-3,46.78188975,-117.0822114,76.5,0.76323002576828,0.45277202,0.2433251,0.5448891,0.0,0.9976611124453736
CK-1C-ASP2,ASP2-3,46.78188975,-117.0822114,98.5,0.39041000604629,0.3915103,0.22964588,0.5142566,0.0,0.9057668965652466
CK-1C-ASP2,ASP2-3,46.78188975,-117.0822114,115.0,0.52572000026702,0.37139478,0.20689838,0.46331707,0.0,0.8347118464310455
CK-2A-BAU9,BAU9-1,46.78188975,-117.0822114,2.5,1.48860001564025,1.5613253,0.50621146,1.1335826,0.427742707989502,2.694907892010498
CK-2A-BAU9,BAU9-1,46.78188975,-117.0822114,7.5,1.30780005455017,1.4530264,0.46756673,1.0470437,0.4059827188552856,2.500070081144714
CK-2A-BAU9,BAU9-1,46.78188975,-117.0822114,21.5,1.17470002174377,1.1165383,0.41982576,0.9401352,0.1764031190498352,2.056673480950165
CK-2A-BAU9,BAU9-1,46.78188975,-117.0822114,50.5,0.94564998149871,0.6473811,0.2858027,0.64001113,0.007369968236541791,1.2873922317634583
CK-2A-BAU9,BAU9-1,46.78188975,-117.0822114,78.5,0.6190800070762601,0.4485252,0.2433251,0.5448891,0.0,0.9934142924453735
CK-2A-BAU9,BAU9-1,46.78188975,-117.0822114,97.5,0.37446001172065,0.3915103,0.22964588,0.5142566,0.0,0.9057668965652466
CK-2A-BAU9,BAU9-1,46.78188975,-117.0822114,114.0,0.22639000415802,0.37139478,0.20689838,0.46331707,0.0,0.8347118464310455
CK-2B-BAU9,BAU9-2,46.78188975,-117.0822114,2.5,1.5815999507904002,1.5613253,0.50621146,1.1335826,0.427742707989502,2.694907892010498
CK-2B-BAU9,BAU9-2,46.78188975,-117.0822114,7.5,1.50129997730255,1.4530264,0.46756673,1.0470437,0.4059827188552856,2.500070081144714
CK-2B-BAU9,BAU9-2,46.78188975,-117.0822114,20.5,1.17340004444122,1.1846504,0.45137537,1.0107856,0.1738648203186035,2.1954359796813963
CK-2B-BAU9,BAU9-2,46.78188975,-117.0822114,45.5,0.86226999759674,0.6589229,0.30664903,0.6866933,0.0,1.3456162107376097
CK-2B-BAU9,BAU9-2,46.78188975,-117.0822114,71.5,0.57908999919891,0.4872517,0.2506345,0.56125736,0.0,1.0485090623657227
CK-2B-BAU9,BAU9-2,46.78188975,-117.0822114,93.0,0.56826001405715,0.3968367,0.22964588,0.5142566,0.0,0.9110932965652465
CK-2B-BAU9,BAU9-2,46.78188975,-117.0822114,112.5,0.4277200102805999,0.3768553,0.20792128,0.4656077,0.0,0.8424630027320862
CK-2C-BAU9,BAU9-3,46.78188975,-117.0822114,2.5,1.69079995155334,1.5613253,0.50621146,1.1335826,0.427742707989502,2.694907892010498
CK-2C-BAU9,BAU9-3,46.78188975,-117.0822114,7.5,1.5987999439239502,1.4530264,0.46756673,1.0470437,0.4059827188552856,2.500070081144714
CK-2C-BAU9,BAU9-3,46.78188975,-117.0822114,20.0,1.3882999420166,1.1846504,0.4491008,1.0056921,0.17895827563323974,2.19034252436676
CK-2C-BAU9,BAU9-3,46.78188975,-117.0822114,44.5,1.11530005931854,0.69552994,0.32157543,0.72011864,0.0,1.4156485818533326
CK-2C-BAU9,BAU9-3,46.78188975,-117.0822114,72.5,0.64052999019622,0.4872517,0.2506345,0.56125736,0.0,1.0485090623657227
CK-2C-BAU9,BAU9-3,46.78188975,-117.0822114,94.0,0.48216000199317,0.3968367,0.22964588,0.5142566,0.0,0.9110932965652465
CK-2C-BAU9,BAU9-3,46.78188975,-117.0822114,112.0,0.27090001106262,0.3768553,0.20792128,0.4656077,0.0,0.8424630027320862
JEA-1A-ASP10,ASP10-1,46.78836813,-117.4595977,2.5,2.1800000667572,1.8652055,0.59871024,1.3407193,0.5244861577682496,3.2059248422317506
JEA-1A-ASP10,ASP10-1,46.78836813,-117.4595977,7.5,1.37000000476837,1.4941556,0.5161868,1.1559207,0.3382348560577393,2.6500763439422608
JEA-1A-ASP10,ASP10-1,46.78836813,-117.4595977,21.5,1.12000000476837,0.7874102,0.31776872,0.7115941,0.07581609523315425,1.4990043047668458
JEA-1A-ASP10,ASP10-1,46.78836813,-117.4595977,46.5,0.47999998927116,0.46625915,0.21400258,0.4792258,0.0,0.9454849643424987
JEA-1A-ASP10,ASP10-1,46.78836813,-117.4595977,71.0,0.3600000143051099,0.33788174,0.1836821,0.41132778,0.0,0.7492095192930603
JEA-1A-ASP10,ASP10-1,46.78836813,-117.4595977,94.0,0.28000000119209,0.26756456,0.1632297,0.36552778,0.0,0.6330923388639069
JEA-1A-ASP10,ASP10-1,46.78836813,-117.4595977,114.0,0.17000000178813,0.25239232,0.16109557,0.36074874,0.0,0.6131410580504608
JEA-1B-ASP10,ASP10-2,46.788368,-117.4595978,2.5,1.62999999523162,1.8652055,0.59871024,1.3407193,0.5244861577682496,3.2059248422317506
JEA-1B-ASP10,ASP10-2,46.788368,-117.4595978,7.5,1.16999995708465,1.4941556,0.5161868,1.1559207,0.3382348560577393,2.6500763439422608
JEA-1B-ASP10,ASP10-2,46.788368,-117.4595978,21.0,1.0,0.7874102,0.3150772,0.7055668,0.08184337651748652,1.4929770234825135
JEA-1B-ASP10,ASP10-2,46.788368,-117.4595978,43.5,0.4399999976158099,0.47769836,0.21714409,0.48626074,0.0,0.9639591019490814
JEA-1B-ASP10,ASP10-2,46.788368,-117.4595978,69.5,0.23000000417232,0.33832443,0.1836821,0.41132778,0.0,0.7496522092930603
JEA-1B-ASP10,ASP10-2,46.788368,-117.4595978,96.0,0.15999999642372,0.26756456,0.1632297,0.36552778,0.0,0.6330923388639069
JEA-1B-ASP10,ASP10-2,46.788368,-117.4595978,115.0,0.07999999821186,0.25239232,0.16109557,0.36074874,0.0,0.6131410580504608
JEA-1C-ASP10,ASP10-3,46.78836851,-117.4595972,2.5,0.76999998092651,1.8652055,0.59871024,1.3407193,0.5244861577682496,3.2059248422317506
JEA-1C-ASP10,ASP10-3,46.78836851,-117.4595972,7.5,0.6700000166893,1.4941556,0.5161868,1.1559207,0.3382348560577393,2.6500763439422608
JEA-1C-ASP10,ASP10-3,46.78836851,-117.4595972,18.5,0.4600000083446499,0.8451371,0.31496602,0.7053179,0.13981918551406858,1.5504550144859315
JEA-1C-ASP10,ASP10-3,46.78836851,-117.4595972,39.0,0.10999999940395,0.48957744,0.22652428,0.5072662,0.0,0.9968436634306335
JEA-1C-ASP10,ASP10-3,46.78836851,-117.4595972,64.5,0.07999999821186,0.37387717,0.18468533,0.41357437,0.0,0.7874515377616119
JEA-1C-ASP10,ASP10-3,46.78836851,-117.4595972,91.5,0.0700000002980199,0.26756456,0.1632297,0.36552778,0.0,0.6330923388639069
JEA-1C-ASP10,ASP10-3,46.78836851,-117.4595972,113.5,0.05000000074505,0.25239232,0.16109557,0.36074874,0.0,0.6131410580504608
KUI-1A-ASP6,ASP6-1,46.78188975,-117.0822114,2.5,2.5799999237060502,1.5613253,0.50621146,1.1335826,0.427742707989502,2.694907892010498
KUI-1A-ASP6,ASP6-1,46.78188975,-117.0822114,7.5,1.69000005722045,1.4530264,0.46756673,1.0470437,0.4059827188552856,2.500070081144714
KUI-1A-ASP6,ASP6-1,46.78188975,-117.0822114,19.0,1.5,1.1842911,0.4258522,0.95363045,0.23066065261230473,2.1379215473876956
KUI-1A-ASP6,ASP6-1,46.78188975,-117.0822114,38.0,0.68000000715255,0.7504434,0.3372754,0.7552763,0.0,1.5057197223648071
KUI-1A-ASP6,ASP6-1,46.78188975,-117.0822114,60.0,0.40000000596046,0.56312394,0.26688904,0.5976569,0.0,1.1607808456510926
KUI-1A-ASP6,ASP6-1,46.78188975,-117.0822114,82.0,0.25999999046325,0.4248095,0.24446696,0.54744613,0.0,0.9722556317062379
KUI-1A-ASP6,ASP6-1,46.78188975,-117.0822114,107.0,0.20999999344348,0.3768553,0.20792128,0.4656077,0.0,0.8424630027320862
KUI-1B-ASP6,ASP6-2,46.78188975,-117.0822114,2.5,2.41000008583068,1.5613253,0.50621146,1.1335826,0.427742707989502,2.694907892010498
KUI-1B-ASP6,ASP6-2,46.78188975,-117.0822114,7.5,2.03999996185302,1.4530264,0.46756673,1.0470437,0.4059827188552856,2.500070081144714
KUI-1B-ASP6,ASP6-2,46.78188975,-117.0822114,21.5,1.50999999046325,1.1165383,0.41982576,0.9401352,0.1764031190498352,2.056673480950165
KUI-1B-ASP6,ASP6-2,46.78188975,-117.0822114,45.0,0.97000002861022,0.6952717,0.32157543,0.72011864,0.0,1.4153903418533327
KUI-1B-ASP6,ASP6-2,46.78188975,-117.0822114,72.5,0.64999997615814,0.4872517,0.2506345,0.56125736,0.0,1.0485090623657227
KUI-1B-ASP6,ASP6-2,46.78188975,-117.0822114,97.0,0.5,0.3915103,0.22964588,0.5142566,0.0,0.9057668965652466
KUI-1B-ASP6,ASP6-2,46.78188975,-117.0822114,114.0,0.37999999523162,0.37139478,0.20689838,0.46331707,0.0,0.8347118464310455
KUI-1C-ASP6,ASP6-3,46.78188975,-117.0822114,2.5,2.69000005722045,1.5613253,0.50621146,1.1335826,0.427742707989502,2.694907892010498
KUI-1C-ASP6,ASP6-3,46.78188975,-117.0822114,7.5,1.8700000047683696,1.4530264,0.46756673,1.0470437,0.4059827188552856,2.500070081144714
KUI-1C-ASP6,ASP6-3,46.78188975,-117.0822114,19.0,1.8400000333785995,1.1842911,0.4258522,0.95363045,0.23066065261230473,2.1379215473876956
KUI-1C-ASP6,ASP6-3,46.78188975,-117.0822114,44.5,1.30999994277954,0.69552994,0.32157543,0.72011864,0.0,1.4156485818533326
KUI-1C-ASP6,ASP6-3,46.78188975,-117.0822114,74.5,0.97000002861022,0.48345754,0.2506345,0.56125736,0.0,1.0447149023657227
KUI-1C-ASP6,ASP6-3,46.78188975,-117.0822114,98.5,0.68000000715255,0.3915103,0.22964588,0.5142566,0.0,0.9057668965652466
KUI-1C-ASP6,ASP6-3,46.78188975,-117.0822114,115.5,0.31000000238418,0.37139478,0.20689838,0.46331707,0.0,0.8347118464310455
KUI-2A-BAU3,BAU3-1,46.78188975,-117.0822114,2.5,2.0499999523162797,1.5613253,0.50621146,1.1335826,0.427742707989502,2.694907892010498
KUI-2A-BAU3,BAU3-1,46.78188975,-117.0822114,7.5,1.64999997615814,1.4530264,0.46756673,1.0470437,0.4059827188552856,2.500070081144714
KUI-2A-BAU3,BAU3-1,46.78188975,-117.0822114,22.0,0.93000000715255,1.0872748,0.42433038,0.95022255,0.13705224817733774,2.0374973518226627
KUI-2A-BAU3,BAU3-1,46.78188975,-117.0822114,52.0,0.4699999988079,0.61327595,0.28109762,0.6294748,0.0,1.2427507687065125
KUI-2A-BAU3,BAU3-1,46.78188975,-117.0822114,85.0,0.4399999976158099,0.39829904,0.22964588,0.5142566,0.0,0.9125556365652465
KUI-2A-BAU3,BAU3-1,46.78188975,-117.0822114,111.0,0.40999999642372,0.3768553,0.20792128,0.4656077,0.0,0.8424630027320862
KUI-2B-BAU3,BAU3-2,46.74504916,-117.4236809,2.5,1.7500000000000002,2.1597433,0.7272501,1.6285646,0.5311787038238527,3.7883078961761476
KUI-2B-BAU3,BAU3-2,46.74504916,-117.4236809,7.5,1.33000004291534,1.766235,0.5909187,1.3232715,0.4429634870147705,3.0895065129852295
KUI-2B-BAU3,BAU3-2,46.74504916,-117.4236809,24.0,0.83999997377395,0.78647155,0.32677254,0.7317568,0.05471474362640383,1.518228356373596
KUI-2B-BAU3,BAU3-2,46.74504916,-117.4236809,56.5,0.56000000238418,0.5030352,0.23592642,0.5283209,0.0,1.0313561085464478
KUI-2B-BAU3,BAU3-2,46.74504916,-117.4236809,89.0,0.50999999046325,0.34555748,0.18452185,0.41320828,0.0,0.7587657560334015
KUI-2B-BAU3,BAU3-2,46.74504916,-117.4236809,112.5,0.20000000298023,0.33189428,0.17462629,0.3910487,0.0,0.7229429796173859
KUI-2C-BAU3,BAU3-3,46.74504916,-117.4236809,2.5,1.89999997615814,2.1597433,0.7272501,1.6285646,0.5311787038238527,3.7883078961761476
KUI-2C-BAU3,BAU3-3,46.74504916,-117.4236809,7.5,1.44000005722045,1.766235,0.5909187,1.3232715,0.4429634870147705,3.0895065129852295
KUI-2C-BAU3,BAU3-3,46.74504916,-117.4236809,21.5,0.8600000143051101,0.93266755,0.3625541,0.8118841,0.12078344479446412,1.744551655205536
KUI-2C-BAU3,BAU3-3,46.74504916,-117.4236809,52.5,0.50999999046325,0.5235787,0.23592642,0.5283209,0.0,1.0518996085464476
KUI-2C-BAU3,BAU3-3,46.74504916,-117.4236809,83.0,0.3000000119209199,0.37458822,0.18552579,0.41545644,0.0,0.7900446640250397
KUI-2C-BAU3,BAU3-3,46.74504916,-117.4236809,108.0,0.18000000715255,0.33189428,0.17462629,0.3910487,0.0,0.7229429796173859
LYM-1A-BAU8,BAU8-1,46.74504916,-117.4236809,2.5,2.0569999217987,2.1597433,0.7272501,1.6285646,0.5311787038238527,3.7883078961761476
LYM-1A-BAU8,BAU8-1,46.74504916,-117.4236809,7.5,2.2149999141693097,1.766235,0.5909187,1.3232715,0.4429634870147705,3.0895065129852295
LYM-1A-BAU8,BAU8-1,46.74504916,-117.4236809,19.5,2.06680011749267,0.9877029,0.3500378,0.7838558,0.20384710413970952,1.7715586958602905
LYM-1A-BAU8,BAU8-1,46.74504916,-117.4236809,54.0,2.50180006027221,0.51196206,0.23592642,0.5283209,0.0,1.0402829685464479
LYM-1A-BAU8,BAU8-1,46.74504916,-117.4236809,92.5,1.92499995231628,0.34555748,0.18452185,0.41320828,0.0,0.7587657560334015
LYM-1A-BAU8,BAU8-1,46.74504916,-117.4236809,114.0,1.34309995174407,0.32945165,0.17462629,0.3910487,0.0,0.7205003496173858
LYM-1B-BAU8,BAU8-2,46.74504915,-117.4236809,2.5,2.0434999465942303,2.1597433,0.7272501,1.6285646,0.5311787038238527,3.7883078961761476
LYM-1B-BAU8,BAU8-2,46.74504915,-117.4236809,7.5,1.9508999586105296,1.766235,0.5909187,1.3232715,0.4429634870147705,3.0895065129852295
LYM-1B-BAU8,BAU8-2,46.74504915,-117.4236809,18.0,1.81099998950958,1.0220804,0.3707706,0.8302837,0.19179669858016957,1.8523641014198302
LYM-1B-BAU8,BAU8-2,46.74504915,-117.4236809,41.0,1.92170000076293,0.5895637,0.26751614,0.5990612,0.0,1.1886248910820008
LYM-1B-BAU8,BAU8-2,46.74504915,-117.4236809,66.5,2.62260007858276,0.4460302,0.2175472,0.48716345,0.0,0.9331936542942048
LYM-1B-BAU8,BAU8-2,46.74504915,-117.4236809,86.5,2.19020009040832,0.34696618,0.18452185,0.41320828,0.0,0.7601744560334015
LYM-1B-BAU8,BAU8-2,46.74504915,-117.4236809,109.0,1.07459998130798,0.33189428,0.17462629,0.3910487,0.0,0.7229429796173859
LYM-1C-BAU8,BAU8-3,46.74504922,-117.4236808,2.5,2.42540001869201,2.1597433,0.7272501,1.6285646,0.5311787038238527,3.7883078961761476
LYM-1C-BAU8,BAU8-3,46.74504922,-117.4236808,7.5,2.1138999462127597,1.766235,0.5909187,1.3232715,0.4429634870147705,3.0895065129852295
LYM-1C-BAU8,BAU8-3,46.74504922,-117.4236808,17.0,1.94110000133514,1.0220804,0.36768076,0.82336444,0.19871596337356556,1.8454448366264342
LYM-1C-BAU8,BAU8-3,46.74504922,-117.4236808,43.0,1.9272999763488696,0.5895637,0.26751614,0.5990612,0.0,1.1886248910820008
LYM-1C-BAU8,BAU8-3,46.74504922,-117.4236808,73.5,1.6068999767303398,0.4245787,0.21791849,0.4879949,0.0,0.912573609286499
LYM-1C-BAU8,BAU8-3,46.74504922,-117.4236808,96.5,1.13489997386932,0.34555748,0.18452185,0.41320828,0.0,0.7587657560334015
LYM-1C-BAU8,BAU8-3,46.74504922,-117.4236808,115.0,0.8398699760437001,0.32945165,0.17462629,0.3910487,0.0,0.7205003496173858
PCFS1-PGL7a,PGL7-7a,46.75739636,-117.1998969,2.5,1.8348000049591,2.2832365,0.75812525,1.6977048,0.585531707977295,3.980941292022705
PCFS1-PGL7a,PGL7-7a,46.75739636,-117.1998969,7.5,1.69369995594024,1.9230335,0.6180233,1.383968,0.5390655043563843,3.3070014956436156
PCFS1-PGL7a,PGL7-7a,46.75739636,-117.1998969,15.0,1.2150000333786,1.2935982,0.4238228,0.9490859,0.34451230875320427,2.2426840912467956
PCFS1-PGL7a,PGL7-7a,46.75739636,-117.1998969,30.5,0.5415499806404099,0.83779496,0.34730008,0.77772504,0.060069919087371804,1.6155200009126283
PCFS1-PGL7a,PGL7-7a,46.75739636,-117.1998969,52.5,0.3779500126838599,0.6191936,0.26347783,0.59001803,0.02917556601867677,1.2092116339813233
PCFS1-PGL7a,PGL7-7a,46.75739636,-117.1998969,81.5,0.25637999176979,0.44190323,0.22239836,0.49802688,0.0,0.9399301076416778
PCFS1-PGL7a,PGL7-7a,46.75739636,-117.1998969,110.5,0.14312000572681,0.40867877,0.20793842,0.46564606,0.0,0.8743248283209992
PCFS1-PGL7b,PGL7-7b,46.75739636,-117.1998969,2.5,2.56389999389648,2.2832365,0.75812525,1.6977048,0.585531707977295,3.980941292022705
PCFS1-PGL7b,PGL7-7b,46.75739636,-117.1998969,7.5,1.90450000762939,1.9230335,0.6180233,1.383968,0.5390655043563843,3.3070014956436156
PCFS1-PGL7b,PGL7-7b,46.75739636,-117.1998969,16.0,1.42139995098114,1.304562,0.4238228,0.9490859,0.35547610875320435,2.2536478912467954
PCFS1-PGL7b,PGL7-7b,46.75739636,-117.1998969,33.5,0.97935998439788,0.82739097,0.34353614,0.7692963,0.05809468150970454,1.5966872584902954
PCFS1-PGL7b,PGL7-7b,46.75739636,-117.1998969,56.0,0.4766399860382,0.6038477,0.2600914,0.58243465,0.021413045764160143,1.1862823542358398
PCFS1-PGL7b,PGL7-7b,46.75739636,-117.1998969,85.0,0.2996500134468,0.42281523,0.22165075,0.49635273,0.0,0.9191679621815491
PCFS1-PGL7b,PGL7-7b,46.75739636,-117.1998969,112.5,0.24018999934196,0.40867877,0.20793842,0.46564606,0.0,0.8743248283209992
PCFS1-PGL7c,PGL7-7c,46.75739636,-117.1998969,2.5,2.8043999671936,2.2832365,0.75812525,1.6977048,0.585531707977295,3.980941292022705
PCFS1-PGL7c,PGL7-7c,46.75739636,-117.1998969,7.5,1.9917999505996704,1.9230335,0.6180233,1.383968,0.5390655043563843,3.3070014956436156
PCFS1-PGL7c,PGL7-7c,46.75739636,-117.1998969,16.5,1.61029994487762,1.2306786,0.39781663,0.8908491,0.3398294865356446,2.1215277134643555
PCFS1-PGL7c,PGL7-7c,46.75739636,-117.1998969,32.5,1.60179996490478,0.83183444,0.34353614,0.7692963,0.06253815150970454,1.6011307284902954
PCFS1-PGL7c,PGL7-7c,46.75739636,-117.1998969,53.5,0.95547997951507,0.6096711,0.2600914,0.58243465,0.027236445764160178,1.1921057542358398
PCFS1-PGL7c,PGL7-7c,46.75739636,-117.1998969,81.5,0.79110997915267,0.44190323,0.22239836,0.49802688,0.0,0.9399301076416778
PCFS1-PGL7c,PGL7-7c,46.75739636,-117.1998969,110.0,0.33849999308586,0.40867877,0.20793842,0.46564606,0.0,0.8743248283209992
PCFS3-1A-ASP9,ASP9-1,46.75757137,-117.2000596,2.5,3.07739996910095,2.2832365,0.75812525,1.6977048,0.585531707977295,3.980941292022705
PCFS3-1A-ASP9,ASP9-1,46.75757137,-117.2000596,7.5,2.17890000343322,1.9230335,0.6180233,1.383968,0.5390655043563843,3.3070014956436156
PCFS3-1A-ASP9,ASP9-1,46.75757137,-117.2000596,20.0,1.5741000175476,1.1876004,0.42518026,0.9521257,0.23547467186965942,2.1397261281303406
PCFS3-1A-ASP9,ASP9-1,46.75757137,-117.2000596,46.5,1.77639997005462,0.6650077,0.28862178,0.64632404,0.01868366149444578,1.311331738505554
PCFS3-1A-ASP9,ASP9-1,46.75757137,-117.2000596,83.5,1.38189995288848,0.44190323,0.22239836,0.49802688,0.0,0.9399301076416778
PCFS3-1A-ASP9,ASP9-1,46.75757137,-117.2000596,113.0,1.10989999771118,0.40867877,0.20793842,0.46564606,0.0,0.8743248283209992
PCFS3-1B-ASP9,ASP9-2,46.75757137,-117.2000596,2.5,2.58179998397827,2.2832365,0.75812525,1.6977048,0.585531707977295,3.980941292022705
PCFS3-1B-ASP9,ASP9-2,46.75757137,-117.2000596,7.5,2.19300007820129,1.9230335,0.6180233,1.383968,0.5390655043563843,3.3070014956436156
PCFS3-1B-ASP9,ASP9-2,46.75757137,-117.2000596,21.5,1.58759999275207,1.1360902,0.43486583,0.9738151,0.1622751164962768,2.109905283503723
PCFS3-1B-ASP9,ASP9-2,46.75757137,-117.2000596,45.0,1.2529000043869,0.7014907,0.30620143,0.68569094,0.015799760573577903,1.387181639426422
PCFS3-1B-ASP9,ASP9-2,46.75757137,-117.2000596,72.0,0.91908997297287,0.5050946,0.23895408,0.5351009,0.0,1.0401954772850037
PCFS3-1B-ASP9,ASP9-2,46.75757137,-117.2000596,98.0,0.5529500246047899,0.4158274,0.22087052,0.49460554,0.0,0.910432941229248
PCFS3-1B-ASP9,ASP9-2,46.75757137,-117.2000596,115.5,0.45849999785423,0.40609533,0.20793842,0.46564606,0.0,0.8717413883209991
PCFS3-1C-ASP9,ASP9-3,46.74504918,-117.4236807,2.5,3.30019998550415,2.1597433,0.7272501,1.6285646,0.5311787038238527,3.7883078961761476
PCFS3-1C-ASP9,ASP9-3,46.74504918,-117.4236807,7.5,1.9376000165939304,1.766235,0.5909187,1.3232715,0.4429634870147705,3.0895065129852295
PCFS3-1C-ASP9,ASP9-3,46.74504918,-117.4236807,19.5,1.31379997730255,0.9877029,0.3500378,0.7838558,0.20384710413970952,1.7715586958602905
PCFS3-1C-ASP9,ASP9-3,46.74504918,-117.4236807,40.0,0.8727300167083699,0.5895637,0.26751614,0.5990612,0.0,1.1886248910820008
PCFS3-1C-ASP9,ASP9-3,46.74504918,-117.4236807,66.5,0.63752001523971,0.4460302,0.2175472,0.48716345,0.0,0.9331936542942048
PCFS3-1C-ASP9,ASP9-3,46.74504918,-117.4236807,94.0,0.40290999412536,0.34555748,0.18452185,0.41320828,0.0,0.7587657560334015
PCFS3-1C-ASP9,ASP9-3,46.74504918,-117.4236807,114.0,0.1582999974489199,0.32945165,0.17462629,0.3910487,0.0,0.7205003496173858
PCFS3-2A-PGL9,PGL9-1,46.75757146,-117.20005798339844,2.5,3.07739996910095,2.2832365,0.75812525,1.6977048,0.585531707977295,3.980941292022705
PCFS3-2A-PGL9,PGL9-1,46.75757146,-117.20005798339844,7.5,2.17890000343322,1.9230335,0.6180233,1.383968,0.5390655043563843,3.3070014956436156
PCFS3-2A-PGL9,PGL9-1,46.75757146,-117.20005798339844,20.0,1.5741000175476,1.1876004,0.42518026,0.9521257,0.23547467186965942,2.1397261281303406
PCFS3-2A-PGL9,PGL9-1,46.75757146,-117.20005798339844,46.5,1.77639997005462,0.6650077,0.28862178,0.64632404,0.01868366149444578,1.311331738505554
PCFS3-2A-PGL9,PGL9-1,46.75757146,-117.20005798339844,83.5,1.38189995288848,0.44190323,0.22239836,0.49802688,0.0,0.9399301076416778
PCFS3-2A-PGL9,PGL9-1,46.75757146,-117.20005798339844,113.0,1.10989999771118,0.40867877,0.20793842,0.46564606,0.0,0.8743248283209992
PCFS3-2B-PGL9,PGL9-2,46.75739636,-117.1998969,2.5,2.58179998397827,2.2832365,0.75812525,1.6977048,0.585531707977295,3.980941292022705
PCFS3-2B-PGL9,PGL9-2,46.75739636,-117.1998969,7.5,2.19300007820129,1.9230335,0.6180233,1.383968,0.5390655043563843,3.3070014956436156
PCFS3-2B-PGL9,PGL9-2,46.75739636,-117.1998969,21.5,1.58759999275207,1.1360902,0.43486583,0.9738151,0.1622751164962768,2.109905283503723
PCFS3-2B-PGL9,PGL9-2,46.75739636,-117.1998969,45.0,1.2529000043869,0.7014907,0.30620143,0.68569094,0.015799760573577903,1.387181639426422
PCFS3-2B-PGL9,PGL9-2,46.75739636,-117.1998969,72.0,0.91908997297287,0.5050946,0.23895408,0.5351009,0.0,1.0401954772850037
PCFS3-2B-PGL9,PGL9-2,46.75739636,-117.1998969,98.0,0.5529500246047899,0.4158274,0.22087052,0.49460554,0.0,0.910432941229248
PCFS3-2B-PGL9,PGL9-2,46.75739636,-117.1998969,115.5,0.45849999785423,0.40609533,0.20793842,0.46564606,0.0,0.8717413883209991
PCFS3-2C-PGL9,PGL9-3,46.75739636,-117.1998969,2.5,3.30019998550415,2.2832365,0.75812525,1.6977048,0.585531707977295,3.980941292022705
PCFS3-2C-PGL9,PGL9-3,46.75739636,-117.1998969,7.5,1.9376000165939304,1.9230335,0.6180233,1.383968,0.5390655043563843,3.3070014956436156
PCFS3-2C-PGL9,PGL9-3,46.75739636,-117.1998969,19.5,1.31379997730255,1.1876004,0.40680718,0.9109821,0.27661832764663696,2.098582472353363
PCFS3-2C-PGL9,PGL9-3,46.75739636,-117.1998969,40.0,0.8727300167083699,0.70698744,0.30620143,0.68569094,0.021296500573577903,1.3926783794264221
PCFS3-2C-PGL9,PGL9-3,46.75739636,-117.1998969,66.5,0.63752001523971,0.5334216,0.23704346,0.53082234,0.002599263326263479,1.0642439366737366
PCFS3-2C-PGL9,PGL9-3,46.75739636,-117.1998969,94.0,0.40290999412536,0.4212469,0.22165075,0.49635273,0.0,0.917599632181549
PCFS3-2C-PGL9,PGL9-3,46.75739636,-117.1998969,114.0,0.1582999974489199,0.40609533,0.20793842,0.46564606,0.0,0.8717413883209991
S2019MN99-A-CON,CON-1,43.7476806640625,-92.845294,2.5,2.8666000366210898,2.8592994,0.9189096,2.0577567,0.8015427376312254,4.917056062368774
S2019MN99-A-CON,CON-1,43.7476806640625,-92.845294,7.5,2.7632999420166,2.674743,0.9100487,2.037914,0.6368289622955321,4.712657037704467
S2019MN99-A-CON,CON-1,43.7476806640625,-92.845294,18.0,2.59969997406005,1.991614,0.7144004,1.5997897,0.39182426134490966,3.5914037386550905
S2019MN99-A-CON,CON-1,43.7476806640625,-92.845294,38.0,0.8952999711036601,1.0236546,0.61239535,1.3713651,0.0,2.3950196703430175
S2019MN99-A-CON,CON-1,43.7476806640625,-92.845294,80.0,0.37880000472068,0.56584144,0.41650116,0.9326902,0.0,1.4985316431898499
S2019MN99-B-CON,CON-2,43.74790573120117,-92.845601,2.5,2.9268000125885,2.765305,0.9141643,2.04713,0.7181748921203615,4.812435107879638
S2019MN99-B-CON,CON-2,43.74790573120117,-92.845601,7.5,2.77189993858337,2.5856743,0.85673994,1.9185371,0.6671371601074219,4.504211439892578
S2019MN99-B-CON,CON-2,43.74790573120117,-92.845601,21.0,2.41030001640319,1.7924534,0.70967287,1.5892031,0.20325028072204598,3.3816565192779544
S2019MN99-B-CON,CON-2,43.74790573120117,-92.845601,43.0,0.96410000324249,0.9576667,0.5926765,1.3272078,0.0,2.284874503726196
S2019MN99-B-CON,CON-2,43.74790573120117,-92.845601,65.5,0.42179998755455,0.65662074,0.4485868,1.004541,0.0,1.661161779466858
S2019MN99-B-CON,CON-2,43.74790573120117,-92.845601,107.0,0.30989998579025,0.42069373,0.3532429,0.7910331,0.0,1.2117268191609192
S2019MN99-C-CON,CON-3,43.74759292602539,-92.844985,2.5,2.76259994506835,2.8592994,0.9189096,2.0577567,0.8015427376312254,4.917056062368774
S2019MN99-C-CON,CON-3,43.74759292602539,-92.844985,7.5,2.84069991111755,2.674743,0.9100487,2.037914,0.6368289622955321,4.712657037704467
S2019MN99-C-CON,CON-3,43.74759292602539,-92.844985,17.5,2.04879999160766,1.991614,0.7144004,1.5997897,0.39182426134490966,3.5914037386550905
S2019MN99-C-CON,CON-3,43.74759292602539,-92.844985,30.0,0.7833999991416899,1.262406,0.68314505,1.5297982,0.0,2.792204150062561
S2019MN99-C-CON,CON-3,43.74759292602539,-92.844985,47.5,0.57679998874664,0.8646448,0.5811987,1.301505,0.0,2.1661497695968626
S2019MN99-C-CON,CON-3,43.74759292602539,-92.844985,70.0,0.34430000185966,0.6260902,0.44894728,1.0053483,0.0,1.631438524775696
S2019MN99-C-CON,CON-3,43.74759292602539,-92.844985,95.0,0.16359999775886,0.4805636,0.36767444,0.8233503,0.0,1.3039139103256225
S2019MN99-D-CON,CON-4,43.750483,-92.84107208251952,2.5,3.18510007858276,2.5992422,0.90564346,2.028049,0.5711932078430175,4.627291192156982
S2019MN99-D-CON,CON-4,43.750483,-92.84107208251952,7.5,2.79769992828369,2.4893005,0.82918215,1.8568257,0.6324747906570436,4.346126209342957
S2019MN99-D-CON,CON-4,43.750483,-92.84107208251952,17.5,2.57389998435974,1.8873186,0.6935462,1.5530899,0.3342287428985595,3.4404084571014404
S2019MN99-D-CON,CON-4,43.750483,-92.84107208251952,36.0,1.00720000267028,1.0450677,0.61137277,1.3690752,0.0,2.4141428791000363
S2019MN99-D-CON,CON-4,43.750483,-92.84107208251952,78.5,0.30129998922348,0.54495263,0.38460952,0.8612738,0.0,1.4062264551686097
S2019MN99-E-CON,CON-5,43.7506217956543,-92.84133911132812,2.5,3.1333999633789,2.571202,0.8511097,1.9059291,0.6652729114074707,4.477131088592529
S2019MN99-E-CON,CON-5,43.7506217956543,-92.84133911132812,7.5,2.99569988250732,2.4621167,0.8088169,1.8112209,0.65089581567688,4.27333758432312
S2019MN99-E-CON,CON-5,43.7506217956543,-92.84133911132812,16.0,2.56529998779296,1.9947336,0.7035065,1.5753945,0.41933908877716064,3.5701281112228394
S2019MN99-E-CON,CON-5,43.7506217956543,-92.84133911132812,37.5,0.94690001010894,0.9847632,0.56343067,1.2617162,0.0,2.246479446604919
S2019MN99-E-CON,CON-5,43.7506217956543,-92.84133911132812,66.5,0.47350001335144,0.6235511,0.42467222,0.95098805,0.0,1.5745391542755127
S2019MN99-E-CON,CON-5,43.7506217956543,-92.84133911132812,95.0,0.18940000236034,0.43419954,0.33747318,0.75571924,0.0,1.189918784480133
S2019MN99-F-CON,CON-6,43.75033950805664,-92.84078216552734,2.5,3.16779994964599,2.6151755,0.90564346,2.028049,0.5871265078430175,4.643224492156982
S2019MN99-F-CON,CON-6,43.75033950805664,-92.84078216552734,7.5,2.97849988937377,2.4973302,0.82918215,1.8568257,0.6405044906570434,4.354155909342957
S2019MN99-F-CON,CON-6,43.75033950805664,-92.84078216552734,17.5,2.49640011787414,1.8906007,0.6935462,1.5530899,0.3375108428985596,3.4436905571014407
S2019MN99-F-CON,CON-6,43.75033950805664,-92.84078216552734,33.5,1.01579999923706,1.1826636,0.64205766,1.4377893,0.0,2.6204529209457395
S2019MN99-F-CON,CON-6,43.75033950805664,-92.84078216552734,64.5,0.34430000185966,0.6697868,0.4720266,1.0570309,0.0,1.7268177162139893
S2019MN99-G-CON,CON-7,43.752220153808594,-92.84329223632812,2.5,2.53080010414123,2.6080678,0.9080145,2.0333586,0.5747092260864259,4.641426373913575
S2019MN99-G-CON,CON-7,43.752220153808594,-92.84329223632812,7.5,2.73740005493164,2.4888742,0.83520615,1.8703156,0.6185586482421876,4.359189751757812
S2019MN99-G-CON,CON-7,43.752220153808594,-92.84329223632812,15.0,2.66000008583068,2.0188067,0.7368436,1.6500478,0.3687589209167479,3.668854479083252
S2019MN99-G-CON,CON-7,43.752220153808594,-92.84329223632812,27.0,0.9297000169754,1.3484591,0.63627404,1.4248377,0.0,2.7732968084732055
S2019MN99-G-CON,CON-7,43.752220153808594,-92.84329223632812,52.0,0.66280001401901,0.7921558,0.50100154,1.1219158,0.0,1.9140716172607422
S2019MN99-G-CON,CON-7,43.752220153808594,-92.84329223632812,76.5,0.27549999952316,0.561514,0.37934142,0.8494767,0.0,1.4109906950607298
S2019MN99-G-CON,CON-7,43.752220153808594,-92.84329223632812,93.0,1.1104999780654898,0.44153172,0.3225354,0.72226834,0.0,1.1638000629718017
S2019MN99-H-CON,CON-8,43.75217819213867,-92.843677,2.5,2.6858000755309996,2.594395,0.8496089,1.9025683,0.6918266596984863,4.496963340301514
S2019MN99-H-CON,CON-8,43.75217819213867,-92.843677,7.5,2.62549996376037,2.4805825,0.83520615,1.8703156,0.6102669482421876,4.350898051757813
S2019MN99-H-CON,CON-8,43.75217819213867,-92.843677,16.0,2.0229001045226997,1.9976288,0.69797355,1.5630043,0.4346245447052002,3.5606330552948
S2019MN99-H-CON,CON-8,43.75217819213867,-92.843677,30.5,1.07599997520446,1.1966573,0.622547,1.394098,0.0,2.5907553434417725
S2019MN99-H-CON,CON-8,43.75217819213867,-92.843677,52.0,0.52509999275207,0.7894025,0.50100154,1.1219158,0.0,1.9113183172607422
S2019MN99-H-CON,CON-8,43.75217819213867,-92.843677,80.5,0.3959999978542299,0.5295841,0.36328682,0.8135249,0.0,1.343109001866913
S2019MN99-H-CON,CON-8,43.75217819213867,-92.843677,119.0,1.53229999542236,0.40478402,0.29853618,0.6685258,0.0,1.073309835010071
S2019MN99-I-CON,CON-9,43.752284,-92.842882,2.5,3.11619997024536,2.5445826,0.8240371,1.8453041,0.6992784684921265,4.389886731507874
S2019MN99-I-CON,CON-9,43.752284,-92.842882,7.5,3.22810006141662,2.4274864,0.79398715,1.778012,0.6494743627227781,4.205498437277221
S2019MN99-I-CON,CON-9,43.752284,-92.842882,15.0,2.67720007896423,1.9652742,0.68954015,1.544119,0.4211551995651246,3.5093932004348756
S2019MN99-I-CON,CON-9,43.752284,-92.842882,37.0,1.04159998893737,0.9615679,0.5363543,1.2010828,0.0,2.1626507256607055
S2019MN99-I-CON,CON-9,43.752284,-92.842882,54.0,0.66280001401901,0.72970015,0.47172728,1.0563606,0.0,1.7860607523788452
S2019MN99-I-CON,CON-9,43.752284,-92.842882,82.5,0.33570000529289,0.5008711,0.36122543,0.8089087,0.0,1.309779800942993
S2019MN99-A-ALT,ALT-1,43.74983978271485,-92.8546371459961,2.5,2.98709988594055,2.34599,0.8203643,1.8370795,0.5089104750061035,4.183069524993897
S2019MN99-A-ALT,ALT-1,43.74983978271485,-92.8546371459961,7.5,2.5480000972747803,2.1826782,0.7784476,1.7432137,0.43946454643554667,3.925891853564453
S2019MN99-A-ALT,ALT-1,43.74983978271485,-92.8546371459961,15.0,2.60829997062683,1.7340324,0.65388024,1.4642642,0.2697682455657959,3.1982965544342044
S2019MN99-A-ALT,ALT-1,43.74983978271485,-92.8546371459961,27.5,2.05739998817443,1.0959855,0.6100823,1.3661854,0.0,2.4621709267120364
S2019MN99-A-ALT,ALT-1,43.74983978271485,-92.8546371459961,48.0,0.38740000128746,0.6106544,0.40086734,0.8976807,0.0,1.508335099825287
S2019MN99-A-ALT,ALT-1,43.74983978271485,-92.8546371459961,80.5,0.27549999952316,0.3830659,0.27095816,0.6067691,0.0,0.98983498493042
S2019MN99-B-ALT,ALT-2,43.74980926513672,-92.85498809814452,2.5,4.05450010299682,2.386969,0.82124555,1.8390529,0.54791608442688,4.226021915573121
S2019MN99-B-ALT,ALT-2,43.74980926513672,-92.85498809814452,7.5,3.46050000190734,2.2216573,0.79367995,1.7773241,0.4443332195327758,3.998981380467224
S2019MN99-B-ALT,ALT-2,43.74980926513672,-92.85498809814452,16.0,3.45190000534057,1.7523293,0.66342515,1.4856385,0.26669080074005125,3.2379677992599487
S2019MN99-B-ALT,ALT-2,43.74980926513672,-92.85498809814452,31.0,1.60969996452331,0.95052385,0.57255304,1.2821444,0.0,2.2326682772994992
S2019MN99-B-ALT,ALT-2,43.74980926513672,-92.85498809814452,55.0,0.86080002784729,0.54268783,0.3692415,0.8268595,0.0,1.3695473041821289
S2019MN99-B-ALT,ALT-2,43.74980926513672,-92.85498809814452,90.0,0.77469998598098,0.33580068,0.26495063,0.59331614,0.0,0.9291168177906799
S2019MN99-C-ALT,ALT-3,43.74953079223633,-92.85456848144533,2.5,2.55669999122619,2.357364,0.8203643,1.8370795,0.5202844750061035,4.194443524993897
S2019MN99-C-ALT,ALT-3,43.74953079223633,-92.85456848144533,7.5,2.62549996376037,2.184425,0.7784476,1.7432137,0.44121134643554694,3.927638653564453
S2019MN99-C-ALT,ALT-3,43.74953079223633,-92.85456848144533,16.0,2.05739998817443,1.720521,0.65464646,1.4659799,0.25454106626129147,3.1865009337387082
S2019MN99-C-ALT,ALT-3,43.74953079223633,-92.85456848144533,30.0,1.09329998493194,0.9585684,0.57255304,1.2821444,0.0,2.2407128272994994
S2019MN99-C-ALT,ALT-3,43.74953079223633,-92.85456848144533,59.0,0.31850001215934,0.4983438,0.36125106,0.8089661,0.0,1.3073099002159119
S2019MN99-C-ALT,ALT-3,43.74953079223633,-92.85456848144533,110.0,0.26690000295639,0.30359823,0.25301555,0.56658936,0.0,0.87018758546875
S2019MN99-D-ALT,ALT-4,43.74922180175781,-92.85453033447266,2.5,3.55520009994506,2.357364,0.8203643,1.8370795,0.5202844750061035,4.194443524993897
S2019MN99-D-ALT,ALT-4,43.74922180175781,-92.85453033447266,7.5,2.969899892807,2.184425,0.7784476,1.7432137,0.44121134643554694,3.927638653564453
S2019MN99-D-ALT,ALT-4,43.74922180175781,-92.85453033447266,17.5,2.96119999885559,1.6032009,0.6139306,1.3748031,0.22839783374633793,2.978003966253662
S2019MN99-D-ALT,ALT-4,43.74922180175781,-92.85453033447266,32.5,1.53229999542236,0.9209521,0.5662092,1.2679384,0.0,2.1888904754730225
S2019MN99-D-ALT,ALT-4,43.74922180175781,-92.85453033447266,50.5,0.76609998941421,0.59548885,0.40086734,0.8976807,0.0,1.4931695498252868
S2019MN99-D-ALT,ALT-4,43.74922180175781,-92.85453033447266,80.5,0.2409999966621299,0.38890138,0.29636952,0.66367394,0.0,1.0525753173207093
S2019MN99-E-ALT,ALT-5,43.74898910522461,-92.85466766357422,2.5,3.3989000320434495,2.3566012,0.8203643,1.8370795,0.5195216750061036,4.1936807249938965
S2019MN99-E-ALT,ALT-5,43.74898910522461,-92.85466766357422,7.5,3.33489990234375,2.1848378,0.7784476,1.7432137,0.4416241464355468,3.928051453564453
S2019MN99-E-ALT,ALT-5,43.74898910522461,-92.85466766357422,18.0,2.85069990158081,1.6035383,0.6139306,1.3748031,0.22873523374633797,2.9783413662536624
S2019MN99-E-ALT,ALT-5,43.74898910522461,-92.85466766357422,36.0,2.43479990959167,0.80207384,0.5248692,1.1753638,0.0,1.9774376190679932
S2019MN99-E-ALT,ALT-5,43.74898910522461,-92.85466766357422,62.0,0.40580001473426,0.49131355,0.36125106,0.8089661,0.0,1.300279650215912
S2019MN99-E-ALT,ALT-5,43.74898910522461,-92.85466766357422,97.0,0.22540000081062,0.3204803,0.25301555,0.56658936,0.0,0.88706965546875
S2019MN99-F-ALT,ALT-6,43.748931884765625,-92.85418701171876,2.5,3.39969992637634,2.6893542,0.96116126,2.1523726,0.5369816013519286,4.841726798648072
S2019MN99-F-ALT,ALT-6,43.748931884765625,-92.85418701171876,7.5,3.04800009727478,2.4971967,0.88678515,1.9858187,0.5113779562942504,4.4830154437057494
S2019MN99-F-ALT,ALT-6,43.748931884765625,-92.85418701171876,16.5,2.594899892807,1.8731365,0.7567852,1.6947039,0.17843256342315672,3.5678404365768435
S2019MN99-F-ALT,ALT-6,43.748931884765625,-92.85418701171876,33.0,1.5329999923706,1.1047137,0.65820956,1.473959,0.0,2.578672669116211
S2019MN99-F-ALT,ALT-6,43.748931884765625,-92.85418701171876,56.5,0.72140002250671,0.6661033,0.48397714,1.0837923,0.0,1.7498956288345338
S2019MN99-F-ALT,ALT-6,43.748931884765625,-92.85418701171876,87.0,0.4147999882698,0.44727272,0.35669512,0.7987638,0.0,1.2460365315882873
S2019MN99-G-ALT,ALT-7,43.74876022338867,-92.85347747802734,2.5,3.07909989356994,2.6893542,0.96116126,2.1523726,0.5369816013519286,4.841726798648072
S2019MN99-G-ALT,ALT-7,43.74876022338867,-92.85347747802734,7.5,3.30949997901916,2.4971967,0.88678515,1.9858187,0.5113779562942504,4.4830154437057494
S2019MN99-G-ALT,ALT-7,43.74876022338867,-92.85347747802734,18.5,2.5248999595641997,1.8146927,0.7196511,1.6115478,0.20314487227935785,3.4262405277206422
S2019MN99-G-ALT,ALT-7,43.74876022338867,-92.85347747802734,41.5,1.4337999820709202,0.82868093,0.57674783,1.291538,0.0,2.1202189301068115
S2019MN99-G-ALT,ALT-7,43.74876022338867,-92.85347747802734,66.5,0.92879998683929,0.60460216,0.432292,0.96805143,0.0,1.5726535935632324
S2019MN99-G-ALT,ALT-7,43.74876022338867,-92.85347747802734,88.5,0.3246000111102999,0.44727272,0.35669512,0.7987638,0.0,1.2460365315882873
S2019MN99-H-ALT,ALT-8,43.74855041503906,-92.8537368774414,2.5,3.02990007400512,2.6893542,0.96116126,2.1523726,0.5369816013519286,4.841726798648072
S2019MN99-H-ALT,ALT-8,43.74855041503906,-92.8537368774414,7.5,3.21029996871948,2.4971967,0.88678515,1.9858187,0.5113779562942504,4.4830154437057494
S2019MN99-H-ALT,ALT-8,43.74855041503906,-92.8537368774414,16.5,2.33559989929199,1.8731365,0.7567852,1.6947039,0.17843256342315672,3.5678404365768435
S2019MN99-H-ALT,ALT-8,43.74855041503906,-92.8537368774414,32.0,1.36170005798339,1.1047137,0.65820956,1.473959,0.0,2.578672669116211
S2019MN99-H-ALT,ALT-8,43.74855041503906,-92.8537368774414,63.0,0.28859999775886,0.6260853,0.44043276,0.98628134,0.0,1.6123666353538513
S2019MN99-H-ALT,ALT-8,43.74855041503906,-92.8537368774414,101.0,0.21639999747276,0.4351608,0.352269,0.78885216,0.0,1.2240129552085877
S2019MN99-I-ALT,ALT-9,43.749000549316406,-92.85340881347656,2.5,3.02990007400512,2.6401947,0.96116126,2.1523726,0.4878221013519286,4.792567298648072
S2019MN99-I-ALT,ALT-9,43.749000549316406,-92.85340881347656,7.5,3.19230008125305,2.4505975,0.8657786,1.9387779,0.5118195764160158,4.389375423583985
S2019MN99-I-ALT,ALT-9,43.749000549316406,-92.85340881347656,15.5,2.5248999595641997,1.9684944,0.76711744,1.7178414,0.25065301320495603,3.686335786795044
S2019MN99-I-ALT,ALT-9,43.749000549316406,-92.85340881347656,33.5,1.61419999599456,1.0680965,0.6541325,1.464829,0.0,2.532925468048096
S2019MN99-I-ALT,ALT-9,43.749000549316406,-92.85340881347656,59.0,1.58710002899169,0.6218311,0.43389583,0.9716429,0.0,1.5934740114341737
S2019MN99-I-ALT,ALT-9,43.749000549316406,-92.85340881347656,90.0,0.29760000109672,0.43152395,0.34526208,0.7731613,0.0,1.2046852420761107
S2019MN99-A-REF,REF-1,43.746917,-92.845067,2.5,5.77129983901977,2.9851887,0.9189096,2.0577567,0.9274320376312257,5.0429453623687746
S2019MN99-A-REF,REF-1,43.746917,-92.845067,7.5,5.31139993667602,2.800205,0.91478384,2.0485175,0.7516875344085694,4.848722465591431
S2019MN99-A-REF,REF-1,43.746917,-92.845067,17.0,4.34649991989135,2.0937521,0.74969345,1.6788231,0.41492898655853283,3.7725752134414674
S2019MN99-A-REF,REF-1,43.746917,-92.845067,33.0,4.21120023727417,1.2724097,0.67593193,1.5136455,0.0,2.786055229747009
S2019MN99-A-REF,REF-1,43.746917,-92.845067,56.0,3.48079991340637,0.7841652,0.54138047,1.2123382,0.0,1.9965034091522216
S2019MN99-A-REF,REF-1,43.746917,-92.845067,81.0,1.78550004959106,0.59691066,0.4407584,0.9870106,0.0,1.5839212581826783
S2019MN99-A-REF,REF-1,43.746917,-92.845067,126.5,0.5320000052452001,0.4698918,0.36261013,0.8120096,0.0,1.2819013729827882
S2019MN99-B-REF,REF-2,43.74689865112305,-92.84539794921876,2.5,5.75330018997192,2.9851887,0.9189096,2.0577567,0.9274320376312257,5.0429453623687746
S2019MN99-B-REF,REF-2,43.74689865112305,-92.84539794921876,7.5,4.99580001831054,2.800205,0.91478384,2.0485175,0.7516875344085694,4.848722465591431
S2019MN99-B-REF,REF-2,43.74689865112305,-92.84539794921876,18.0,4.79739999771118,2.0937521,0.7536463,1.6876749,0.4060772199722291,3.781426980027771
S2019MN99-B-REF,REF-2,43.74689865112305,-92.84539794921876,44.0,4.05789995193481,0.97238445,0.5951935,1.3328443,0.0,2.305228707354736
S2019MN99-B-REF,REF-2,43.74689865112305,-92.84539794921876,81.0,1.650200009346,0.59691066,0.4407584,0.9870106,0.0,1.5839212581826783
S2019MN99-C-REF,REF-3,43.746883392333984,-92.84465026855467,2.5,5.92460012435913,3.0113304,0.9104565,2.0388272,0.9725032191375731,5.050157580862427
S2019MN99-C-REF,REF-3,43.746883392333984,-92.84465026855467,7.5,4.41870021820068,2.825133,0.9063489,2.0296288,0.7955042463378907,4.8547617536621095
S2019MN99-C-REF,REF-3,43.746883392333984,-92.84465026855467,23.0,4.15710020065307,1.8406681,0.7371424,1.6507169,0.18995119917449954,3.4913850008255007
S2019MN99-C-REF,REF-3,43.746883392333984,-92.84465026855467,49.0,3.80550003051757,0.8918863,0.5811987,1.301505,0.0,2.1933912695968627
S2019MN99-C-REF,REF-3,43.746883392333984,-92.84465026855467,72.5,1.7583999633789,0.66923386,0.49386147,1.1059268,0.0,1.775160612090454
S2019MN99-C-REF,REF-3,43.746883392333984,-92.84465026855467,88.0,0.92879998683929,0.5284087,0.400014,0.8957698,0.0,1.4241784749137878
S2019MN99-C-REF,REF-3,43.746883392333984,-92.84465026855467,121.5,0.24349999427795,0.47953382,0.36767444,0.8233503,0.0,1.3028841303256224
S2019MN99-D-REF,REF-4,43.746883392333984,-92.8439483642578,2.5,6.38450002670288,3.0113304,0.9104565,2.0388272,0.9725032191375731,5.050157580862427
S2019MN99-D-REF,REF-4,43.746883392333984,-92.8439483642578,7.5,5.25729990005493,2.825133,0.9063489,2.0296288,0.7955042463378907,4.8547617536621095
S2019MN99-D-REF,REF-4,43.746883392333984,-92.8439483642578,19.5,4.6079998016357395,2.0021005,0.71074826,1.5916113,0.4104892338638306,3.5937117661361695
S2019MN99-D-REF,REF-4,43.746883392333984,-92.8439483642578,40.0,3.34559988975524,0.98372847,0.5847646,1.3094903,0.0,2.2932187930667114
S2019MN99-D-REF,REF-4,43.746883392333984,-92.8439483642578,60.5,2.3536000251769997,0.74645793,0.52645886,1.1789236,0.0,1.9253815368725586
S2019MN99-D-REF,REF-4,43.746883392333984,-92.8439483642578,100.0,0.42379999160766,0.50712615,0.400014,0.8957698,0.0,1.4028959249137878
S2019MN99-E-REF,REF-5,43.74689865112305,-92.844333,2.5,7.01569986343383,3.0113304,0.9104565,2.0388272,0.9725032191375731,5.050157580862427
S2019MN99-E-REF,REF-5,43.74689865112305,-92.844333,7.5,4.84250020980834,2.825133,0.9063489,2.0296288,0.7955042463378907,4.8547617536621095
S2019MN99-E-REF,REF-5,43.74689865112305,-92.844333,26.0,4.26539993286132,1.5980597,0.7229416,1.6189164,0.0,3.2169760923263553
S2019MN99-E-REF,REF-5,43.74689865112305,-92.844333,60.0,2.34459996223449,0.7549186,0.52645886,1.1789236,0.0,1.9338422068725585
S2019MN99-E-REF,REF-5,43.74689865112305,-92.844333,113.0,0.47789999842643,0.49137074,0.400014,0.8957698,0.0,1.3871405149137879
S2019MN99-F-REF,REF-6,43.746849060058594,-92.84359741210938,2.5,7.7732000350952095,3.0113304,0.9104565,2.0388272,0.9725032191375731,5.050157580862427
S2019MN99-F-REF,REF-6,43.746849060058594,-92.84359741210938,7.5,4.8875999450683505,2.825133,0.9063489,2.0296288,0.7955042463378907,4.8547617536621095
S2019MN99-F-REF,REF-6,43.746849060058594,-92.84359741210938,29.5,4.53590011596679,1.3408228,0.679247,1.5210692,0.0,2.8618919690444944
S2019MN99-F-REF,REF-6,43.746849060058594,-92.84359741210938,60.5,1.97490000724792,0.74645793,0.52645886,1.1789236,0.0,1.9253815368725586
S2019MN99-F-REF,REF-6,43.746849060058594,-92.84359741210938,78.0,1.10920000076293,0.6235278,0.44894728,1.0053483,0.0,1.6288761247756958
S2019MN99-F-REF,REF-6,43.746849060058594,-92.84359741210938,108.5,0.49599999189376,0.49137074,0.400014,0.8957698,0.0,1.3871405149137879
S2019MN99-G-REF,REF-7,43.746849060058594,-92.84300231933594,2.5,6.27629995346069,3.0131326,0.9189096,2.0577567,0.9553759376312256,5.070889262368775
S2019MN99-G-REF,REF-7,43.746849060058594,-92.84300231933594,7.5,4.82450008392334,2.8203154,0.91478384,2.0485175,0.7717979344085695,4.868832865591431
S2019MN99-G-REF,REF-7,43.746849060058594,-92.84300231933594,22.5,4.03090000152587,1.9385182,0.75312304,1.686503,0.25201514728851326,3.6250212527114867
S2019MN99-G-REF,REF-7,43.746849060058594,-92.84300231933594,47.5,3.49889993667602,0.97289515,0.59005696,1.3213418,0.0,2.2942369030059817
S2019MN99-G-REF,REF-7,43.746849060058594,-92.84300231933594,70.0,2.98480010032653,0.67982745,0.5055597,1.1321231,0.0,1.8119505626785277
S2019MN99-G-REF,REF-7,43.746849060058594,-92.84300231933594,106.0,0.29179999232292,0.47856092,0.36712396,0.82211757,0.0,1.300678487062378
S2019MN99-H-REF,REF-8,43.74689865112305,-92.84324645996094,2.5,6.66499996185302,2.9591115,0.9104565,2.0388272,0.9202843191375734,4.997938680862427
S2019MN99-H-REF,REF-8,43.74689865112305,-92.84324645996094,7.5,5.47970008850097,2.7697816,0.9063489,2.0296288,0.7401528463378906,4.799410353662109
S2019MN99-H-REF,REF-8,43.74689865112305,-92.84324645996094,21.5,4.44939994812011,1.8498462,0.7170152,1.6056452,0.24420102025146484,3.455491379748535
S2019MN99-H-REF,REF-8,43.74689865112305,-92.84324645996094,42.5,3.10910010337829,0.9560932,0.5920355,1.3257723,0.0,2.2818654854614255
S2019MN99-H-REF,REF-8,43.74689865112305,-92.84324645996094,62.0,2.17000007629394,0.7240673,0.51318663,1.1492025,0.0,1.8732697660110473
S2019MN99-H-REF,REF-8,43.74689865112305,-92.84324645996094,93.5,0.67470002174377,0.5003601,0.39945054,0.894508,0.0,1.3948681041885376
S2019MN99-I-REF,REF-9,43.746867,-92.8426513671875,2.5,6.83820009231567,3.0131326,0.9189096,2.0577567,0.9553759376312256,5.070889262368775
S2019MN99-I-REF,REF-9,43.746867,-92.8426513671875,7.5,5.28819990158081,2.8203154,0.91478384,2.0485175,0.7717979344085695,4.868832865591431
S2019MN99-I-REF,REF-9,43.746867,-92.8426513671875,17.5,3.9570000171661297,2.1914208,0.7784758,1.7432767,0.44814408472137446,3.9346975152786254
S2019MN99-I-REF,REF-9,43.746867,-92.8426513671875,38.5,3.60150003433227,1.1787286,0.65739334,1.4721311,0.0,2.6508597330795287
S2019MN99-I-REF,REF-9,43.746867,-92.8426513671875,61.5,1.70500004291534,0.76356125,0.5311226,1.1893673,0.0,1.9529285443115234
S2019MN99-I-REF,REF-9,43.746867,-92.8426513671875,98.5,0.36469998955726,0.49751475,0.39945054,0.894508,0.0,1.3920227541885377
S2019OR003001,JoF1-1,44.6361175,-123.2972812,2.5,4.2529997825622505,3.7135642,1.223694,2.7402742,0.97329000909729,6.45383839090271
S2019OR003001,JoF1-1,44.6361175,-123.2972812,7.5,3.41799998283386,3.1834464,1.1489859,2.5729768,0.6104695723785398,5.756423227621459
S2019OR003001,JoF1-1,44.6361175,-123.2972812,19.5,3.09200000762939,2.8296263,1.0037094,2.2476528,0.581973530911255,5.077279069088745
S2019OR003001,JoF1-1,44.6361175,-123.2972812,37.0,2.0239999294281,1.5910914,0.6832386,1.5300077,0.061083680006408736,3.121099119993591
S2019OR003001,JoF1-1,44.6361175,-123.2972812,72.5,0.6039999723434399,0.7083498,0.36551347,0.8185111,0.0,1.5268609284255983
S2019OR003001,JoF1-2,44.6362175,-123.2973802,2.5,3.1710000038146897,3.7135642,1.223694,2.7402742,0.97329000909729,6.45383839090271
S2019OR003001,JoF1-2,44.6362175,-123.2973802,7.5,3.45600008964538,3.1834464,1.1489859,2.5729768,0.6104695723785398,5.756423227621459
S2019OR003001,JoF1-2,44.6362175,-123.2973802,19.5,3.65199995040893,2.8296263,1.0037094,2.2476528,0.581973530911255,5.077279069088745
S2019OR003001,JoF1-2,44.6362175,-123.2973802,37.0,2.50799989700317,1.5910914,0.6832386,1.5300077,0.061083680006408736,3.121099119993591
S2019OR003001,JoF1-2,44.6362175,-123.2973802,72.5,0.7149999737739501,0.7083498,0.36551347,0.8185111,0.0,1.5268609284255983
S2019OR003001,JoF1-3,44.6358175,-123.2974823,2.5,4.83199977874755,4.207572,1.3692367,3.0661948,1.141377227279663,7.273766772720337
S2019OR003001,JoF1-3,44.6358175,-123.2974823,7.5,4.10300016403198,3.560877,1.2948672,2.8996556,0.6612214194793702,6.4605325805206295
S2019OR003001,JoF1-3,44.6358175,-123.2974823,19.5,4.42799997329711,3.0904233,1.1390109,2.5506396,0.5397836706359862,5.641062929364013
S2019OR003001,JoF1-3,44.6358175,-123.2974823,37.0,2.68499994277954,1.6651987,0.69569397,1.5578995,0.10729922490234367,3.223098175097656
S2019OR003001,JoF1-3,44.6358175,-123.2974823,72.5,1.0900000333786,0.745587,0.34851375,0.7804429,0.0,1.5260298935050964
S2019OR053002,JoF2-1,44.918413,-123.355451,2.5,4.55900001525878,4.7289953,1.2277972,2.7494626,1.9795326954772952,7.478457904522705
S2019OR053002,JoF2-1,44.918413,-123.355451,7.5,3.24000000953674,4.1355276,1.2424369,2.782246,1.3532814871765133,6.917773712823486
S2019OR053002,JoF2-1,44.918413,-123.355451,20.0,2.28200006484985,3.7390177,1.1493856,2.573872,1.165145610614014,6.312889789385986
S2019OR053002,JoF2-1,44.918413,-123.355451,41.0,1.48599994182586,1.6807138,0.7020157,1.572056,0.1086577449310302,3.2527698550689697
S2019OR053002,JoF2-1,44.918413,-123.355451,76.0,0.9879999756813,0.8764857,0.40157512,0.89926565,0.0,1.7757513469345092
S2019OR053002,JoF2-2,44.918544,-123.355551,2.5,4.77500009536743,4.7289953,1.2277972,2.7494626,1.9795326954772952,7.478457904522705
S2019OR053002,JoF2-2,44.918544,-123.355551,7.5,4.15899991989135,4.1355276,1.2424369,2.782246,1.3532814871765133,6.917773712823486
S2019OR053002,JoF2-2,44.918544,-123.355551,20.0,3.608000040054319,3.7390177,1.1493856,2.573872,1.165145610614014,6.312889789385986
S2019OR053002,JoF2-2,44.918544,-123.355551,41.0,1.78799998760223,1.6807138,0.7020157,1.572056,0.1086577449310302,3.2527698550689697
S2019OR053002,JoF2-2,44.918544,-123.355551,76.0,1.35800004005432,0.8764857,0.40157512,0.89926565,0.0,1.7757513469345092
S2019OR053002,JoF2-3,44.918514251708984,-123.355451,2.5,4.70300006866455,4.7289953,1.2277972,2.7494626,1.9795326954772952,7.478457904522705
S2019OR053002,JoF2-3,44.918514251708984,-123.355451,7.5,4.47800016403198,4.1355276,1.2424369,2.782246,1.3532814871765133,6.917773712823486
S2019OR053002,JoF2-3,44.918514251708984,-123.355451,20.0,3.21600008010864,3.7390177,1.1493856,2.573872,1.165145610614014,6.312889789385986
S2019OR053002,JoF2-3,44.918514251708984,-123.355451,41.0,1.85399997234344,1.6807138,0.7020157,1.572056,0.1086577449310302,3.2527698550689697
S2019OR053002,JoF2-3,44.918514251708984,-123.355451,76.0,1.35300004482269,0.8764857,0.40157512,0.89926565,0.0,1.7757513469345092
S2019OR053003,WoNT1-1,44.737333,-123.2709732055664,2.5,3.09400010108947,2.6306815,1.0448087,2.3396883,0.29099319891357434,4.9703698010864255
S2019OR053003,WoNT1-1,44.737333,-123.2709732055664,7.5,2.86100006103515,2.3616679,0.84084797,1.8829496,0.47871830931701664,4.244617490682984
S2019OR053003,WoNT1-1,44.737333,-123.2709732055664,21.5,1.5440000295639,2.0145926,0.66076267,1.4796762,0.5349163533569334,3.4942688466430663
S2019OR053003,WoNT1-1,44.737333,-123.2709732055664,51.5,0.84700000286102,0.87569314,0.35093832,0.78587234,0.08982079979766844,1.6615654802023316
S2019OR053003,WoNT1-1,44.737333,-123.2709732055664,80.0,0.46399998664855,0.5134695,0.24620834,0.55134565,0.0,1.0648151463813782
S2019OR053003,WoNT1-1,44.737333,-123.2709732055664,95.0,0.4399999976158099,0.4382972,0.2249338,0.5037046,0.0,0.9420018074867249
S2019OR053003,WoNT1-2,44.737333,-123.27107238769533,2.5,2.90499997138977,2.6306815,1.0448087,2.3396883,0.29099319891357434,4.9703698010864255
S2019OR053003,WoNT1-2,44.737333,-123.27107238769533,7.5,2.88899993896484,2.3616679,0.84084797,1.8829496,0.47871830931701664,4.244617490682984
S2019OR053003,WoNT1-2,44.737333,-123.27107238769533,21.5,1.29200005531311,2.0145926,0.66076267,1.4796762,0.5349163533569334,3.4942688466430663
S2019OR053003,WoNT1-2,44.737333,-123.27107238769533,51.5,0.58399999141693,0.87569314,0.35093832,0.78587234,0.08982079979766844,1.6615654802023316
S2019OR053003,WoNT1-2,44.737333,-123.27107238769533,80.0,0.44999998807907,0.5134695,0.24620834,0.55134565,0.0,1.0648151463813782
S2019OR053003,WoNT1-2,44.737333,-123.27107238769533,95.0,0.54000002145767,0.4382972,0.2249338,0.5037046,0.0,0.9420018074867249
S2019OR053003,WoNT1-3,44.73763275146485,-123.27076721191406,2.5,2.82500004768371,2.6306815,1.0448087,2.3396883,0.29099319891357434,4.9703698010864255
S2019OR053003,WoNT1-3,44.73763275146485,-123.27076721191406,7.5,2.33599996566772,2.3616679,0.84084797,1.8829496,0.47871830931701664,4.244617490682984
S2019OR053003,WoNT1-3,44.73763275146485,-123.27076721191406,21.5,1.4809999465942298,2.0145926,0.66076267,1.4796762,0.5349163533569334,3.4942688466430663
S2019OR053003,WoNT1-3,44.73763275146485,-123.27076721191406,51.5,0.58300000429153,0.87569314,0.35093832,0.78587234,0.08982079979766844,1.6615654802023316
S2019OR053003,WoNT1-3,44.73763275146485,-123.27076721191406,80.0,0.4350000023841799,0.5134695,0.24620834,0.55134565,0.0,1.0648151463813782
S2019OR053003,WoNT1-3,44.73763275146485,-123.27076721191406,95.0,0.4830000102519899,0.4382972,0.2249338,0.5037046,0.0,0.9420018074867249
S2019OR071004,JoV1-1,45.24882125854492,-123.07115936279295,2.5,3.3640000820159903,3.7406778,1.2107531,2.7112951,1.0293826721313475,6.451972927868653
S2019OR071004,JoV1-1,45.24882125854492,-123.07115936279295,7.5,2.52600002288818,3.0873477,1.1063653,2.4775348,0.6098129290344239,5.564882470965577
S2019OR071004,JoV1-1,45.24882125854492,-123.07115936279295,15.5,2.05999994277954,2.1185658,0.7011571,1.5701333,0.5484324715621947,3.688699128437805
S2019OR071004,JoV1-1,45.24882125854492,-123.07115936279295,31.5,1.47099995613098,1.2836398,0.5248736,1.1753737,0.10826612656097412,2.459013473439026
S2019OR071004,JoV1-1,45.24882125854492,-123.07115936279295,54.5,1.32299995422363,0.76892453,0.32488954,0.7275401,0.04138445422103887,1.4964646057789612
S2019OR071004,JoV1-1,45.24882125854492,-123.07115936279295,83.5,0.84500002861022,0.51375127,0.24305078,0.5442748,0.0,1.0580260769763183
S2019OR071004,JoV1-2,45.24882125854492,-123.07125854492188,2.5,3.95799994468688,3.7406778,1.2107531,2.7112951,1.0293826721313475,6.451972927868653
S2019OR071004,JoV1-2,45.24882125854492,-123.07125854492188,7.5,2.92700004577636,3.0873477,1.1063653,2.4775348,0.6098129290344239,5.564882470965577
S2019OR071004,JoV1-2,45.24882125854492,-123.07125854492188,15.5,2.09699988365173,2.1185658,0.7011571,1.5701333,0.5484324715621947,3.688699128437805
S2019OR071004,JoV1-2,45.24882125854492,-123.07125854492188,31.5,1.77600002288818,1.2836398,0.5248736,1.1753737,0.10826612656097412,2.459013473439026
S2019OR071004,JoV1-2,45.24882125854492,-123.07125854492188,54.5,1.0770000219345,0.76892453,0.32488954,0.7275401,0.04138445422103887,1.4964646057789612
S2019OR071004,JoV1-2,45.24882125854492,-123.07125854492188,83.5,0.91000002622604,0.51375127,0.24305078,0.5442748,0.0,1.0580260769763183
S2019OR071004,JoV1-3,45.24911880493164,-123.07096099853516,2.5,2.10700011253356,3.7406778,1.2107531,2.7112951,1.0293826721313475,6.451972927868653
S2019OR071004,JoV1-3,45.24911880493164,-123.07096099853516,7.5,2.62199997901916,3.0873477,1.1063653,2.4775348,0.6098129290344239,5.564882470965577
S2019OR071004,JoV1-3,45.24911880493164,-123.07096099853516,15.5,2.1340000629425,2.1185658,0.7011571,1.5701333,0.5484324715621947,3.688699128437805
S2019OR071004,JoV1-3,45.24911880493164,-123.07096099853516,31.5,1.73000001907348,1.2836398,0.5248736,1.1753737,0.10826612656097412,2.459013473439026
S2019OR071004,JoV1-3,45.24911880493164,-123.07096099853516,54.5,1.10300004482269,0.76892453,0.32488954,0.7275401,0.04138445422103887,1.4964646057789612
S2019OR071004,JoV1-3,45.24911880493164,-123.07096099853516,83.5,1.67900002002716,0.51375127,0.24305078,0.5442748,0.0,1.0580260769763183
S2019OR047005,WoH1-1,45.227901458740234,-122.96961212158205,2.5,5.15199995040893,3.056047,1.2210107,2.7342653,0.3217816725463867,5.790312327453613
S2019OR047005,WoH1-1,45.227901458740234,-122.96961212158205,7.5,2.25999999046325,2.4047546,0.98272234,2.2006555,0.20409913964233395,4.605410060357666
S2019OR047005,WoH1-1,45.227901458740234,-122.96961212158205,19.5,1.44599997997283,1.3495433,0.5436022,1.2173135,0.1322297719390868,2.5668568280609128
S2019OR047005,WoH1-1,45.227901458740234,-122.96961212158205,40.0,1.21399998664855,0.7657212,0.32623336,0.7305494,0.03517180491561889,1.496270595084381
S2019OR047005,WoH1-1,45.227901458740234,-122.96961212158205,63.5,0.6230000257492,0.5591649,0.24443641,0.5473777,0.01178719442596432,1.1065426055740355
S2019OR047005,WoH1-1,45.227901458740234,-122.96961212158205,88.0,0.18000000715255,0.4141715,0.213911,0.47902074,0.0,0.8931922445621491
S2019OR047005,WoH1-2,45.22779846191406,-122.96961212158205,2.5,4.60900020599365,2.132414,0.7292784,1.6331067,0.4993072914733885,3.765520708526611
S2019OR047005,WoH1-2,45.22779846191406,-122.96961212158205,7.5,2.34699988365173,1.8596084,0.61207,1.3706366,0.4889718176254272,3.2302449823745727
S2019OR047005,WoH1-2,45.22779846191406,-122.96961212158205,19.5,1.81500005722045,1.2957183,0.45061558,1.0090842,0.28663407529907237,2.3048025247009276
S2019OR047005,WoH1-2,45.22779846191406,-122.96961212158205,40.0,0.51200002431869,0.7167971,0.28701073,0.64271635,0.07408075182876583,1.359513448171234
S2019OR047005,WoH1-2,45.22779846191406,-122.96961212158205,63.5,0.28700000047683,0.49977052,0.22386502,0.50131124,0.0,1.0010817625804138
S2019OR047005,WoH1-2,45.22779846191406,-122.96961212158205,88.0,0.25099998712539,0.35501724,0.16012701,0.35857978,0.0,0.7135970246317291
S2019OR047005,WoH1-3,45.227901458740234,-122.96981048583984,2.5,3.80100011825561,2.132414,0.7292784,1.6331067,0.4993072914733885,3.765520708526611
S2019OR047005,WoH1-3,45.227901458740234,-122.96981048583984,7.5,2.11800003051757,1.8596084,0.61207,1.3706366,0.4889718176254272,3.2302449823745727
S2019OR047005,WoH1-3,45.227901458740234,-122.96981048583984,19.5,0.8420000076293901,1.2957183,0.45061558,1.0090842,0.28663407529907237,2.3048025247009276
S2019OR047005,WoH1-3,45.227901458740234,-122.96981048583984,40.0,0.35800001025199,0.7167971,0.28701073,0.64271635,0.07408075182876583,1.359513448171234
S2019OR047005,WoH1-3,45.227901458740234,-122.96981048583984,63.5,0.28900000452995,0.49977052,0.22386502,0.50131124,0.0,1.0010817625804138
S2019OR047005,WoH1-3,45.227901458740234,-122.96981048583984,88.0,0.15899999439716,0.35501724,0.16012701,0.35857978,0.0,0.7135970246317291
S2019OR047006,WoCT1-1,45.231101989746094,-122.964818,2.5,1.93400001525878,2.4642239,1.0195812,2.283195,0.18102888123168936,4.747418918768311
S2019OR047006,WoCT1-1,45.231101989746094,-122.964818,7.5,1.82799994945526,2.014837,0.8802343,1.9711492,0.043687793838500966,3.985986206161499
S2019OR047006,WoCT1-1,45.231101989746094,-122.964818,13.0,1.86300003528594,1.3635205,0.5666725,1.2689759,0.094544646080017,2.632496353919983
S2019OR047006,WoCT1-1,45.231101989746094,-122.964818,24.5,1.2020000219345,1.02278,0.41251642,0.923767,0.09901302936553957,1.9465469706344605
S2019OR047006,WoCT1-1,45.231101989746094,-122.964818,49.0,0.45699998736381,0.5724423,0.2896716,0.64867496,0.0,1.2211172649047852
S2019OR047006,WoCT1-1,45.231101989746094,-122.964818,77.5,0.30899998545646,0.3764178,0.19052379,0.42664868,0.0,0.8030664763954163
S2019OR047006,WoCT1-1,45.231101989746094,-122.964818,95.0,0.21699999272823,0.3215328,0.17562076,0.39327565,0.0,0.714808448355484
S2019OR047006,WoCT1-2,45.231202,-122.964718,2.5,2.01200008392333,1.6171309,0.5640676,1.2631426,0.3539883142456055,2.880273485754395
S2019OR047006,WoCT1-2,45.231202,-122.964718,7.5,1.7369999885559002,1.4744675,0.49202758,1.10182,0.37264750793457035,2.57628749206543
S2019OR047006,WoCT1-2,45.231202,-122.964718,13.0,1.52300000190734,1.1952134,0.41632953,0.9323059,0.26290752755966196,2.1275192724403382
S2019OR047006,WoCT1-2,45.231202,-122.964718,24.5,1.2829999923706,0.9459691,0.35730523,0.80013007,0.14583903074417115,1.746099169255829
S2019OR047006,WoCT1-2,45.231202,-122.964718,49.0,0.45199999213218,0.5235082,0.2530439,0.56665283,0.0,1.0901610344154358
S2019OR047006,WoCT1-2,45.231202,-122.964718,77.5,0.31099998950958,0.3261464,0.16905808,0.37857956,0.0,0.7047259569419861
S2019OR047006,WoCT1-2,45.231202,-122.964718,95.0,0.22699999809265,0.27401894,0.15418838,0.34528112,0.0,0.6193000641149902
S2019OR047006,WoCT1-3,45.231402,-122.964618,2.5,1.8380000591278,1.6171309,0.5640676,1.2631426,0.3539883142456055,2.880273485754395
S2019OR047006,WoCT1-3,45.231402,-122.964618,7.5,1.73099994659423,1.4744675,0.49202758,1.10182,0.37264750793457035,2.57628749206543
S2019OR047006,WoCT1-3,45.231402,-122.964618,13.0,1.44799995422363,1.1952134,0.41632953,0.9323059,0.26290752755966196,2.1275192724403382
S2019OR047006,WoCT1-3,45.231402,-122.964618,24.5,1.125,0.9459691,0.35730523,0.80013007,0.14583903074417115,1.746099169255829
S2019OR047006,WoCT1-3,45.231402,-122.964618,49.0,0.4259999990463199,0.5235082,0.2530439,0.56665283,0.0,1.0901610344154358
S2019OR047006,WoCT1-3,45.231402,-122.964618,77.5,0.21799999475479,0.3261464,0.16905808,0.37857956,0.0,0.7047259569419861
S2019OR047006,WoCT1-3,45.231402,-122.964618,95.0,0.29600000381469,0.27401894,0.15418838,0.34528112,0.0,0.6193000641149902
S2019OR053007,WoNT2-1,45.07067108154297,-123.2136688232422,2.5,2.8190000057220397,3.366529,1.5149144,3.3924174,0.0,6.758946430877685
S2019OR053007,WoNT2-1,45.07067108154297,-123.2136688232422,7.5,2.0840001106262203,2.716391,1.2836534,2.8745441,0.0,5.590935143676758
S2019OR053007,WoNT2-1,45.07067108154297,-123.2136688232422,21.5,1.72599995136261,1.646142,0.7702182,1.7247851,0.0,3.370927089492798
S2019OR053007,WoNT2-1,45.07067108154297,-123.2136688232422,47.0,1.00899994373321,0.76600784,0.4549072,1.0186946,0.0,1.7847024792059325
S2019OR053007,WoNT2-1,45.07067108154297,-123.2136688232422,70.0,0.59399998188018,0.50734013,0.37888587,0.84845656,0.0,1.3557966915653992
S2019OR053007,WoNT2-1,45.07067108154297,-123.2136688232422,89.5,0.33500000834465,0.3676058,0.3021129,0.67653537,0.0,1.0441411679656982
S2019OR053007,WoNT2-2,45.07057189941406,-123.2137680053711,2.5,2.27200007438659,3.25832,1.5031663,3.3661096,0.0,6.624429609603881
S2019OR053007,WoNT2-2,45.07057189941406,-123.2137680053711,7.5,2.17000007629394,2.6193018,1.2873192,2.8827531,0.0,5.502054933773804
S2019OR053007,WoNT2-2,45.07057189941406,-123.2137680053711,21.5,1.79999995231628,1.5329144,0.75388926,1.688219,0.0,3.221133351225281
S2019OR053007,WoNT2-2,45.07057189941406,-123.2137680053711,47.0,0.87599998712539,0.67212945,0.4219542,0.94490147,0.0,1.6170309163696288
S2019OR053007,WoNT2-2,45.07057189941406,-123.2137680053711,70.0,0.4600000083446499,0.46511516,0.3551085,0.7952108,0.0,1.2603259387132264
S2019OR053007,WoNT2-2,45.07057189941406,-123.2137680053711,89.5,0.24899999797344,0.35935715,0.29982743,0.67141736,0.0,1.0307745055374147
S2019OR053007,WoNT2-3,45.07096862792969,-123.2138671875,2.5,2.4019999504089298,3.5204706,1.6699084,3.7395027,0.0,7.259973268380737
S2019OR053007,WoNT2-3,45.07096862792969,-123.2138671875,7.5,1.46700000762939,3.022928,1.3155828,2.946045,0.07688307812499984,5.968972921875
S2019OR053007,WoNT2-3,45.07096862792969,-123.2138671875,21.5,1.78199994564056,1.8542825,0.8225507,1.8419757,0.012306811065673884,3.6962581889343262
S2019OR053007,WoNT2-3,45.07096862792969,-123.2138671875,47.0,0.93199998140335,0.85552174,0.5105673,1.1433369,0.0,1.9988586321279906
S2019OR053007,WoNT2-3,45.07096862792969,-123.2138671875,70.0,0.54600000381469,0.57455,0.4214408,0.9437518,0.0,1.518301811981201
S2019OR053007,WoNT2-3,45.07096862792969,-123.2138671875,89.5,0.2820000052451999,0.4073168,0.3525745,0.7895363,0.0,1.1968530973213196
S2019OR053008,WoH2-1,45.074334,-123.213416,2.5,5.28900003433227,2.3240678,0.8011131,1.7939695,0.5300982880142211,4.118037311985779
S2019OR053008,WoH2-1,45.074334,-123.213416,7.5,1.88100004196167,2.2425132,0.77565354,1.7369567,0.5055564844161986,3.979469915583801
S2019OR053008,WoH2-1,45.074334,-123.213416,28.0,1.37100005149841,1.3092256,0.50078833,1.1214384,0.18778721594390868,2.4306639840560913
S2019OR053008,WoH2-1,45.074334,-123.213416,62.0,0.52399998903274,0.57944524,0.2519388,0.5641781,0.015267130830993625,1.1436233491690064
S2019OR053008,WoH2-1,45.074334,-123.213416,89.0,0.32400000095367,0.38204786,0.17182443,0.38477436,0.0,0.7668222170804596
S2019OR053008,WoH2-2,45.074334,-123.213516,2.5,2.7349998950958203,2.3240678,0.8011131,1.7939695,0.5300982880142211,4.118037311985779
S2019OR053008,WoH2-2,45.074334,-123.213516,7.5,1.47200000286102,2.2425132,0.77565354,1.7369567,0.5055564844161986,3.979469915583801
S2019OR053008,WoH2-2,45.074334,-123.213516,28.0,1.28100001811981,1.3092256,0.50078833,1.1214384,0.18778721594390868,2.4306639840560913
S2019OR053008,WoH2-2,45.074334,-123.213516,62.0,0.64800000190734,0.57944524,0.2519388,0.5641781,0.015267130830993625,1.1436233491690064
S2019OR053008,WoH2-2,45.074334,-123.213516,89.0,0.31799998879432,0.38204786,0.17182443,0.38477436,0.0,0.7668222170804596
S2019OR053008,WoH2-3,45.074334,-123.213616,2.5,2.24600005149841,2.3240678,0.8011131,1.7939695,0.5300982880142211,4.118037311985779
S2019OR053008,WoH2-3,45.074334,-123.213616,7.5,1.5629999637603702,2.2425132,0.77565354,1.7369567,0.5055564844161986,3.979469915583801
S2019OR053008,WoH2-3,45.074334,-123.213616,28.0,1.13399994373321,1.3092256,0.50078833,1.1214384,0.18778721594390868,2.4306639840560913
S2019OR053008,WoH2-3,45.074334,-123.213616,62.0,0.4650000035762699,0.57944524,0.2519388,0.5641781,0.015267130830993625,1.1436233491690064
S2019OR053008,WoH2-3,45.074334,-123.213616,89.0,0.30899998545646,0.38204786,0.17182443,0.38477436,0.0,0.7668222170804596
S2019OR003009,JoXT1-1,44.43190002441406,-123.3352279663086,2.5,3.00600004196167,2.77399,1.2199216,2.7318265,0.04216345619201656,5.505816543807983
S2019OR003009,JoXT1-1,44.43190002441406,-123.3352279663086,7.5,3.08500003814697,2.3028846,0.8706438,1.9496727,0.3532119010253907,4.25255729897461
S2019OR003009,JoXT1-1,44.43190002441406,-123.3352279663086,17.5,2.71900010108947,1.8697467,0.62762654,1.405473,0.4642737061492921,3.2752196938507083
S2019OR003009,JoXT1-1,44.43190002441406,-123.3352279663086,31.5,2.03699994087219,1.4140556,0.57358617,1.2844579,0.12959767801818844,2.6985135219818117
S2019OR003009,JoXT1-1,44.43190002441406,-123.3352279663086,53.5,0.91100001335144,0.7116454,0.33742023,0.75560063,0.0,1.4672460312370301
S2019OR003009,JoXT1-1,44.43190002441406,-123.3352279663086,84.5,0.5500000119209201,0.36182353,0.19677162,0.44063976,0.0,0.8024632940705109
S2019OR003009,JoXT1-2,44.43180084228515,-123.3353271484375,2.5,3.44799995422363,2.77399,1.2199216,2.7318265,0.04216345619201656,5.505816543807983
S2019OR003009,JoXT1-2,44.43180084228515,-123.3353271484375,7.5,3.56999993324279,2.3028846,0.8706438,1.9496727,0.3532119010253907,4.25255729897461
S2019OR003009,JoXT1-2,44.43180084228515,-123.3353271484375,17.5,3.16100001335144,1.8697467,0.62762654,1.405473,0.4642737061492921,3.2752196938507083
S2019OR003009,JoXT1-2,44.43180084228515,-123.3353271484375,31.5,2.45199990272521,1.4140556,0.57358617,1.2844579,0.12959767801818844,2.6985135219818117
S2019OR003009,JoXT1-2,44.43180084228515,-123.3353271484375,53.5,1.49199998378753,0.7116454,0.33742023,0.75560063,0.0,1.4672460312370301
S2019OR003009,JoXT1-2,44.43180084228515,-123.3353271484375,84.5,0.72299998998641,0.36182353,0.19677162,0.44063976,0.0,0.8024632940705109
S2019OR003009,JoXT1-3,44.43159866333008,-123.33502960205078,2.5,3.5829999446868896,2.6585946,1.1963005,2.6789308,0.0,5.3375253594299314
S2019OR003009,JoXT1-3,44.43159866333008,-123.33502960205078,7.5,3.5850000381469704,2.227343,0.8523708,1.9087532,0.31858984333801255,4.136096156661987
S2019OR003009,JoXT1-3,44.43159866333008,-123.33502960205078,17.5,3.64800000190734,1.8755485,0.65987945,1.4776984,0.39785005467987067,3.3532469453201292
S2019OR003009,JoXT1-3,44.43159866333008,-123.33502960205078,31.5,2.51399993896484,1.3987205,0.5731945,1.2835808,0.11513971997070316,2.682301280029297
S2019OR003009,JoXT1-3,44.43159866333008,-123.33502960205078,53.5,1.19000005722045,0.73288614,0.337094,0.7548701,0.0,1.4877562567106628
S2019OR003009,JoXT1-3,44.43159866333008,-123.33502960205078,84.5,0.57999998331069,0.36262593,0.19534619,0.43744773,0.0,0.800073656726532
S2019OR053010,JoF3-1,44.74261093139648,-123.41895294189452,2.5,5.00400018692016,3.8219087,1.3654491,3.057713,0.764195668231201,6.879621731768799
S2019OR053010,JoF3-1,44.74261093139648,-123.41895294189452,7.5,3.96499991416931,3.3072324,1.2824312,2.8718073,0.4354250631927492,6.179039736807251
S2019OR053010,JoF3-1,44.74261093139648,-123.41895294189452,26.5,2.7130000591278,2.2023404,0.83902824,1.8788745,0.3234658596710207,4.08121494032898
S2019OR053010,JoF3-1,44.74261093139648,-123.41895294189452,54.0,1.28400003910064,0.9180225,0.40450606,0.905829,0.012193487606048548,1.8238515123939514
S2019OR053010,JoF3-1,44.74261093139648,-123.41895294189452,82.5,0.46099999547004,0.5186474,0.2879093,0.64472854,0.0,1.1633759413742064
S2019OR053010,JoF3-2,44.74261093139648,-123.41905212402344,2.5,5.60699987411499,3.8219087,1.3654491,3.057713,0.764195668231201,6.879621731768799
S2019OR053010,JoF3-2,44.74261093139648,-123.41905212402344,7.5,5.1890001296997,3.3072324,1.2824312,2.8718073,0.4354250631927492,6.179039736807251
S2019OR053010,JoF3-2,44.74261093139648,-123.41905212402344,26.5,4.6929998397827095,2.2023404,0.83902824,1.8788745,0.3234658596710207,4.08121494032898
S2019OR053010,JoF3-2,44.74261093139648,-123.41905212402344,54.0,1.67900002002716,0.9180225,0.40450606,0.905829,0.012193487606048548,1.8238515123939514
S2019OR053010,JoF3-2,44.74261093139648,-123.41905212402344,82.5,0.6039999723434399,0.5186474,0.2879093,0.64472854,0.0,1.1633759413742064
S2019OR053010,JoF3-3,44.74261093139648,-123.4187469482422,2.5,5.94299983978271,3.974919,1.3972276,3.1288762,0.8460427907409667,7.103795209259033
S2019OR053010,JoF3-3,44.74261093139648,-123.4187469482422,7.5,5.63999986648559,3.4053435,1.3079458,2.9289434,0.47640010438537583,6.334286895614624
S2019OR053010,JoF3-3,44.74261093139648,-123.4187469482422,26.5,3.57800006866455,2.238398,0.86531526,1.9377403,0.30065767407226573,4.1761383259277345
S2019OR053010,JoF3-3,44.74261093139648,-123.4187469482422,54.0,1.6529999971389702,0.9445017,0.4184647,0.93708724,0.00741446216506958,1.8815889378349304
S2019OR053010,JoF3-3,44.74261093139648,-123.4187469482422,82.5,0.5189999938011101,0.53961295,0.2881001,0.6451558,0.0,1.1847687374679565
S2019OR071011,JoV2-1,45.251054,-123.049801,2.5,3.57500004768371,3.2253845,1.2796162,2.8655035,0.35988095042419443,6.090888049575806
S2019OR071011,JoV2-1,45.251054,-123.049801,7.5,2.39400005340576,2.6260405,1.1371437,2.5464582,0.07958225567626975,5.172498744323731
S2019OR071011,JoV2-1,45.251054,-123.049801,17.5,1.5,1.6945536,0.6248214,1.3991914,0.29536222045288096,3.093744979547119
S2019OR071011,JoV2-1,45.251054,-123.049801,37.0,0.6700000166893,0.89387053,0.3526237,0.7896465,0.10422402369049077,1.6835170363095093
S2019OR071011,JoV2-1,45.251054,-123.049801,66.5,0.41999998688697,0.50215155,0.23367415,0.5232773,0.0,1.0254288327148438
S2019OR071011,JoV2-1,45.251054,-123.049801,92.0,0.4869999885559,0.3435246,0.17027456,0.38130364,0.0,0.7248282382198334
S2019OR071011,JoV2-2,45.250953674316406,-123.049901,2.5,2.2039999961853,3.3167446,1.3191916,2.9541264,0.36261824196777326,6.270870958032226
S2019OR071011,JoV2-2,45.250953674316406,-123.049901,7.5,2.20900011062622,2.6884327,1.1343361,2.5401711,0.14826155360717763,5.228603846392822
S2019OR071011,JoV2-2,45.250953674316406,-123.049901,17.5,1.29900002479553,1.7461051,0.5929789,1.3278849,0.41822018750915535,3.073990012490845
S2019OR071011,JoV2-2,45.250953674316406,-123.049901,37.0,0.76099997758865,0.9031989,0.3549473,0.7948498,0.10834908701553347,1.6980487129844666
S2019OR071011,JoV2-2,45.250953674316406,-123.049901,66.5,0.63999998569488,0.50766957,0.23712935,0.5310147,0.0,1.0386842508624268
S2019OR071011,JoV2-2,45.250953674316406,-123.049901,92.0,0.6549999713897701,0.34474686,0.17486484,0.3915829,0.0,0.7363297662461853
S2019OR071011,JoV2-3,45.2513542175293,-123.049601,2.5,2.32699990272521,3.4450812,1.3594768,3.044339,0.4007422584259035,6.489420141574097
S2019OR071011,JoV2-3,45.2513542175293,-123.049601,7.5,1.9190000295639005,2.7920172,1.2213892,2.735113,0.05690429449768075,5.527130105502319
S2019OR071011,JoV2-3,45.2513542175293,-123.049601,17.5,1.23199999332427,1.8169018,0.692979,1.5518197,0.26508211787872304,3.368721482121277
S2019OR053012,JoXT2-1,45.04996871948242,-123.13707733154295,2.5,2.5629999637603698,2.6422102,1.1102722,2.4862835,0.15592665927429206,5.128493740725708
S2019OR053012,JoXT2-1,45.04996871948242,-123.13707733154295,7.5,2.44700002670288,2.2026534,0.84371907,1.8893789,0.3132744947036743,4.092032305296326
S2019OR053012,JoXT2-1,45.04996871948242,-123.13707733154295,17.0,2.46600008010864,1.4470742,0.52956825,1.1858866,0.26118757852478036,2.63296082147522
S2019OR053012,JoXT2-1,45.04996871948242,-123.13707733154295,40.5,2.04500007629394,0.8701936,0.38943383,0.8720771,0.0,1.7422707074295043
S2019OR053012,JoXT2-1,45.04996871948242,-123.13707733154295,66.0,1.22000002861022,0.4887051,0.23477687,0.52574664,0.0,1.0144517435432434
S2019OR053012,JoXT2-1,45.04996871948242,-123.13707733154295,87.5,0.63999998569488,0.3018012,0.18222028,0.40805426,0.0,0.7098554623996735
S2019OR053012,JoXT2-2,45.04986953735352,-123.13717651367188,2.5,2.37299990653991,2.792108,1.1271781,2.5241418,0.2679662115173338,5.316249788482666
S2019OR053012,JoXT2-2,45.04986953735352,-123.13717651367188,7.5,2.22300004959106,2.334461,0.8933762,2.0005784,0.33388259652709973,4.3350394034729005
S2019OR053012,JoXT2-2,45.04986953735352,-123.13717651367188,17.0,2.24399995803833,1.5233209,0.5718839,1.280646,0.2426749334701539,2.803966866529846
S2019OR053012,JoXT2-2,45.04986953735352,-123.13717651367188,40.5,1.8049999475479104,0.9281425,0.4092454,0.91644204,0.011700463371276837,1.844584536628723
S2019OR053012,JoXT2-2,45.04986953735352,-123.13717651367188,66.0,1.54799997806549,0.5348335,0.24817677,0.55575365,0.0,1.0905871482810974
S2019OR053012,JoXT2-2,45.04986953735352,-123.13717651367188,87.5,0.6819999814033499,0.34213826,0.1949961,0.43666375,0.0,0.7788020068338013
S2019OR053012,JoXT2-3,45.04996871948242,-123.13687896728516,2.5,2.52500009536743,2.4369743,0.9358143,2.095612,0.34136225089721695,4.532586349102783
S2019OR053012,JoXT2-3,45.04996871948242,-123.13687896728516,7.5,2.4279999732971103,2.0537784,0.8019347,1.7958093,0.2579691310485841,3.849587668951416
S2019OR053012,JoXT2-3,45.04996871948242,-123.13687896728516,17.0,2.11700010299682,1.3623426,0.5222942,1.1695975,0.19274509347686775,2.531940106523132
S2019OR053012,JoXT2-3,45.04996871948242,-123.13687896728516,40.5,1.46800005435943,0.83702517,0.38812438,0.8691448,0.0,1.7061699673251343
S2019OR053012,JoXT2-3,45.04996871948242,-123.13687896728516,66.0,0.8920000195503199,0.46361834,0.22414093,0.5019291,0.0,0.9655474443281555
S2019OR053012,JoXT2-3,45.04996871948242,-123.13687896728516,87.5,0.5889999866485499,0.28183222,0.1679552,0.3761098,0.0,0.6579420286833955
S2019OR047013,JoXT3-1,44.910377,-122.90908813476562,2.5,2.6630001068115203,3.306456,1.2049903,2.6983902,0.6080657545623778,6.004846245437622
S2019OR047013,JoXT3-1,44.910377,-122.90908813476562,7.5,2.57299995422363,2.6998508,1.0780685,2.4141684,0.285682442150879,5.114019157849121
S2019OR047013,JoXT3-1,44.910377,-122.90908813476562,19.0,2.19499993324279,1.5206729,0.6009696,1.345779,0.1748939578918458,2.8664518421081544
S2019OR047013,JoXT3-1,44.910377,-122.90908813476562,44.0,1.19700002670288,0.8807831,0.38331842,0.8583826,0.022400517335510295,1.7391656826644897
S2019OR047013,JoXT3-1,44.910377,-122.90908813476562,80.0,0.69300001859664,0.47864664,0.22504343,0.5039501,0.0,0.9825967590185547
S2019OR047013,JoXT3-2,44.910277,-122.90898895263672,2.5,2.70199990272521,3.3347316,1.201431,2.69042,0.6443116876617432,6.025151512338256
S2019OR047013,JoXT3-2,44.910277,-122.90898895263672,7.5,2.75500011444091,2.7241433,1.0780685,2.4141684,0.30997494215087906,5.138311657849121
S2019OR047013,JoXT3-2,44.910277,-122.90898895263672,19.0,2.2149999141693097,1.537223,0.6009696,1.345779,0.1914440578918457,2.8830019421081543
S2019OR047013,JoXT3-2,44.910277,-122.90898895263672,44.0,1.43900001049041,0.89313173,0.38331842,0.8583826,0.034749147335510266,1.7515143126644896
S2019OR047013,JoXT3-2,44.910277,-122.90898895263672,80.0,0.28600001335144,0.48835498,0.23224062,0.5200671,0.0,1.0084220757565308
S2019OR047013,JoXT3-3,44.910077,-122.9088897705078,2.5,2.67600011825561,3.3347316,1.201431,2.69042,0.6443116876617432,6.025151512338256
S2019OR047013,JoXT3-3,44.910077,-122.9088897705078,7.5,2.75300002098083,2.7241433,1.0780685,2.4141684,0.30997494215087906,5.138311657849121
S2019OR047013,JoXT3-3,44.910077,-122.9088897705078,19.0,2.40100002288818,1.537223,0.6009696,1.345779,0.1914440578918457,2.8830019421081543
S2019OR047013,JoXT3-3,44.910077,-122.9088897705078,44.0,1.52400004863739,0.89313173,0.38331842,0.8583826,0.034749147335510266,1.7515143126644896
S2019OR047013,JoXT3-3,44.910077,-122.9088897705078,80.0,0.64099997282028,0.48835498,0.23224062,0.5200671,0.0,1.0084220757565308
S2019OR053014,JoV3-1,45.037101,-123.130763,2.5,4.3140001296997,3.3702407,1.2438984,2.785519,0.5847218153411866,6.155759584658814
S2019OR053014,JoV3-1,45.037101,-123.130763,7.5,2.93499994277954,2.8083272,1.1210622,2.510446,0.29788112837524405,5.318773271624756
S2019OR053014,JoV3-1,45.037101,-123.130763,33.0,1.8339999914169296,1.681299,0.6684464,1.4968828,0.18441620371246348,3.1781817962875367
S2019OR053014,JoV3-1,45.037101,-123.130763,65.0,1.30799996852874,0.63100463,0.29098976,0.65162677,0.0,1.282631395727997
S2019OR053014,JoV3-1,45.037101,-123.130763,87.0,0.9079999923706,0.40369213,0.22879651,0.51235455,0.0,0.9160466827458191
S2019OR053014,JoV3-2,45.037201,-123.130863,2.5,3.85400009155273,3.3702407,1.2438984,2.785519,0.5847218153411866,6.155759584658814
S2019OR053014,JoV3-2,45.037201,-123.130863,7.5,2.6010000705718896,2.8083272,1.1210622,2.510446,0.29788112837524405,5.318773271624756
S2019OR053014,JoV3-2,45.037201,-123.130863,33.0,1.89100003242492,1.681299,0.6684464,1.4968828,0.18441620371246348,3.1781817962875367
S2019OR053014,JoV3-2,45.037201,-123.130863,65.0,1.1139999628067,0.63100463,0.29098976,0.65162677,0.0,1.282631395727997
S2019OR053014,JoV3-2,45.037201,-123.130863,87.0,1.02999997138977,0.40369213,0.22879651,0.51235455,0.0,0.9160466827458191
S2019OR053014,JoV3-3,45.037101,-123.130563,2.5,4.3140001296997,3.3702407,1.2438984,2.785519,0.5847218153411866,6.155759584658814
S2019OR053014,JoV3-3,45.037101,-123.130563,7.5,2.84400010108947,2.8083272,1.1210622,2.510446,0.29788112837524405,5.318773271624756
S2019OR053014,JoV3-3,45.037101,-123.130563,33.0,1.95099997520446,1.681299,0.6684464,1.4968828,0.18441620371246348,3.1781817962875367
S2019OR053014,JoV3-3,45.037101,-123.130563,65.0,1.21000003814697,0.63100463,0.29098976,0.65162677,0.0,1.282631395727997
S2019OR053014,JoV3-3,45.037101,-123.130563,87.0,0.90200001001358,0.40369213,0.22879651,0.51235455,0.0,0.9160466827458191
S2019OR047015,WoH3-1,44.948448181152344,-122.86279296875,2.5,1.8890000581741304,3.4027588,1.3069534,2.9267209,0.4760379423797607,6.329479657620239
S2019OR047015,WoH3-1,44.948448181152344,-122.86279296875,7.5,1.38100004196166,2.8596013,1.1669389,2.61318,0.24642137789611818,5.472781222103881
S2019OR047015,WoH3-1,44.948448181152344,-122.86279296875,27.5,0.69400000572204,1.4793304,0.61240333,1.371383,0.10794744826354985,2.8507133517364505
S2019OR047015,WoH3-1,44.948448181152344,-122.86279296875,70.0,0.2820000052451999,0.7312371,0.354193,0.7931607,0.0,1.5243977769561767
S2019OR047015,WoH3-1,44.948448181152344,-122.86279296875,97.5,0.19699999690055,0.5847889,0.32029638,0.7172544,0.0,1.3020433002532958
S2019OR047015,WoH3-2,44.94855117797851,-122.8628921508789,2.5,3.52800011634826,2.9723845,1.0723662,2.4013991,0.5709853644104004,5.3737836355896
S2019OR047015,WoH3-2,44.94855117797851,-122.8628921508789,7.5,2.31500005722045,2.6641757,1.0485969,2.3481712,0.31600446586914055,5.012346934130859
S2019OR047015,WoH3-2,44.94855117797851,-122.8628921508789,27.5,0.66399997472763,1.6398306,0.6932479,1.5524219,0.08740867254791262,3.192252527452087
S2019OR047015,WoH3-2,44.94855117797851,-122.8628921508789,70.0,0.23399999737739,0.6984641,0.3554373,0.79594713,0.0,1.4944112344947815
S2019OR047015,WoH3-2,44.94855117797851,-122.8628921508789,97.5,0.23299999535083,0.53099924,0.29450452,0.65949756,0.0,1.190496799070587
S2019OR047015,WoH3-3,44.948150634765625,-122.86258697509766,2.5,4.8179998397827095,2.6151776,1.024948,2.2952132,0.3199643774963379,4.910390822503662
S2019OR047015,WoH3-3,44.948150634765625,-122.86258697509766,7.5,2.47699999809265,2.3810272,0.86033386,1.9265852,0.45444200255126965,4.307612397448731
S2019OR047015,WoH3-3,44.948150634765625,-122.86258697509766,27.5,1.14900004863739,1.4467756,0.5686922,1.2734987,0.1732769456344605,2.7202742543655396
S2019OR047015,WoH3-3,44.948150634765625,-122.86258697509766,70.0,0.38499999046325,0.67806876,0.30166802,0.6755391,0.0025296836717224602,1.3536078363282775
S2019OR047015,WoH3-3,44.948150634765625,-122.86258697509766,97.5,0.17000000178813,0.53873163,0.26523545,0.59395397,0.0,1.1326855970944214
S2019OR047016,WoCT2-1,45.014134,-122.842842,2.5,1.90100002288818,2.226381,0.7134602,1.5976843,0.6286967358169555,3.8240652641830444
S2019OR047016,WoCT2-1,45.014134,-122.842842,7.5,1.90900003910064,2.0267935,0.68219167,1.5276632,0.49913026910400404,3.5544567308959962
S2019OR047016,WoCT2-1,45.014134,-122.842842,17.5,1.94099998474121,1.5875726,0.50527054,1.1314756,0.4560970321823119,2.7190481678176877
S2019OR047016,WoCT2-1,45.014134,-122.842842,41.5,0.98199999332427,0.9654082,0.35178837,0.7877759,0.17763232586212163,1.7531840741378786
S2019OR047016,WoCT2-1,45.014134,-122.842842,79.0,0.39800000190734,0.5642395,0.23407283,0.5241701,0.04006939931106568,1.0884096006889343
S2019OR047016,WoCT2-2,45.014034271240234,-122.842742,2.5,2.2579998970031703,2.226381,0.7134602,1.5976843,0.6286967358169555,3.8240652641830444
S2019OR047016,WoCT2-2,45.014034271240234,-122.842742,7.5,2.06699991226196,2.0267935,0.68219167,1.5276632,0.49913026910400404,3.5544567308959962
S2019OR047016,WoCT2-2,45.014034271240234,-122.842742,17.5,2.11800003051757,1.5875726,0.50527054,1.1314756,0.4560970321823119,2.7190481678176877
S2019OR047016,WoCT2-2,45.014034271240234,-122.842742,41.5,1.5219999551773,0.9654082,0.35178837,0.7877759,0.17763232586212163,1.7531840741378786
S2019OR047016,WoCT2-2,45.014034271240234,-122.842742,79.0,0.5479999780654901,0.5642395,0.23407283,0.5241701,0.04006939931106568,1.0884096006889343
S2019OR047016,WoCT2-3,45.013834,-122.843042,2.5,2.38800001144409,2.9979181,1.0710851,2.3985302,0.5993878551727296,5.39644834482727
S2019OR047016,WoCT2-3,45.013834,-122.843042,7.5,2.32200002670288,2.5000877,0.9105486,2.0390334,0.4610542870666503,4.5391211129333495
S2019OR047016,WoCT2-3,45.013834,-122.843042,17.5,2.29699993133544,1.5831702,0.5537952,1.2401391,0.34303107322235116,2.823309326777649
S2019OR047016,WoCT2-3,45.013834,-122.843042,41.5,1.31099998950958,0.945788,0.3626942,0.8121978,0.1335901955490112,1.7579858044509886
S2019OR047016,WoCT2-3,45.013834,-122.843042,79.0,0.41899999976158,0.5713084,0.26415458,0.59153354,0.0,1.1628419416793823
S2019OR071017,WoCT3-1,45.125099182128906,-123.0616683959961,2.5,1.62800002098083,2.1782787,0.73556274,1.6471795,0.5310992156326293,3.8254581843673705
S2019OR071017,WoCT3-1,45.125099182128906,-123.0616683959961,7.5,1.59300005435943,1.9894761,0.66268075,1.4839715,0.5055046234451295,3.4734475765548707
S2019OR071017,WoCT3-1,45.125099182128906,-123.0616683959961,16.0,1.5549999475479102,1.6712264,0.5444012,1.2191027,0.45212365971221913,2.890329140287781
S2019OR071017,WoCT3-1,45.125099182128906,-123.0616683959961,39.5,0.43200001120567,0.7185994,0.29106244,0.65178955,0.06680985398712158,1.3703889460128784
S2019OR071017,WoCT3-1,45.125099182128906,-123.0616683959961,78.5,0.2220000028610199,0.34656262,0.16161396,0.36190957,0.0,0.708472188309784
S2019OR071017,WoCT3-2,45.125099182128906,-123.06201171875,2.5,1.7979999780654898,2.1782787,0.73556274,1.6471795,0.5310992156326293,3.8254581843673705
S2019OR071017,WoCT3-2,45.125099182128906,-123.06201171875,7.5,1.53999996185302,1.9894761,0.66268075,1.4839715,0.5055046234451295,3.4734475765548707
S2019OR071017,WoCT3-2,45.125099182128906,-123.06201171875,16.0,1.45099997520446,1.6712264,0.5444012,1.2191027,0.45212365971221913,2.890329140287781
S2019OR071017,WoCT3-2,45.125099182128906,-123.06201171875,39.5,0.50499999523162,0.7185994,0.29106244,0.65178955,0.06680985398712158,1.3703889460128784
S2019OR071017,WoCT3-2,45.125099182128906,-123.06201171875,78.5,0.22599999606609,0.34656262,0.16161396,0.36190957,0.0,0.708472188309784
S2019OR071017,WoCT3-3,45.12480163574219,-123.06134033203124,2.5,1.6649999618530202,2.1782787,0.73556274,1.6471795,0.5310992156326293,3.8254581843673705
S2019OR071017,WoCT3-3,45.12480163574219,-123.06134033203124,7.5,1.54700005054473,1.9894761,0.66268075,1.4839715,0.5055046234451295,3.4734475765548707
S2019OR071017,WoCT3-3,45.12480163574219,-123.06134033203124,16.0,1.41799998283386,1.6712264,0.5444012,1.2191027,0.45212365971221913,2.890329140287781
S2019OR071017,WoCT3-3,45.12480163574219,-123.06134033203124,39.5,0.7839999794959999,0.7185994,0.29106244,0.65178955,0.06680985398712158,1.3703889460128784
S2019OR071017,WoCT3-3,45.12480163574219,-123.06134033203124,78.5,0.3009999990463199,0.34656262,0.16161396,0.36190957,0.0,0.708472188309784
S2019OR047018,WoNT3-1,44.950981,-122.8565444946289,2.5,3.09800004959106,3.4327016,1.3475254,3.0175755,0.41512609760437025,6.45027710239563
S2019OR047018,WoNT3-1,44.950981,-122.8565444946289,7.5,2.23499989509582,2.7695575,1.1717952,2.6240551,0.1455023528289794,5.39361264717102
S2019OR047018,WoNT3-1,44.950981,-122.8565444946289,15.5,1.66600000858306,1.7268049,0.68811315,1.5409235,0.18588142378082284,3.2677283762191776
S2019OR047018,WoNT3-1,44.950981,-122.8565444946289,45.5,0.49500000476837,0.9349514,0.4750187,1.0637313,0.0,1.9986827127517701
S2019OR047018,WoNT3-1,44.950981,-122.8565444946289,85.0,0.21500000357627,0.4834856,0.31612045,0.7079031,0.0,1.1913886871391297
S2019OR047018,WoNT3-2,44.950981,-122.856644,2.5,2.9530000686645503,3.4327016,1.3475254,3.0175755,0.41512609760437025,6.45027710239563
S2019OR047018,WoNT3-2,44.950981,-122.856644,7.5,2.06699991226196,2.7695575,1.1717952,2.6240551,0.1455023528289794,5.39361264717102
S2019OR047018,WoNT3-2,44.950981,-122.856644,15.5,1.7150000333786002,1.7268049,0.68811315,1.5409235,0.18588142378082284,3.2677283762191776
S2019OR047018,WoNT3-2,44.950981,-122.856644,45.5,0.5950000286102199,0.9349514,0.4750187,1.0637313,0.0,1.9986827127517701
S2019OR047018,WoNT3-2,44.950981,-122.856644,85.0,0.22599999606609,0.4834856,0.31612045,0.7079031,0.0,1.1913886871391297
S2019OR047018,WoNT3-3,44.950981,-122.856744,2.5,2.5420000553131104,3.4327016,1.3475254,3.0175755,0.41512609760437025,6.45027710239563
S2019OR047018,WoNT3-3,44.950981,-122.856744,7.5,2.05399990081787,2.7695575,1.1717952,2.6240551,0.1455023528289794,5.39361264717102
S2019OR047018,WoNT3-3,44.950981,-122.856744,15.5,1.45599997043609,1.7268049,0.68811315,1.5409235,0.18588142378082284,3.2677283762191776
S2019OR047018,WoNT3-3,44.950981,-122.856744,45.5,0.67100000381469,0.9349514,0.4750187,1.0637313,0.0,1.9986827127517701
S2019OR047018,WoNT3-3,44.950981,-122.856744,85.0,0.23100000619888,0.4834856,0.31612045,0.7079031,0.0,1.1913886871391297
IL-115-SW-WDFLD-001,IL-115-SW-WDFLD-001,39.86606216430664,-88.798131,2.5,2.57920002937316,2.200495,0.6152146,1.3776784,0.8228166056823731,3.578173394317627
IL-115-SW-WDFLD-001,IL-115-SW-WDFLD-001,39.86606216430664,-88.798131,7.5,2.69350004196167,2.0341635,0.5879726,1.3166741,0.7174893867263794,3.3508376132736206
IL-115-SW-WDFLD-001,IL-115-SW-WDFLD-001,39.86606216430664,-88.798131,15.0,2.14849996566772,1.7151864,0.48665032,1.0897784,0.6254079766906739,2.8049648233093265
IL-115-SW-WDFLD-001,IL-115-SW-WDFLD-001,39.86606216430664,-88.798131,25.0,1.82519996166229,1.3284523,0.478111,1.070656,0.2577963580368041,2.3991082419631957
IL-115-SW-WDFLD-001,IL-115-SW-WDFLD-001,39.86606216430664,-88.798131,40.0,0.96310001611709,0.92365795,0.35489964,0.7947431,0.12891482932968135,1.7184010706703186
IL-115-SW-WDFLD-001,IL-115-SW-WDFLD-001,39.86606216430664,-88.798131,75.0,0.5345000028610201,0.5970908,0.28330112,0.63440925,0.0,1.231500048828888
IL-115-SW-WDFLD-002,IL-115-SW-WDFLD-002,39.86539459228515,-88.799917,2.5,3.10459995269775,2.0697796,0.6357952,1.4237654,0.6460141790863037,3.4935450209136962
IL-115-SW-WDFLD-002,IL-115-SW-WDFLD-002,39.86539459228515,-88.799917,7.5,2.40339994430541,1.8803121,0.59268314,1.3272226,0.5530895143218995,3.207534685678101
IL-115-SW-WDFLD-002,IL-115-SW-WDFLD-002,39.86539459228515,-88.799917,15.0,2.09470009803771,1.5678958,0.47620183,1.0663807,0.5015150607879639,2.634276539212036
IL-115-SW-WDFLD-002,IL-115-SW-WDFLD-002,39.86539459228515,-88.799917,25.0,2.15590000152587,1.2021405,0.4623666,1.0353988,0.16674165909576422,2.237539340904236
IL-115-SW-WDFLD-002,IL-115-SW-WDFLD-002,39.86539459228515,-88.799917,40.0,1.26579999923706,0.78730917,0.3508245,0.7856175,0.00169169925872803,1.5729266407412719
IL-115-SW-WDFLD-002,IL-115-SW-WDFLD-002,39.86539459228515,-88.799917,75.0,0.54809999465942,0.47100598,0.25329843,0.56722283,0.0,1.0382288136334228
IL-115-SW-WDFLD-003,IL-115-SW-WDFLD-003,39.868482,-88.798039,2.5,2.75629997253417,1.8718374,0.48418784,1.0842642,0.7875732407974243,2.9561015592025757
IL-115-SW-WDFLD-003,IL-115-SW-WDFLD-003,39.868482,-88.798039,7.5,2.59890007972717,1.7576576,0.48191527,1.079175,0.6784826045776366,2.836832595422363
IL-115-SW-WDFLD-003,IL-115-SW-WDFLD-003,39.868482,-88.798039,15.0,2.29609990119934,1.6547012,0.4569814,1.0233395,0.6313616900360108,2.678040709963989
IL-115-SW-WDFLD-003,IL-115-SW-WDFLD-003,39.868482,-88.798039,25.0,1.984099984169,1.3465004,0.4730003,1.0592114,0.28728902667083744,2.4057117733291626
IL-115-SW-WDFLD-003,IL-115-SW-WDFLD-003,39.868482,-88.798039,40.0,1.13800001144409,0.94020545,0.3463102,0.77550834,0.1646971058265686,1.7157137941734315
IL-115-SW-WDFLD-003,IL-115-SW-WDFLD-003,39.868482,-88.798039,75.0,0.57380002737045,0.60888815,0.27516583,0.6161915,0.0,1.225079656385803
IL-115-SW-ETAL-001,IL-115-SW-ETAL-001,39.895068,-88.745608,2.5,2.65490007400512,2.173164,0.62083477,1.3902639,0.7829000849380492,3.5634279150619506
IL-115-SW-ETAL-001,IL-115-SW-ETAL-001,39.895068,-88.745608,7.5,2.49839997291564,1.9780424,0.5610179,1.2563131,0.7217293144439698,3.2343554855560304
IL-115-SW-ETAL-001,IL-115-SW-ETAL-001,39.895068,-88.745608,15.0,2.03290009498596,1.6322755,0.45620707,1.0216055,0.6106700083618164,2.6538809916381836
IL-115-SW-ETAL-001,IL-115-SW-ETAL-001,39.895068,-88.745608,25.0,2.0890998840332,1.2661358,0.45570916,1.0204905,0.2456452728469849,2.286626327153015
IL-115-SW-ETAL-001,IL-115-SW-ETAL-001,39.895068,-88.745608,40.0,1.76209998130798,0.8505332,0.32160845,0.7201926,0.1303405887825012,1.5707258112174989
IL-115-SW-ETAL-001,IL-115-SW-ETAL-001,39.895068,-88.745608,75.0,0.75599998235702,0.5086771,0.22041842,0.49359313,0.015083973464584344,1.0022702265354155
IL-115-SW-ETAL-002,IL-115-SW-ETAL-002,39.895384,-88.746645,2.5,2.35439991950988,2.2566812,0.6315344,1.414224,0.8424571714126587,3.6709052285873414
IL-115-SW-ETAL-002,IL-115-SW-ETAL-002,39.895384,-88.746645,7.5,2.02900004386901,2.045291,0.5958847,1.334392,0.7108990484390261,3.3796829515609743
IL-115-SW-ETAL-002,IL-115-SW-ETAL-002,39.895384,-88.746645,15.0,1.57430005073547,1.6917146,0.46950105,1.0513753,0.6403393301101685,2.7430898698898316
IL-115-SW-ETAL-002,IL-115-SW-ETAL-002,39.895384,-88.746645,25.0,1.65149998664855,1.3173072,0.46064553,1.0315447,0.28576251463623037,2.3488518853637697
IL-115-SW-ETAL-002,IL-115-SW-ETAL-002,39.895384,-88.746645,40.0,1.37750005722045,0.89740413,0.3228138,0.7228918,0.17451232244384762,1.6202959375561523
IL-115-SW-ETAL-002,IL-115-SW-ETAL-002,39.895384,-88.746645,75.0,0.50470000505447,0.54688954,0.22719753,0.50877386,0.03811567668441773,1.0556634033155823
IL-115-SW-ETAL-003,IL-115-SW-ETAL-003,39.901458740234375,-88.746587,2.5,2.5469000339508,2.1151197,0.6123467,1.3712561,0.743863586947632,3.4863758130523683
IL-115-SW-ETAL-003,IL-115-SW-ETAL-003,39.901458740234375,-88.746587,7.5,2.36490011215209,1.9195904,0.564338,1.2637482,0.6558422310546874,3.183338568945312
IL-115-SW-ETAL-003,IL-115-SW-ETAL-003,39.901458740234375,-88.746587,15.0,1.94889998435974,1.5644422,0.44475567,0.99596184,0.5684803550788879,2.5604040449211123
IL-115-SW-ETAL-003,IL-115-SW-ETAL-003,39.901458740234375,-88.746587,25.0,1.73609995841979,1.2058985,0.43700746,0.97861093,0.22728756717300413,2.184509432826996
IL-115-SW-ETAL-003,IL-115-SW-ETAL-003,39.901458740234375,-88.746587,40.0,1.13329994678497,0.8354035,0.32675305,0.7317131,0.10369038383102414,1.5671166161689758
IL-115-SW-ETAL-003,IL-115-SW-ETAL-003,39.901458740234375,-88.746587,75.0,0.40329998731613,0.49114448,0.22910018,0.5130346,0.0,1.0041790621380615
IL-147-SW-TS-001,IL-147-SW-TS-001,39.876683,-88.700021,2.5,3.06010007858276,2.1065357,0.5095091,1.1409671,0.965568569338989,3.2475028306610105
IL-147-SW-TS-001,IL-147-SW-TS-001,39.876683,-88.700021,7.5,2.8926000595092702,2.0120149,0.51320374,1.1492407,0.8627741678070069,3.161255632192993
IL-147-SW-TS-001,IL-147-SW-TS-001,39.876683,-88.700021,15.0,2.11759996414184,1.862661,0.48939908,1.0959339,0.7667270858154296,2.9585949141845704
IL-147-SW-TS-001,IL-147-SW-TS-001,39.876683,-88.700021,25.0,1.23619997501373,1.3917929,0.4981299,1.1154852,0.27630770865478516,2.507278091345215
IL-147-SW-TS-001,IL-147-SW-TS-001,39.876683,-88.700021,40.0,0.7537000179290699,0.9858506,0.36113694,0.8087106,0.17714002489624026,1.7945611751037598
IL-147-SW-TS-001,IL-147-SW-TS-001,39.876683,-88.700021,75.0,0.35949999094009,0.65274924,0.2988382,0.66920215,0.0,1.321951388914337
IL-147-SW-TS-002,IL-147-SW-TS-002,39.878541,-88.700776,2.5,3.00289988517761,2.075593,0.5033568,1.1271901,0.9484028869323731,3.202783113067627
IL-147-SW-TS-002,IL-147-SW-TS-002,39.878541,-88.700776,7.5,2.74909996986389,1.9792415,0.48071986,1.0764982,0.9027433491744996,3.0557396508255006
IL-147-SW-TS-002,IL-147-SW-TS-002,39.878541,-88.700776,15.0,2.44700002670288,1.8113701,0.4775146,1.0693204,0.7420496597076416,2.8806905402923584
IL-147-SW-TS-002,IL-147-SW-TS-002,39.878541,-88.700776,25.0,1.71770000457763,1.359407,0.4788846,1.0723883,0.2870187086410523,2.431795291358948
IL-147-SW-TS-002,IL-147-SW-TS-002,39.878541,-88.700776,40.0,0.92019999027252,0.9978287,0.35574496,0.79663604,0.20119265502090455,1.7944647449790954
IL-147-SW-TS-002,IL-147-SW-TS-002,39.878541,-88.700776,75.0,0.5015000104904099,0.6370751,0.29344532,0.6571256,0.0,1.2942006922317506
IL-147-SW-TS-003,IL-147-SW-TS-003,39.878261,-88.705988,2.5,3.3031001091003396,2.1332388,0.5429097,1.2157626,0.9174761847961426,3.3490014152038574
IL-147-SW-TS-003,IL-147-SW-TS-003,39.878261,-88.705988,7.5,2.84319996833801,1.9908192,0.49867016,1.116695,0.8741241535751343,3.1075142464248655
IL-147-SW-TS-003,IL-147-SW-TS-003,39.878261,-88.705988,15.0,2.5826001167297297,1.8319126,0.49276894,1.1034802,0.7284323801589965,2.9353928198410033
IL-147-SW-TS-003,IL-147-SW-TS-003,39.878261,-88.705988,25.0,1.87329995632171,1.3717885,0.49201584,1.1017938,0.26999473397827156,2.4735822660217286
IL-147-SW-TS-003,IL-147-SW-TS-003,39.878261,-88.705988,40.0,0.90319997072219,0.9641489,0.36255023,0.8118754,0.1522734970726013,1.7760243029273988
IL-147-SW-TS-003,IL-147-SW-TS-003,39.878261,-88.705988,75.0,0.60170000791549,0.6289816,0.29887083,0.6692752,0.0,1.2982568242088317
IL-147-SW-CRP-001,IL-147-SW-CRP-001,39.895694,-88.743611,2.5,2.57139992713928,1.7877307,0.46825874,1.0485934,0.7391372980911255,2.8363241019088745
IL-147-SW-CRP-001,IL-147-SW-CRP-001,39.895694,-88.743611,7.5,2.67149996757507,1.6549811,0.4401778,0.9857104,0.6692707175384522,2.640691482461548
IL-147-SW-CRP-001,IL-147-SW-CRP-001,39.895694,-88.743611,15.0,1.92019999027252,1.5776976,0.42747512,0.9572647,0.6204328786064148,2.5349623213935852
IL-147-SW-CRP-001,IL-147-SW-CRP-001,39.895694,-88.743611,25.0,2.20449995994567,1.287304,0.4565703,1.0224189,0.26488514337921143,2.3097228566207884
IL-147-SW-CRP-001,IL-147-SW-CRP-001,39.895694,-88.743611,40.0,1.35730004310607,0.8744193,0.3226045,0.72242314,0.15199616376571656,1.5968424362342835
IL-147-SW-CRP-001,IL-147-SW-CRP-001,39.895694,-88.743611,75.0,0.5527999997138899,0.5308727,0.22413604,0.50191814,0.02895456292648313,1.0327908370735168
IL-147-SW-CRP-002,IL-147-SW-CRP-002,39.896889,-88.743611,2.5,2.48149991035461,1.5583955,0.4248932,0.9514829,0.6069126079635621,2.509878392036438
IL-147-SW-CRP-002,IL-147-SW-CRP-002,39.896889,-88.743611,7.5,2.0058000087738,1.4611372,0.3985415,0.8924723,0.5686648732444763,2.3536095267555237
IL-147-SW-CRP-002,IL-147-SW-CRP-002,39.896889,-88.743611,15.0,1.81130003929138,1.3429315,0.39601076,0.8868051,0.4561263828697204,2.2297366171302793
IL-147-SW-CRP-002,IL-147-SW-CRP-002,39.896889,-88.743611,25.0,1.5634000301361,1.0638785,0.389453,0.87212,0.19175847722625727,1.9359985227737426
IL-147-SW-CRP-002,IL-147-SW-CRP-002,39.896889,-88.743611,40.0,1.56889998912811,0.6863144,0.28887364,0.646888,0.039426382345581046,1.333202417654419
IL-147-SW-CRP-002,IL-147-SW-CRP-002,39.896889,-88.743611,75.0,0.55709999799728,0.41637942,0.20418823,0.4572481,0.0,0.8736275116976928
IL-147-SW-CRP-003,IL-147-SW-CRP-003,39.898194,-88.743333,2.5,2.15829992294311,1.5440778,0.4248932,0.9514829,0.592594907963562,2.495560692036438
IL-147-SW-CRP-003,IL-147-SW-CRP-003,39.898194,-88.743333,7.5,1.79139995574951,1.4473637,0.3985415,0.8924723,0.5548913732444762,2.3398360267555236
IL-147-SW-CRP-003,IL-147-SW-CRP-003,39.898194,-88.743333,15.0,1.73629999160766,1.3298197,0.3898688,0.87305117,0.4567685334655762,2.2028708665344237
IL-147-SW-CRP-003,IL-147-SW-CRP-003,39.898194,-88.743333,25.0,0.9801999926567,1.0523283,0.389453,0.87212,0.18020827722625743,1.9244483227737428
IL-147-SW-CRP-003,IL-147-SW-CRP-003,39.898194,-88.743333,40.0,0.74599999189376,0.67968434,0.28887364,0.646888,0.03279632234558105,1.326572357654419
IL-147-SW-CRP-003,IL-147-SW-CRP-003,39.898194,-88.743333,75.0,0.3932000100612599,0.4108108,0.19088113,0.4274489,0.0,0.8382596985538482
IL-019-SW-ARBRTM-001,IL-019-SW-ARBRTM-001,40.0916401,-88.216396,2.5,5.45580005645751,2.8939357,1.0608023,2.3755035,0.5184321599609376,5.269439240039063
IL-019-SW-ARBRTM-001,IL-019-SW-ARBRTM-001,40.0916401,-88.216396,15.0,2.79879999160766,1.2831639,0.5553883,1.2437065,0.03945743523254386,2.526870364767456
IL-019-SW-ARBRTM-001,IL-019-SW-ARBRTM-001,40.0916401,-88.216396,25.0,2.34369993209838,0.99737304,0.44149548,0.98866117,0.008711869994201704,1.9860342100057984
IL-019-SW-ARBRTM-001,IL-019-SW-ARBRTM-001,40.0916401,-88.216396,40.0,1.11629998683929,0.651074,0.3164428,0.7086249,0.0,1.3596988993873595
IL-019-SW-ARBRTM-001,IL-019-SW-ARBRTM-001,40.0916401,-88.216396,75.0,0.47659999132156,0.39777347,0.22369806,0.5009374,0.0,0.8987108722483825
IL-019-SW-ARBRTM-002,IL-019-SW-ARBRTM-002,40.0918033,-88.2161899,2.5,5.70699977874755,2.8939357,1.0608023,2.3755035,0.5184321599609376,5.269439240039063
IL-019-SW-ARBRTM-002,IL-019-SW-ARBRTM-002,40.0918033,-88.2161899,7.5,4.2529997825622505,2.1939921,0.91512465,2.0492806,0.14471145653686524,4.243272743463135
IL-019-SW-ARBRTM-002,IL-019-SW-ARBRTM-002,40.0918033,-88.2161899,15.0,3.1905000209808296,1.2831639,0.5553883,1.2437065,0.03945743523254386,2.526870364767456
IL-019-SW-ARBRTM-002,IL-019-SW-ARBRTM-002,40.0918033,-88.2161899,25.0,2.24140000343322,0.99737304,0.44149548,0.98866117,0.008711869994201704,1.9860342100057984
IL-019-SW-ARBRTM-002,IL-019-SW-ARBRTM-002,40.0918033,-88.2161899,40.0,1.29809999465942,0.651074,0.3164428,0.7086249,0.0,1.3596988993873595
IL-019-SW-ARBRTM-002,IL-019-SW-ARBRTM-002,40.0918033,-88.2161899,75.0,0.44780001044273,0.39777347,0.22369806,0.5009374,0.0,0.8987108722483825
IL-019-SW-ARBRTM-003,IL-019-SW-ARBRTM-003,40.0914285,-88.2159005,2.5,5.86159992218017,2.8939357,1.0608023,2.3755035,0.5184321599609376,5.269439240039063
IL-019-SW-ARBRTM-003,IL-019-SW-ARBRTM-003,40.0914285,-88.2159005,7.5,3.8759000301361,2.1939921,0.91512465,2.0492806,0.14471145653686524,4.243272743463135
IL-019-SW-ARBRTM-003,IL-019-SW-ARBRTM-003,40.0914285,-88.2159005,15.0,2.2836999893188397,1.2831639,0.5553883,1.2437065,0.03945743523254386,2.526870364767456
IL-019-SW-ARBRTM-003,IL-019-SW-ARBRTM-003,40.0914285,-88.2159005,25.0,1.34109997749328,0.99737304,0.44149548,0.98866117,0.008711869994201704,1.9860342100057984
IL-019-SW-ARBRTM-003,IL-019-SW-ARBRTM-003,40.0914285,-88.2159005,40.0,1.34710001945495,0.651074,0.3164428,0.7086249,0.0,1.3596988993873595
IL-019-SW-ARBRTM-003,IL-019-SW-ARBRTM-003,40.0914285,-88.2159005,75.0,0.5184999704360901,0.39777347,0.22369806,0.5009374,0.0,0.8987108722483825
IL-019-SW-RTHRML-001,IL-019-SW-RTHRML-001,39.929500579833984,-88.0238037109375,2.5,3.2560999393463104,1.8395437,0.45701092,1.0234056,0.8161381480895995,2.8629492519104005
IL-019-SW-RTHRML-001,IL-019-SW-RTHRML-001,39.929500579833984,-88.0238037109375,7.5,2.30270004272461,1.7974732,0.4557797,1.0206485,0.7768247205383301,2.8181216794616697
IL-019-SW-RTHRML-001,IL-019-SW-RTHRML-001,39.929500579833984,-88.0238037109375,15.0,1.9708000421524,1.6851184,0.45010406,1.0079387,0.6771796573623656,2.693057142637634
IL-019-SW-RTHRML-001,IL-019-SW-RTHRML-001,39.929500579833984,-88.0238037109375,25.0,1.26549994945526,1.4021689,0.45594603,1.0210209,0.3811480107177734,2.4231897892822265
IL-019-SW-RTHRML-001,IL-019-SW-RTHRML-001,39.929500579833984,-88.0238037109375,35.0,0.74620002508163,1.2765602,0.4501374,1.0080134,0.26854683234710697,2.284573567652893
IL-019-SW-RTHRML-001,IL-019-SW-RTHRML-001,39.929500579833984,-88.0238037109375,70.0,0.49509999155998,0.6738702,0.26958972,0.6037047,0.07016550906677244,1.2775748909332276
IL-019-SW-RTHRML-002,IL-019-SW-RTHRML-002,39.929500579833984,-88.0238037109375,2.5,2.80979990959167,1.8395437,0.45701092,1.0234056,0.8161381480895995,2.8629492519104005
IL-019-SW-RTHRML-002,IL-019-SW-RTHRML-002,39.929500579833984,-88.0238037109375,7.5,2.1891999244689897,1.7974732,0.4557797,1.0206485,0.7768247205383301,2.8181216794616697
IL-019-SW-RTHRML-002,IL-019-SW-RTHRML-002,39.929500579833984,-88.0238037109375,15.0,2.02710008621215,1.6851184,0.45010406,1.0079387,0.6771796573623656,2.693057142637634
IL-019-SW-RTHRML-002,IL-019-SW-RTHRML-002,39.929500579833984,-88.0238037109375,25.0,1.24059998989105,1.4021689,0.45594603,1.0210209,0.3811480107177734,2.4231897892822265
IL-019-SW-RTHRML-002,IL-019-SW-RTHRML-002,39.929500579833984,-88.0238037109375,35.0,0.7817999720573401,1.2765602,0.4501374,1.0080134,0.26854683234710697,2.284573567652893
IL-019-SW-RTHRML-002,IL-019-SW-RTHRML-002,39.929500579833984,-88.0238037109375,70.0,2.3006999492645197,0.6738702,0.26958972,0.6037047,0.07016550906677244,1.2775748909332276
IL-019-SW-RTHRML-003,IL-019-SW-RTHRML-003,39.9254322,-88.0275783,2.5,3.98140001296997,1.8418397,0.5034059,1.1273,0.7145396759674072,2.9691397240325927
IL-019-SW-RTHRML-003,IL-019-SW-RTHRML-003,39.9254322,-88.0275783,7.5,3.2604000568389804,1.7650955,0.5022745,1.1247665,0.6403290309982299,2.88986196900177
IL-019-SW-RTHRML-003,IL-019-SW-RTHRML-003,39.9254322,-88.0275783,15.0,3.05830001831054,1.3914616,0.3900653,0.8734912,0.5179703723731994,2.2649528276268005
IL-019-SW-RTHRML-003,IL-019-SW-RTHRML-003,39.9254322,-88.0275783,25.0,2.71059989929199,1.061846,0.37928614,0.8493529,0.21249310378646857,1.9111988962135316
IL-019-SW-RTHRML-003,IL-019-SW-RTHRML-003,39.9254322,-88.0275783,35.0,1.68050003051757,0.98516107,0.34144366,0.76461047,0.2205506006587219,1.749771539341278
IL-019-SW-RTHRML-003,IL-019-SW-RTHRML-003,39.9254322,-88.0275783,70.0,0.56599998474121,0.4896535,0.21767522,0.48745015,0.0022033473644256785,0.9771036526355743
IL-019-SW-RTHRML-004,IL-019-SW-RTHRML-004,39.9254322,-88.0275783,2.5,2.40140008926391,1.8418397,0.5034059,1.1273,0.7145396759674072,2.9691397240325927
IL-019-SW-RTHRML-004,IL-019-SW-RTHRML-004,39.9254322,-88.0275783,7.5,1.94029998779296,1.7650955,0.5022745,1.1247665,0.6403290309982299,2.88986196900177
IL-019-SW-RTHRML-004,IL-019-SW-RTHRML-004,39.9254322,-88.0275783,15.0,1.79320001602172,1.3914616,0.3900653,0.8734912,0.5179703723731994,2.2649528276268005
IL-019-SW-RTHRML-004,IL-019-SW-RTHRML-004,39.9254322,-88.0275783,25.0,1.65820002555847,1.061846,0.37928614,0.8493529,0.21249310378646857,1.9111988962135316
IL-019-SW-RTHRML-004,IL-019-SW-RTHRML-004,39.9254322,-88.0275783,35.0,1.16040003299713,0.98516107,0.34144366,0.76461047,0.2205506006587219,1.749771539341278
IL-019-SW-RTHRML-004,IL-019-SW-RTHRML-004,39.9254322,-88.0275783,70.0,0.42629998922348,0.4896535,0.21767522,0.48745015,0.0022033473644256785,0.9771036526355743
IL-115-SW-WDFLD-001A,IL-115-SW-WDFLD-001A,39.86606216430664,-88.798131,7.5,2.05669999122619,2.1259665,0.583401,1.3064368,0.8195297228851319,3.4324032771148683
IL-115-SW-WDFLD-001A,IL-115-SW-WDFLD-001A,39.86606216430664,-88.798131,23.0,1.54320001602172,1.7051725,0.54375863,1.2176638,0.4875087350463867,2.922836264953613
IL-115-SW-WDFLD-001A,IL-115-SW-WDFLD-001A,39.86606216430664,-88.798131,39.5,1.05289995670318,1.0119742,0.36156365,0.80966616,0.20230804323120122,1.8216403567687989
IL-115-SW-WDFLD-001A,IL-115-SW-WDFLD-001A,39.86606216430664,-88.798131,57.5,0.68760001659393,0.7517155,0.33213177,0.74375796,0.007957536819457989,1.495473463180542
IL-115-SW-WDFLD-001A,IL-115-SW-WDFLD-001A,39.86606216430664,-88.798131,80.5,0.32159999012947,0.5432059,0.26638418,0.5965264,0.0,1.1397322843536377
IL-115-SW-WDFLD-001A,IL-115-SW-WDFLD-001A,39.86606216430664,-88.798131,110.0,0.21570000052452,0.47867268,0.24731039,0.5538135,0.0,1.0324861970936585
IL-115-SW-WDFLD-001A,IL-115-SW-WDFLD-001A,39.86606216430664,-88.798131,136.0,0.18389999866485,0.4573905,0.24657726,0.5521718,0.0,1.00956232636261
IL-115-SW-WDFLD-001A,IL-115-SW-WDFLD-001A,39.86606216430664,-88.798131,161.0,0.25549998879432,0.4573905,0.24657726,0.5521718,0.0,1.00956232636261
IL-115-SW-ETAL-001A,IL-115-SW-ETAL-001A,39.895068,-88.745608,6.5,2.26230001449584,2.1592834,0.6440709,1.4422977,0.7169857029327393,3.601581097067261
IL-115-SW-ETAL-001A,IL-115-SW-ETAL-001A,39.895068,-88.745608,21.0,1.84379994869232,1.7026582,0.5217761,1.1684372,0.5342209574920653,2.8710954425079347
IL-115-SW-ETAL-001A,IL-115-SW-ETAL-001A,39.895068,-88.745608,39.5,1.9232000112533496,0.95690465,0.35893106,0.80377084,0.15313380983200076,1.7606754901679993
IL-115-SW-ETAL-001A,IL-115-SW-ETAL-001A,39.895068,-88.745608,63.5,0.97600001096725,0.6135957,0.26494855,0.5933115,0.020284211371612515,1.2069071886283873
IL-115-SW-ETAL-001A,IL-115-SW-ETAL-001A,39.895068,-88.745608,92.0,0.59140002727508,0.43097454,0.22052285,0.49382696,0.0,0.9248014955568695
IL-115-SW-ETAL-001A,IL-115-SW-ETAL-001A,39.895068,-88.745608,122.0,0.5533999800682,0.39996776,0.20626435,0.46189725,0.0,0.8618650139901733
IL-115-SW-ETAL-001A,IL-115-SW-ETAL-001A,39.895068,-88.745608,159.0,0.2664999961853,0.39996776,0.20626435,0.46189725,0.0,0.8618650139901733
IL-115-SW-ETAL-001A,IL-115-SW-ETAL-001A,39.895068,-88.745608,210.5,0.09749999642372,0.39996776,0.20626435,0.46189725,0.0,0.8618650139901733
IL-147-SW-TS-003A,IL-147-SW-TS-003A,39.878261,-88.705988,11.5,2.63940000534057,2.0276854,0.54940444,1.2303066,0.7973787746337893,3.257992025366211
IL-147-SW-TS-003A,IL-147-SW-TS-003A,39.878261,-88.705988,32.0,1.35549998283386,1.3302051,0.4994029,1.118336,0.2118691377044677,2.448541062295532
IL-147-SW-TS-003A,IL-147-SW-TS-003A,39.878261,-88.705988,50.5,0.68349999189376,0.90821165,0.36586118,0.8192898,0.08892184649505619,1.727501453504944
IL-147-SW-TS-003A,IL-147-SW-TS-003A,39.878261,-88.705988,70.5,0.49239999055862,0.64510256,0.29376107,0.6578327,0.0,1.302935242132721
IL-147-SW-TS-003A,IL-147-SW-TS-003A,39.878261,-88.705988,98.0,0.35269999504089,0.5101531,0.26607737,0.5958393,0.0,1.105992421613312
IL-147-SW-TS-003A,IL-147-SW-TS-003A,39.878261,-88.705988,124.5,0.3609000146389,0.46957913,0.24780457,0.5549202,0.0,1.0244993265332032
IL-147-SW-TS-003A,IL-147-SW-TS-003A,39.878261,-88.705988,148.5,0.1904000043869,0.46957913,0.24780457,0.5549202,0.0,1.0244993265332032
IL-147-SW-TS-003A,IL-147-SW-TS-003A,39.878261,-88.705988,194.0,0.15590000152587,0.46957913,0.24780457,0.5549202,0.0,1.0244993265332032
IL-147-SW-CRP-001A,IL-147-SW-CRP-001A,39.895694,-88.743611,8.0,2.59380006790161,1.9931393,0.5809307,1.3009049,0.6922344299667358,3.2940441700332643
IL-147-SW-CRP-001A,IL-147-SW-CRP-001A,39.895694,-88.743611,23.5,1.97269999980926,1.4808944,0.4956221,1.1098694,0.37102503907623285,2.590763760923767
IL-147-SW-CRP-001A,IL-147-SW-CRP-001A,39.895694,-88.743611,42.0,1.3969999551773,0.91459954,0.35311222,0.79074043,0.12385910964492797,1.705339970355072
IL-147-SW-CRP-001A,IL-147-SW-CRP-001A,39.895694,-88.743611,60.0,1.06180000305175,0.6769038,0.29786113,0.6670141,0.009889677990722712,1.3439179220092774
IL-147-SW-CRP-001A,IL-147-SW-CRP-001A,39.895694,-88.743611,89.5,0.5654000043869,0.45247015,0.23018092,0.5154547,0.0,0.9679248595298767
IL-147-SW-CRP-001A,IL-147-SW-CRP-001A,39.895694,-88.743611,127.0,0.47150000929832,0.41796255,0.22542407,0.50480247,0.0,0.9227650154388427
IL-147-SW-CRP-001A,IL-147-SW-CRP-001A,39.895694,-88.743611,162.5,0.3068000078201199,0.41796255,0.22542407,0.50480247,0.0,0.9227650154388427
IL-147-SW-CRP-001A,IL-147-SW-CRP-001A,39.895694,-88.743611,197.0,0.21230000257492,0.41796255,0.22542407,0.50480247,0.0,0.9227650154388427
IL-019-SW-RTHRML-001A,IL-019-SW-RTHRML-001A,39.929500579833984,-88.0238037109375,3.5,2.59820008277893,1.8222027,0.45117328,1.0103331,0.8118696387817383,2.832535761218262
IL-019-SW-RTHRML-001A,IL-019-SW-RTHRML-001A,39.929500579833984,-88.0238037109375,10.5,2.10030007362365,1.7358454,0.44859365,1.0045564,0.7312889825347901,2.74040181746521
IL-019-SW-RTHRML-001A,IL-019-SW-RTHRML-001A,39.929500579833984,-88.0238037109375,20.0,1.28509998321533,1.7169484,0.48613667,1.0886282,0.6283202271255492,2.8055765728744504
IL-019-SW-RTHRML-001A,IL-019-SW-RTHRML-001A,39.929500579833984,-88.0238037109375,33.5,0.94370001554489,1.30125,0.46553364,1.042491,0.25875904083251955,2.3437409591674805
IL-019-SW-RTHRML-001A,IL-019-SW-RTHRML-001A,39.929500579833984,-88.0238037109375,60.0,0.4990000128745999,0.7415576,0.2910938,0.65185976,0.08969783971557621,1.393417360284424
IL-019-SW-RTHRML-001A,IL-019-SW-RTHRML-001A,39.929500579833984,-88.0238037109375,92.5,0.2470999956130899,0.493909,0.2213315,0.49563783,0.0,0.989546834072113
IL-019-SW-RTHRML-001A,IL-019-SW-RTHRML-001A,39.929500579833984,-88.0238037109375,121.0,0.2347999960184,0.45919472,0.19980654,0.44743598,0.011758744925231934,0.906630695074768
IL-019-SW-RTHRML-004A,IL-019-SW-RTHRML-004A,39.925411224365234,-88.027589,2.5,3.1638998985290496,1.9157029,0.55980575,1.2535988,0.6621040907577516,3.169301709242249
IL-019-SW-RTHRML-004A,IL-019-SW-RTHRML-004A,39.925411224365234,-88.027589,14.0,2.11150002479553,1.601629,0.46354178,1.0380304,0.5635986140289306,2.6396593859710693
IL-019-SW-RTHRML-004A,IL-019-SW-RTHRML-004A,39.925411224365234,-88.027589,29.5,1.5716999769210802,1.0875226,0.3993221,0.89422035,0.19330224782714844,1.9817429521728516
IL-019-SW-RTHRML-004A,IL-019-SW-RTHRML-004A,39.925411224365234,-88.027589,51.5,1.13349997997283,0.67835355,0.29184523,0.65354246,0.02481109098892209,1.3318960090110779
IL-019-SW-RTHRML-004A,IL-019-SW-RTHRML-004A,39.925411224365234,-88.027589,82.0,0.52189999818801,0.4204963,0.2188318,0.49004015,0.0,0.9105364532649993
IL-019-SW-RTHRML-004A,IL-019-SW-RTHRML-004A,39.925411224365234,-88.027589,110.0,0.4760999977588599,0.37113383,0.17465988,0.3911239,0.0,0.76225772087677
IL-019-SW-RTHRML-004A,IL-019-SW-RTHRML-004A,39.925411224365234,-88.027589,136.0,0.2664999961853,0.35139942,0.17465988,0.3911239,0.0,0.74252331087677
TX-AX1-1-CON,AX1-1,26.371829986572266,-97.86128997802734,2.5,1.45000004768371,1.0718571,0.39725998,0.88960254,0.18225455807647695,1.9614596419235228
TX-AX1-1-CON,AX1-1,26.371829986572266,-97.86128997802734,7.5,1.29999995231628,0.95435363,0.36229688,0.8113081,0.14304554408157344,1.7656617159184265
TX-AX1-1-CON,AX1-1,26.371829986572266,-97.86128997802734,20.0,1.21000003814697,0.7728637,0.36445674,0.81614476,0.0,1.5890084644233704
TX-AX1-1-CON,AX1-1,26.371829986572266,-97.86128997802734,40.0,1.28999996185302,0.4582653,0.26809138,0.60034937,0.0,1.0586146666648864
TX-AX1-1-CON,AX1-1,26.371829986572266,-97.86128997802734,65.0,1.0499999523162802,0.33360612,0.22308841,0.49957216,0.0,0.8331782778598023
TX-AX1-1-CON,AX1-1,26.371829986572266,-97.86128997802734,90.0,1.00999999046325,0.20877242,0.1510357,0.3382212,0.0,0.5469936123599243
TX-AX1-2-CON,AX1-2,26.376803,-97.861285,2.5,1.8700000047683696,1.2347391,0.42015448,0.9408713,0.2938678016868592,2.175610398313141
TX-AX1-2-CON,AX1-2,26.376803,-97.861285,7.5,1.83000004291534,1.0860102,0.38640708,0.86529917,0.2207110347511292,1.9513093652488709
TX-AX1-2-CON,AX1-2,26.376803,-97.861285,20.0,1.8400000333785995,0.84063965,0.36595058,0.81949,0.021149634493255576,1.6601296655067443
TX-AX1-2-CON,AX1-2,26.376803,-97.861285,40.0,1.6699999570846498,0.50559765,0.28401574,0.6360095,0.0,1.1416071643318175
TX-AX1-2-CON,AX1-2,26.376803,-97.861285,65.0,1.55999994277954,0.37688178,0.21463881,0.48065057,0.0,0.8575323539688873
TX-AX1-2-CON,AX1-2,26.376803,-97.861285,90.0,1.45000004768371,0.24841154,0.17820603,0.39906496,0.0,0.6474764980955505
TX-AX1-3-CON,AX1-3,26.381147384643555,-97.861396,2.5,1.91999995708465,0.96672475,0.35591447,0.79701567,0.1697090830383301,1.76374041696167
TX-AX1-3-CON,AX1-3,26.381147384643555,-97.861396,7.5,1.64999997615814,0.89602953,0.34670162,0.7763849,0.11964463992050167,1.6724144200794981
TX-AX1-3-CON,AX1-3,26.381147384643555,-97.861396,20.0,1.41999995708465,0.7440825,0.33814016,0.7572128,0.0,1.5012953176689148
TX-AX1-3-CON,AX1-3,26.381147384643555,-97.861396,40.0,1.21000003814697,0.4383691,0.25489104,0.5707892,0.0,1.0091583179489136
TX-AX1-3-CON,AX1-3,26.381147384643555,-97.861396,65.0,2.13000011444091,0.36619115,0.21212807,0.47502816,0.0,0.8412193072341919
TX-AX1-3-CON,AX1-3,26.381147384643555,-97.861396,90.0,1.21000003814697,0.25321108,0.17676713,0.39584276,0.0,0.6490538408013153
TX-AX2-1-CON,AX2-1,26.372257232666016,-97.860439,2.5,1.35000002384185,0.9912713,0.36142975,0.8093663,0.18190501419906613,1.8006375858009338
TX-AX2-1-CON,AX2-1,26.372257232666016,-97.860439,7.5,1.25,0.9235448,0.36229688,0.8113081,0.11223671408157354,1.7348528859184267
TX-AX2-1-CON,AX2-1,26.372257232666016,-97.860439,20.0,1.2400000095367398,0.76239103,0.35751733,0.800605,0.0,1.562996029065399
TX-AX2-1-CON,AX2-1,26.372257232666016,-97.860439,40.0,1.15999996662139,0.44481158,0.267297,0.59857047,0.0,1.043382046041565
TX-AX2-1-CON,AX2-1,26.372257232666016,-97.860439,65.0,1.0499999523162802,0.32130253,0.20880145,0.46757868,0.0,0.7888812093231964
TX-AX2-1-CON,AX2-1,26.372257232666016,-97.860439,90.0,0.70999997854232,0.1976205,0.1510357,0.3382212,0.0,0.5358416923599243
TX-AX2-2-CON,AX2-2,26.372359,-97.854799,2.5,0.93999999761581,0.9620584,0.3502142,0.7842508,0.17780760415878294,1.7463091958412171
TX-AX2-2-CON,AX2-2,26.372359,-97.854799,7.5,0.99000000953674,0.88645643,0.3442067,0.7707979,0.11565852169387814,1.6572543383061218
TX-AX2-2-CON,AX2-2,26.372359,-97.854799,20.0,1.25,0.7084148,0.33725592,0.7552327,0.0,1.4636474917648314
TX-AX2-2-CON,AX2-2,26.372359,-97.854799,40.0,0.98000001907348,0.4065266,0.24273108,0.5435589,0.0,0.9500854955879212
TX-AX2-2-CON,AX2-2,26.372359,-97.854799,65.0,0.93000000715255,0.29060876,0.19659746,0.44024974,0.0,0.7308585010774231
TX-AX2-2-CON,AX2-2,26.372359,-97.854799,90.0,0.81999999284744,0.17327957,0.13800089,0.30903175,0.0,0.48231132473213195
TX-AX2-3-CON,AX2-3,26.372348,-97.841816,2.5,1.91999995708465,1.1796253,0.4450766,0.99668056,0.18294474227218638,2.176305857727814
TX-AX2-3-CON,AX2-3,26.372348,-97.841816,7.5,1.76999998092651,1.110539,0.4042099,0.90516585,0.20537314888381952,2.0157048511161806
TX-AX2-3-CON,AX2-3,26.372348,-97.841816,20.0,1.64999997615814,1.0105666,0.38716844,0.8670041,0.14356250349197386,1.877570696508026
TX-AX2-3-CON,AX2-3,26.372348,-97.841816,40.0,1.48000001907348,0.54602516,0.30844626,0.6907179,0.0,1.2367430359574891
TX-AX2-3-CON,AX2-3,26.372348,-97.841816,65.0,1.22000002861022,0.3830744,0.23745227,0.5317378,0.0,0.9148122044128417
TX-AX2-3-CON,AX2-3,26.372348,-97.841816,90.0,1.0900000333786,0.2500098,0.19749781,0.44226596,0.0,0.6922757575939178
TX-AX3-1-CON,AX3-1,26.449237,-97.845711,2.5,1.36000001430511,0.99138016,0.35887417,0.80364347,0.1877366949578857,1.795023625042114
TX-AX3-1-CON,AX3-1,26.449237,-97.845711,7.5,1.28999996185302,0.86807835,0.3473474,0.777831,0.09024733202896118,1.6459093679710388
TX-AX3-1-CON,AX3-1,26.449237,-97.845711,20.0,1.42999994754791,0.7336644,0.33942205,0.76008344,0.0,1.4937478369659423
TX-AX3-1-CON,AX3-1,26.449237,-97.845711,40.0,1.76999998092651,0.43443674,0.2554436,0.5720266,0.0,1.0064633503744507
TX-AX3-1-CON,AX3-1,26.449237,-97.845711,65.0,1.62999999523162,0.32525435,0.19849657,0.4445025,0.0,0.7697568526798249
TX-AX3-1-CON,AX3-1,26.449237,-97.845711,90.0,1.49000000953674,0.20588669,0.14122327,0.31624776,0.0,0.5221344512495423
TX-AX3-2-CON,AX3-2,26.45138326,-97.84310718,2.5,2.29999995231628,1.08453,0.40113205,0.89827347,0.18625653198242187,1.9828034680175781
TX-AX3-2-CON,AX3-2,26.45138326,-97.84310718,7.5,2.03999996185302,1.0528048,0.4017567,0.89967227,0.1531325301788331,1.952477069821167
TX-AX3-2-CON,AX3-2,26.45138326,-97.84310718,20.0,1.97000002861022,0.954574,0.37855217,0.8477093,0.10686470186614994,1.8022832981338501
TX-AX3-2-CON,AX3-2,26.45138326,-97.84310718,40.0,1.71000003814697,0.5351343,0.29268944,0.65543294,0.0,1.190567239529419
TX-AX3-2-CON,AX3-2,26.45138326,-97.84310718,65.0,1.63999998569488,0.34697208,0.21780403,0.48773858,0.0,0.8347106595116425
TX-AX3-2-CON,AX3-2,26.45138326,-97.84310718,90.0,1.33000004291534,0.23322776,0.17755663,0.39761075,0.0,0.630838513774643
TX-AX3-3-CON,AX3-3,26.451224,-97.842418,2.5,1.22000002861022,1.1049367,0.40458554,0.90600705,0.1989296485321046,2.0109437514678956
TX-AX3-3-CON,AX3-3,26.451224,-97.842418,7.5,1.21000003814697,1.072901,0.4017567,0.89967227,0.1732287301788331,1.972573269821167
TX-AX3-3-CON,AX3-3,26.451224,-97.842418,20.0,1.0,0.9715898,0.3808557,0.8528677,0.11872207748870844,1.8244575225112913
TX-AX3-3-CON,AX3-3,26.451224,-97.842418,40.0,0.91000002622604,0.5501627,0.298769,0.6690472,0.0,1.2192098768379211
TX-AX3-3-CON,AX3-3,26.451224,-97.842418,65.0,0.66000002622604,0.36752793,0.21780403,0.48773858,0.0,0.8552665095116425
TX-AX3-3-CON,AX3-3,26.451224,-97.842418,90.0,0.41999998688697,0.25204778,0.1822775,0.40818238,0.0,0.6602301625836182
TX-AY1-1-INT,AY1-1,26.429164,-97.87774658203124,2.5,0.93999999761581,0.97302365,0.3459716,0.7747502,0.1982734769081116,1.7477738230918884
TX-AY1-1-INT,AY1-1,26.429164,-97.87774658203124,7.5,0.87000000476837,0.8756176,0.3360141,0.75245184,0.1231657629371643,1.6280694370628357
TX-AY1-1-INT,AY1-1,26.429164,-97.87774658203124,20.0,0.63999998569488,0.6903964,0.3240415,0.725641,0.0,1.4160374121917725
TX-AY1-1-INT,AY1-1,26.429164,-97.87774658203124,40.0,0.60000002384185,0.38901296,0.23582901,0.52810276,0.0,0.9171157155465699
TX-AY1-1-INT,AY1-1,26.429164,-97.87774658203124,65.0,0.54000002145767,0.28102565,0.17213711,0.38547456,0.0,0.6665002126449585
TX-AY1-1-INT,AY1-1,26.429164,-97.87774658203124,90.0,0.3400000035762699,0.16184115,0.13274074,0.29725245,0.0,0.45909359641304015
TX-AY1-2-INT,AY1-2,26.428431,-97.876675,2.5,0.95999997854232,0.94828236,0.33887827,0.7588657,0.18941664592681884,1.707148074073181
TX-AY1-2-INT,AY1-2,26.428431,-97.876675,7.5,0.8500000238418501,0.8206645,0.32717204,0.7326514,0.08801308751296999,1.55331591248703
TX-AY1-2-INT,AY1-2,26.428431,-97.876675,20.0,0.31000000238418,0.6654892,0.31073722,0.69584817,0.0,1.3613373669425965
TX-AY1-2-INT,AY1-2,26.428431,-97.876675,40.0,0.40999999642372,0.39081752,0.23137031,0.5181182,0.0,0.9089357226863097
TX-AY1-2-INT,AY1-2,26.428431,-97.876675,65.0,0.56999999284744,0.28496507,0.1679082,0.37600458,0.0,0.6609696466830444
TX-AY1-2-INT,AY1-2,26.428431,-97.876675,90.0,0.75,0.17072377,0.12865397,0.28810075,0.0,0.4588245192542267
TX-AY1-3-INT,AY1-3,26.423498153686523,-97.878012,2.5,1.0,0.96956605,0.33896685,0.7590641,0.2105019716690063,1.7286301283309937
TX-AY1-3-INT,AY1-3,26.423498153686523,-97.878012,7.5,0.99000000953674,0.89170486,0.3315947,0.74255526,0.14914959934173588,1.634260120658264
TX-AY1-3-INT,AY1-3,26.423498153686523,-97.878012,20.0,0.8799999952316199,0.7390043,0.32671505,0.73162806,0.0073762396591186,1.4706323603408813
TX-AY1-3-INT,AY1-3,26.423498153686523,-97.878012,40.0,0.5299999713897701,0.46460062,0.24335004,0.54494494,0.0,1.0095455619975282
TX-AY1-3-INT,AY1-3,26.423498153686523,-97.878012,65.0,0.40999999642372,0.34389666,0.20022798,0.44837973,0.0,0.7922763852178192
TX-AY1-3-INT,AY1-3,26.423498153686523,-97.878012,90.0,0.37000000476837,0.21646711,0.12952195,0.29004446,0.0,0.5065115667203521
TX-AY2-1-INT,AY2-1,26.417867,-97.87735748291016,2.5,0.89999997615814,0.83831537,0.3389906,0.75911725,0.0791981243258667,1.5974326156741334
TX-AY2-1-INT,AY2-1,26.417867,-97.87735748291016,7.5,1.0499999523162802,0.74955803,0.32200122,0.72107214,0.028485892644195543,1.4706301673558044
TX-AY2-1-INT,AY2-1,26.417867,-97.87735748291016,20.0,0.7900000214576699,0.6590062,0.32143635,0.7198072,0.0,1.378813407584381
TX-AY2-1-INT,AY2-1,26.417867,-97.87735748291016,40.0,0.7900000214576699,0.39729565,0.24162322,0.54107803,0.0,0.9383736810630798
TX-AY2-1-INT,AY2-1,26.417867,-97.87735748291016,65.0,0.60000002384185,0.2821386,0.17653042,0.3953127,0.0,0.6774512966953278
TX-AY2-1-INT,AY2-1,26.417867,-97.87735748291016,90.0,0.60000002384185,0.16523583,0.1369864,0.30675995,0.0,0.4719957834988403
TX-AY2-2-INT,AY2-2,26.408338,-97.877546,2.5,0.87000000476837,0.84232724,0.34594312,0.77468634,0.06764090348266605,1.617013576517334
TX-AY2-2-INT,AY2-2,26.408338,-97.877546,7.5,1.26999998092651,0.7176532,0.33455315,0.74918026,0.0,1.466833457320404
TX-AY2-2-INT,AY2-2,26.408338,-97.877546,20.0,0.89999997615814,0.6373909,0.30386108,0.6804501,0.0,1.3178409818252563
TX-AY2-2-INT,AY2-2,26.408338,-97.877546,40.0,0.61000001430511,0.3965225,0.23469591,0.5255654,0.0,0.9220878858184814
TX-AY2-2-INT,AY2-2,26.408338,-97.877546,65.0,0.20000000298023,0.2904801,0.18886057,0.42292416,0.0,0.7134042609573364
TX-AY2-2-INT,AY2-2,26.408338,-97.877546,90.0,0.4900000095367399,0.18344334,0.13204771,0.29570052,0.0,0.4791438602770233
TX-AY2-3-INT,AY2-3,26.408107,-97.867819,2.5,0.8500000238418501,1.0007426,0.34095857,0.76352423,0.23721836570510857,1.7642668342948913
TX-AY2-3-INT,AY2-3,26.408107,-97.867819,7.5,0.97000002861022,0.89804167,0.33524725,0.75073457,0.1473071023577881,1.648776237642212
TX-AY2-3-INT,AY2-3,26.408107,-97.867819,20.0,1.1799999475479102,0.7221191,0.32628238,0.7306591,0.0,1.4527782272354126
TX-AY2-3-INT,AY2-3,26.408107,-97.867819,40.0,0.83999997377395,0.41466334,0.24065366,0.5389068,0.0,0.9535701526678466
TX-AY2-3-INT,AY2-3,26.408107,-97.867819,65.0,0.6700000166893,0.29807493,0.18486884,0.4139853,0.0,0.7120602419850159
TX-AY2-3-INT,AY2-3,26.408107,-97.867819,90.0,0.5500000119209201,0.17600887,0.12684666,0.28405356,0.0,0.46006243407165526
TX-AY3-1-INT,AY3-1,26.378011,-97.894115,2.5,0.8500000238418501,1.2531117,0.47172505,1.0563556,0.19675610441131597,2.309467295588684
TX-AY3-1-INT,AY3-1,26.378011,-97.894115,7.5,1.2400000095367398,1.1762112,0.44200048,0.989792,0.18641921067352296,2.166003189326477
TX-AY3-1-INT,AY3-1,26.378011,-97.894115,20.0,1.0900000333786,1.0681046,0.41776073,0.9355108,0.13259378581008918,2.0036154141899107
TX-AY3-1-INT,AY3-1,26.378011,-97.894115,40.0,0.73000001907348,0.54510343,0.29974714,0.6712376,0.0,1.2163410179287721
TX-AY3-1-INT,AY3-1,26.378011,-97.894115,65.0,0.6700000166893,0.37024143,0.22309269,0.49958172,0.0,0.8698231544052887
TX-AY3-1-INT,AY3-1,26.378011,-97.894115,90.0,0.47999998927116,0.22744165,0.18267052,0.4090625,0.0,0.6365041547683716
TX-AY3-2-INT,AY3-2,26.371559,-97.882158,2.5,0.91000002622604,0.99671155,0.43033692,0.9636733,0.03303825640945435,1.9603848435905458
TX-AY3-2-INT,AY3-2,26.371559,-97.882158,7.5,0.8600000143051101,0.90222716,0.42771792,0.95780843,0.0,1.8600355949632263
TX-AY3-2-INT,AY3-2,26.371559,-97.882158,20.0,1.07000005245208,0.701359,0.4109341,0.9202236,0.0,1.621582593711853
TX-AY3-2-INT,AY3-2,26.371559,-97.882158,40.0,1.01999998092651,0.3552808,0.24350522,0.54529244,0.0,0.9005732370765687
TX-AY3-2-INT,AY3-2,26.371559,-97.882158,65.0,0.75,0.25328076,0.20459966,0.45816943,0.0,0.7114501904943085
TX-AY3-2-INT,AY3-2,26.371559,-97.882158,90.0,0.56000000238418,0.1584498,0.158191,0.35424438,0.0,0.5126941811893463
TX-AY3-3-INT,AY3-3,26.371856,-97.88148498535156,2.5,0.95999997854232,0.97259575,0.3832744,0.858284,0.11431175341796873,1.8308797465820312
TX-AY3-3-INT,AY3-3,26.371856,-97.88148498535156,7.5,0.9200000166893,0.90808153,0.37784597,0.84612787,0.06195366230133059,1.7542093976986695
TX-AY3-3-INT,AY3-3,26.371856,-97.88148498535156,20.0,1.0900000333786,0.75489044,0.37723333,0.84475595,0.0,1.5996463875898743
TX-AY3-3-INT,AY3-3,26.371856,-97.88148498535156,40.0,0.75,0.41211554,0.28486633,0.6379143,0.0,1.0500298399649048
TX-AY3-3-INT,AY3-3,26.371856,-97.88148498535156,65.0,0.56000000238418,0.3000022,0.22592647,0.50592756,0.0,0.805929762713623
TX-AY3-3-INT,AY3-3,26.371856,-97.88148498535156,90.0,0.63999998569488,0.18795148,0.16734238,0.3747375,0.0,0.5626889811444091
TX-AZ1-1-STR,AZ1-1,26.442916,-97.81415557861328,2.5,1.51999998092651,0.9388032,0.36292776,0.81272084,0.12608236479110713,1.7515240352088928
TX-AZ1-1-STR,AZ1-1,26.442916,-97.81415557861328,7.5,1.37000000476837,0.8594429,0.35665977,0.79868466,0.060758243379974375,1.6581275566200255
TX-AZ1-1-STR,AZ1-1,26.442916,-97.81415557861328,20.0,1.07000005245208,0.7038184,0.3484963,0.7804038,0.0,1.4842221928581236
TX-AZ1-1-STR,AZ1-1,26.442916,-97.81415557861328,40.0,0.75,0.39693975,0.25317687,0.5669506,0.0,0.9638903692207337
TX-AZ1-1-STR,AZ1-1,26.442916,-97.81415557861328,65.0,0.0700000002980199,0.27773055,0.18747835,0.4198289,0.0,0.6975594417541504
TX-AZ1-1-STR,AZ1-1,26.442916,-97.81415557861328,90.0,0.25,0.15687907,0.13963461,0.3126902,0.0,0.4695692684214783
TX-AZ1-2-STR,AZ1-2,26.440373,-97.81413269042967,2.5,1.16999995708465,1.0107772,0.36405906,0.8152542,0.19552298857421868,1.8260314114257812
TX-AZ1-2-STR,AZ1-2,26.440373,-97.81413269042967,7.5,1.16999995708465,0.9256544,0.3603555,0.80696064,0.11869375766220092,1.732615042337799
TX-AZ1-2-STR,AZ1-2,26.440373,-97.81413269042967,20.0,0.68000000715255,0.75524956,0.34385148,0.7700024,0.0,1.5252519847169494
TX-AZ1-2-STR,AZ1-2,26.440373,-97.81413269042967,40.0,0.31999999284744,0.39565024,0.24233776,0.5426781,0.0,0.9383283577520751
TX-AZ1-2-STR,AZ1-2,26.440373,-97.81413269042967,65.0,0.3400000035762699,0.271382,0.1772075,0.39682892,0.0,0.6682109196491242
TX-AZ1-2-STR,AZ1-2,26.440373,-97.81413269042967,90.0,0.31999999284744,0.15577291,0.12977763,0.29061702,0.0,0.44638992893806456
TX-AZ1-3-STR,AZ1-3,26.441953659057617,-97.814157,2.5,0.8799999952316199,1.0115443,0.36724764,0.82239455,0.18914975015335078,1.8339388498466491
TX-AZ1-3-STR,AZ1-3,26.441953659057617,-97.814157,7.5,0.60000002384185,0.9292066,0.3635354,0.81408155,0.11512505035552978,1.7432881496444703
TX-AZ1-3-STR,AZ1-3,26.441953659057617,-97.814157,20.0,0.87000000476837,0.7532401,0.352566,0.7895173,0.0,1.5427573834396362
TX-AZ1-3-STR,AZ1-3,26.441953659057617,-97.814157,40.0,0.47999998927116,0.39693975,0.25317687,0.5669506,0.0,0.9638903692207337
TX-AZ1-3-STR,AZ1-3,26.441953659057617,-97.814157,65.0,0.33000001311302,0.28077024,0.18747835,0.4198289,0.0,0.7005991317541505
TX-AZ1-3-STR,AZ1-3,26.441953659057617,-97.814157,90.0,0.1400000005960399,0.1609822,0.13963461,0.3126902,0.0,0.47367239842147824
TX-AZ2-1-STR,AZ2-1,26.35834312438965,-97.857232,2.5,0.8600000143051101,1.0428343,0.5421114,1.213975,0.0,2.256809252697754
TX-AZ2-1-STR,AZ2-1,26.35834312438965,-97.857232,7.5,0.6999999880790699,1.0626858,0.5427989,1.2155145,0.0,2.278200340672302
TX-AZ2-1-STR,AZ2-1,26.35834312438965,-97.857232,20.0,0.76999998092651,0.98910344,0.5429909,1.2159445,0.0,2.205047968579712
TX-AZ2-1-STR,AZ2-1,26.35834312438965,-97.857232,40.0,0.37000000476837,0.6686615,0.4683148,1.0487189,0.0,1.7173804292907715
TX-AZ2-1-STR,AZ2-1,26.35834312438965,-97.857232,65.0,0.28999999165534,0.45889473,0.3771269,0.84451765,0.0,1.3034123782200622
TX-AZ2-1-STR,AZ2-1,26.35834312438965,-97.857232,90.0,0.10999999940395,0.2910556,0.3129803,0.70087117,0.0,0.9919267695671081
TX-AZ2-2-STR,AZ2-2,26.358388,-97.846311,2.5,0.94999998807907,1.0781345,0.38556814,0.8634205,0.21471401354980468,1.9415549864501953
TX-AZ2-2-STR,AZ2-2,26.358388,-97.846311,7.5,0.81999999284744,1.0020876,0.3506396,0.7852034,0.21688420272598274,1.7872909972740174
TX-AZ2-2-STR,AZ2-2,26.358388,-97.846311,20.0,0.74000000953674,0.9748194,0.37780926,0.8460457,0.12877372710647583,1.820865072893524
TX-AZ2-2-STR,AZ2-2,26.358388,-97.846311,40.0,0.47999998927116,0.56812125,0.3119534,0.6985716,0.0,1.2666928723716735
TX-AZ2-2-STR,AZ2-2,26.358388,-97.846311,65.0,0.3600000143051099,0.38429204,0.22540075,0.50475025,0.0,0.8890422917700196
TX-AZ2-2-STR,AZ2-2,26.358388,-97.846311,90.0,0.23000000417232,0.25634766,0.18583539,0.41614974,0.0,0.6724973954507446
TX-AZ2-3-STR,AZ2-3,26.365039825439453,-97.85823822021484,2.5,1.11000001430511,1.308231,0.5190863,1.1624138,0.14581716447448723,2.470644835525513
TX-AZ2-3-STR,AZ2-3,26.365039825439453,-97.85823822021484,7.5,1.19000005722045,1.2435089,0.47365856,1.0606854,0.1828235038055419,2.304194296194458
TX-AZ2-3-STR,AZ2-3,26.365039825439453,-97.85823822021484,20.0,0.89999997615814,1.1426595,0.5132521,1.149349,0.0,2.292008474227905
TX-AZ2-3-STR,AZ2-3,26.365039825439453,-97.85823822021484,40.0,0.97000002861022,0.64151937,0.35341027,0.7914079,0.0,1.432927253167267
TX-AZ2-3-STR,AZ2-3,26.365039825439453,-97.85823822021484,65.0,0.75,0.43731928,0.29747623,0.66615224,0.0,1.1034715188458253
TX-AZ2-3-STR,AZ2-3,26.365039825439453,-97.85823822021484,90.0,0.6200000047683699,0.28955397,0.21814308,0.48849782,0.0,0.7780517934767914
TX-AZ3-1-STR,AZ3-1,26.389298,-97.852623,2.5,1.36000001430511,1.0514661,0.43969783,0.9846356,0.06683050849304206,2.036101691506958
TX-AZ3-1-STR,AZ3-1,26.389298,-97.852623,7.5,1.0499999523162802,1.0075748,0.42406893,0.94963706,0.0579377446029663,1.9572118553970337
TX-AZ3-1-STR,AZ3-1,26.389298,-97.852623,20.0,1.08000004291534,0.81031334,0.42085418,0.9424381,0.0,1.7527514656103516
TX-AZ3-1-STR,AZ3-1,26.389298,-97.852623,40.0,0.73000001907348,0.45823225,0.2997305,0.67120034,0.0,1.1294325850257874
TX-AZ3-1-STR,AZ3-1,26.389298,-97.852623,65.0,0.75,0.28463975,0.21271099,0.4763335,0.0,0.7609732489547729
TX-AZ3-1-STR,AZ3-1,26.389298,-97.852623,90.0,0.60000002384185,0.20513497,0.17340711,0.3883185,0.0,0.5934534788634491
TX-AZ3-2-STR,AZ3-2,26.387731,-97.852666,2.5,1.23000001907348,1.220678,0.47786173,1.0700978,0.1505801959304809,2.290775804069519
TX-AZ3-2-STR,AZ3-2,26.387731,-97.852666,7.5,0.87000000476837,1.1158057,0.4567367,1.0227915,0.09301419514007558,2.1385972048599244
TX-AZ3-2-STR,AZ3-2,26.387731,-97.852666,20.0,0.81999999284744,0.7120357,0.3770267,0.84429324,0.0,1.5563289367324828
TX-AZ3-2-STR,AZ3-2,26.387731,-97.852666,40.0,0.6200000047683699,0.40327066,0.26906216,0.60252327,0.0,1.0057939272691345
TX-AZ3-2-STR,AZ3-2,26.387731,-97.852666,65.0,0.3600000143051099,0.26458523,0.20100968,0.45013022,0.0,0.7147154542279053
TX-AZ3-2-STR,AZ3-2,26.387731,-97.852666,90.0,0.3000000119209199,0.18388163,0.16208504,0.36296448,0.0,0.5468461111153412
TX-AZ3-3-STR,AZ3-3,26.38783264160156,-97.849146,2.5,1.15999996662139,1.0019355,0.4068411,0.911058,0.0908774913291932,1.912993508670807
TX-AZ3-3-STR,AZ3-3,26.38783264160156,-97.849146,7.5,0.98000001907348,0.978519,0.4204474,0.94152725,0.036991752571105985,1.920046247428894
TX-AZ3-3-STR,AZ3-3,26.38783264160156,-97.849146,20.0,0.8600000143051101,0.6665232,0.3646789,0.8166422,0.0,1.4831654247886656
TX-AZ3-3-STR,AZ3-3,26.38783264160156,-97.849146,40.0,1.28999996185302,0.38830855,0.27168557,0.608398,0.0,0.9967065702674865
TX-AZ3-3-STR,AZ3-3,26.38783264160156,-97.849146,65.0,0.57999998331069,0.25110185,0.20393282,0.45667616,0.0,0.7077780053287506
TX-AZ3-3-STR,AZ3-3,26.38783264160156,-97.849146,90.0,0.3400000035762699,0.16122322,0.15754986,0.35280865,0.0,0.5140318743083191
TX-AR2-1-REF,AR2-1,26.309165954589844,-98.203663,2.5,0.97000002861022,1.5516363,0.75054324,1.680726,0.0,3.2323623513305666
TX-AR2-1-REF,AR2-1,26.309165954589844,-98.203663,7.5,0.97000002861022,1.3442621,0.6894744,1.5439718,0.0,2.88823387696228
TX-AR2-1-REF,AR2-1,26.309165954589844,-98.203663,20.0,0.57999998331069,0.7813357,0.40269637,0.9017765,0.0,1.6831121925956727
TX-AR2-1-REF,AR2-1,26.309165954589844,-98.203663,40.0,0.89999997615814,0.49924827,0.29581305,0.6624278,0.0,1.1616760530123902
TX-AR2-1-REF,AR2-1,26.309165954589844,-98.203663,65.0,0.58999997377395,0.38998502,0.2521138,0.56457,0.0,0.9545550297084046
TX-AR2-1-REF,AR2-1,26.309165954589844,-98.203663,90.0,0.38999998569488,0.28512296,0.18893175,0.42308357,0.0,0.7082065335797882
TX-AR2-2-REF,AR2-2,26.30907954,-98.20307159423828,2.5,1.33000004291534,1.6080579,0.79019916,1.7695293,0.0,3.377587242651367
TX-AR2-2-REF,AR2-2,26.30907954,-98.20307159423828,7.5,1.14999997615814,1.3791019,0.70127064,1.5703876,0.0,2.949489501852417
TX-AR2-2-REF,AR2-2,26.30907954,-98.20307159423828,20.0,1.39999997615814,0.82068115,0.42236835,0.94582886,0.0,1.7665100050376892
TX-AR2-2-REF,AR2-2,26.30907954,-98.20307159423828,40.0,0.87000000476837,0.49933296,0.3070102,0.6875021,0.0,1.1868350461625672
TX-AR2-2-REF,AR2-2,26.30907954,-98.20307159423828,65.0,0.7200000286102199,0.39212888,0.2641165,0.59144825,0.0,0.9835771274327088
TX-AR2-2-REF,AR2-2,26.30907954,-98.20307159423828,90.0,0.6999999880790699,0.28710508,0.19920534,0.44608968,0.0,0.7331947649632263
TX-AR2-3-REF,AR2-3,26.3089599609375,-98.202272,2.5,2.78999996185302,1.6080579,0.79019916,1.7695293,0.0,3.377587242651367
TX-AR2-3-REF,AR2-3,26.3089599609375,-98.202272,7.5,2.03999996185302,1.3791019,0.70127064,1.5703876,0.0,2.949489501852417
TX-AR2-3-REF,AR2-3,26.3089599609375,-98.202272,20.0,0.91000002622604,0.82068115,0.42236835,0.94582886,0.0,1.7665100050376892
TX-AR2-3-REF,AR2-3,26.3089599609375,-98.202272,40.0,0.43000000715255,0.49933296,0.3070102,0.6875021,0.0,1.1868350461625672
TX-AR2-3-REF,AR2-3,26.3089599609375,-98.202272,65.0,0.89999997615814,0.39212888,0.2641165,0.59144825,0.0,0.9835771274327088
TX-AR2-3-REF,AR2-3,26.3089599609375,-98.202272,90.0,0.73000001907348,0.28710508,0.19920534,0.44608968,0.0,0.7331947649632263
TX-AR3-1-REF,AR3-1,26.425935745239254,-97.865571,2.5,3.17000007629394,1.5510793,0.79340017,1.7766975,0.0,3.3277768164413453
TX-AR3-1-REF,AR3-1,26.425935745239254,-97.865571,7.5,2.16000008583068,1.3202462,0.6918055,1.5491918,0.0,2.869438032542419
TX-AR3-1-REF,AR3-1,26.425935745239254,-97.865571,20.0,3.4700000286102197,0.7858058,0.43922365,0.98357373,0.0,1.7693795347602843
TX-AR3-1-REF,AR3-1,26.425935745239254,-97.865571,40.0,2.38000011444091,0.41212475,0.2940684,0.6585209,0.0,1.0706456273612976
TX-AR3-1-REF,AR3-1,26.425935745239254,-97.865571,65.0,1.15999996662139,0.29784173,0.23021643,0.5155342,0.0,0.8133759521260071
TX-AR3-1-REF,AR3-1,26.425935745239254,-97.865571,90.0,1.11000001430511,0.2009531,0.17447492,0.39070973,0.0,0.5916628280025482
TX-AR3-2-REF,AR3-2,26.425750732421875,-97.86554718017578,2.5,3.45000004768371,1.6369658,0.73076504,1.6364357,0.0005300528533935811,3.2734015471466065
TX-AR3-2-REF,AR3-2,26.425750732421875,-97.86554718017578,7.5,1.90999996662139,1.3643929,0.6202898,1.3890435,0.0,2.7534363503555297
TX-AR3-2-REF,AR3-2,26.425750732421875,-97.86554718017578,20.0,1.39999997615814,0.83493453,0.42047456,0.94158804,0.0,1.776522574166565
TX-AR3-2-REF,AR3-2,26.425750732421875,-97.86554718017578,40.0,1.02999997138977,0.46352574,0.28031704,0.62772685,0.0,1.0912525928938295
TX-AR3-2-REF,AR3-2,26.425750732421875,-97.86554718017578,65.0,0.43000000715255,0.3399251,0.23370552,0.52334756,0.0,0.8632726565910339
TX-AR3-2-REF,AR3-2,26.425750732421875,-97.86554718017578,90.0,0.6200000047683699,0.22505033,0.19293262,0.4320429,0.0,0.6570932267475891
TX-AR3-3-REF,AR3-3,26.425912,-97.863987,2.5,8.82999992370605,1.54407,0.6194018,1.387055,0.1570149605941773,2.931125039405823
TX-AR3-3-REF,AR3-3,26.425912,-97.863987,7.5,2.9300000667572,1.3540628,0.5691114,1.2744374,0.07962537247924795,2.628500227520752
TX-AR3-3-REF,AR3-3,26.425912,-97.863987,20.0,2.5799999237060502,0.83044624,0.3906518,0.87480456,0.0,1.7052507963697816
TX-AR3-3-REF,AR3-3,26.425912,-97.863987,40.0,1.45000004768371,0.43842888,0.2677434,0.59957016,0.0,1.0379990351437378
TX-AR3-3-REF,AR3-3,26.425912,-97.863987,65.0,0.56999999284744,0.30622062,0.20807706,0.46595654,0.0,0.7721771589156341
TX-AR3-3-REF,AR3-3,26.425912,-97.863987,90.0,0.2199999988079,0.19715866,0.15034595,0.3366766,0.0,0.5338352575952149
S2020CT013001,PaN1-1,41.797167,-72.22985076904297,2.5,7.031554344,4.555127,1.2686704,2.8409922,1.7141347877044675,7.396119212295532
S2020CT013001,PaN1-1,41.797167,-72.22985076904297,7.5,3.964311551,3.918238,1.1690323,2.617868,1.3003700533752443,6.536105946624756
S2020CT013001,PaN1-1,41.797167,-72.22985076904297,16.5,4.056773071,1.9278541,0.67303365,1.5071553,0.42069880081329347,3.435009399186707
S2020CT013001,PaN1-1,41.797167,-72.22985076904297,36.0,0.91268098354339,0.8746923,0.45042887,1.0086662,0.0,1.8833584577224731
S2020CT013001,PaN1-1,41.797167,-72.22985076904297,62.5,0.696030744,0.39134216,0.21694484,0.48581457,0.0,0.8771567313806152
S2020CT013001,PaN1-1,41.797167,-72.22985076904297,83.0,0.250600667,0.31077734,0.17711183,0.39661467,0.0,0.707392010753479
S2020CT013001,PaN1-1,41.797167,-72.22985076904297,101.5,0.0,0.25091177,0.15811929,0.3540838,0.0,0.6049955762763214
S2020CT013002,PaT1-1,41.79724884033203,-72.229722,2.5,3.237992445,4.555127,1.2686704,2.8409922,1.7141347877044675,7.396119212295532
S2020CT013002,PaT1-1,41.79724884033203,-72.229722,7.5,2.337853183,3.918238,1.1690323,2.617868,1.3003700533752443,6.536105946624756
S2020CT013002,PaT1-1,41.79724884033203,-72.229722,17.0,2.34364884099999,1.9278541,0.67303365,1.5071553,0.42069880081329347,3.435009399186707
S2020CT013002,PaT1-1,41.79724884033203,-72.229722,31.0,0.70616603499999,1.1118608,0.52721155,1.1806091,0.0,2.292469907017517
S2020CT013002,PaT1-1,41.79724884033203,-72.229722,45.0,0.608638077,0.71852297,0.38102463,0.853246,0.0,1.5717689435870361
S2020CT013002,PaT1-1,41.79724884033203,-72.229722,62.0,0.423149367,0.39620513,0.21694484,0.48581457,0.0,0.8820197013806153
S2020CT013002,PaT1-1,41.79724884033203,-72.229722,94.0,0.213025745,0.26089126,0.16024797,0.35885066,0.0,0.6197419179399108
S2020CT013003,PaT1-2,41.797389,-72.2300556,2.5,3.335775061,4.555127,1.2686704,2.8409922,1.7141347877044675,7.396119212295532
S2020CT013003,PaT1-2,41.797389,-72.2300556,7.5,2.496328928,3.918238,1.1690323,2.617868,1.3003700533752443,6.536105946624756
S2020CT013003,PaT1-2,41.797389,-72.2300556,19.5,2.193573979,1.7200874,0.61873966,1.3855722,0.33451520494689935,3.1056595950531003
S2020CT013003,PaT1-2,41.797389,-72.2300556,34.5,0.618046972,1.006313,0.47766528,1.0696578,0.0,2.075970802581787
S2020CT013003,PaT1-2,41.797389,-72.2300556,56.5,0.252476742,0.45847282,0.24052021,0.53860795,0.0,0.9970807749789429
S2020CT013003,PaT1-2,41.797389,-72.2300556,80.0,0.166794631,0.31077734,0.17711183,0.39661467,0.0,0.707392010753479
S2020CT013003,PaT1-2,41.797389,-72.2300556,101.0,0.13767209,0.25091177,0.15811929,0.3540838,0.0,0.6049955762763214
S2020CT013004,PaN1-2,41.7975278,-72.2302474975586,2.5,3.909415971,4.555127,1.2686704,2.8409922,1.7141347877044675,7.396119212295532
S2020CT013004,PaN1-2,41.7975278,-72.2302474975586,7.5,3.20750435,3.918238,1.1690323,2.617868,1.3003700533752443,6.536105946624756
S2020CT013004,PaN1-2,41.7975278,-72.2302474975586,16.0,2.88691415899999,2.1349666,0.7144046,1.599799,0.5351675630203245,3.734765636979675
S2020CT013004,PaN1-2,41.7975278,-72.2302474975586,28.0,0.785478365,1.3059736,0.5799398,1.2986858,0.0072878108917235895,2.604659389108276
S2020CT013004,PaN1-2,41.7975278,-72.2302474975586,48.5,0.4591418419999999,0.61062104,0.31478015,0.7049017,0.0,1.3155227352514647
S2020CT013004,PaN1-2,41.7975278,-72.2302474975586,83.5,0.2700636939999999,0.31077734,0.17711183,0.39661467,0.0,0.707392010753479
S2020CT013006,PaN1-3,41.79774856567383,-72.2305556,2.5,4.73296816199999,4.555127,1.2686704,2.8409922,1.7141347877044675,7.396119212295532
S2020CT013006,PaN1-3,41.79774856567383,-72.2305556,7.5,3.208573464,3.918238,1.1690323,2.617868,1.3003700533752443,6.536105946624756
S2020CT013006,PaN1-3,41.79774856567383,-72.2305556,19.0,3.190376569,1.7456229,0.61571854,1.3788068,0.36681607054748544,3.1244297294525145
S2020CT013006,PaN1-3,41.79774856567383,-72.2305556,29.5,0.910741875,1.176114,0.5677893,1.2714767,0.0,2.447590745605469
S2020CT013006,PaN1-3,41.79774856567383,-72.2305556,48.0,0.405053037,0.62577754,0.32369614,0.72486764,0.0,1.3506451819258118
S2020CT013006,PaN1-3,41.79774856567383,-72.2305556,70.5,0.248381755,0.35738277,0.1902863,0.42611685,0.0,0.7834996239524079
S2020CT013006,PaN1-3,41.79774856567383,-72.2305556,93.0,0.2089194689999999,0.26089126,0.16024797,0.35885066,0.0,0.6197419179399108
S2020CT013005,PaT1-3,41.7975833,-72.2303333,2.5,2.805161836,4.555127,1.2686704,2.8409922,1.7141347877044675,7.396119212295532
S2020CT013005,PaT1-3,41.7975833,-72.2303333,7.5,1.793886891,3.918238,1.1690323,2.617868,1.3003700533752443,6.536105946624756
S2020CT013005,PaT1-3,41.7975833,-72.2303333,17.5,1.6644052459999998,1.9278541,0.67303365,1.5071553,0.42069880081329347,3.435009399186707
S2020CT013005,PaT1-3,41.7975833,-72.2303333,28.0,0.657202944,1.3059736,0.5799398,1.2986858,0.0072878108917235895,2.604659389108276
S2020CT013005,PaT1-3,41.7975833,-72.2303333,46.0,0.275113774,0.6765863,0.3603286,0.80690044,0.0,1.4834867416465758
S2020CT013005,PaT1-3,41.7975833,-72.2303333,76.0,0.219489621,0.32723996,0.17711183,0.39661467,0.0,0.723854630753479
S2020CT013005,PaT1-3,41.7975833,-72.2303333,101.5,0.206026268,0.25091177,0.15811929,0.3540838,0.0,0.6049955762763214
S2020CT013007,PaM1-1,41.8184833,-72.2374496459961,2.5,6.721915284999989,5.8158765,1.914077,4.2862806,1.529595867980957,10.102157132019043
S2020CT013007,PaM1-1,41.8184833,-72.2374496459961,7.5,1.7376337039999998,4.654929,1.9145589,4.2873597,0.36756928549194345,8.942288714508056
S2020CT013007,PaM1-1,41.8184833,-72.2374496459961,16.0,0.808262236,2.5934277,1.1378665,2.5480769,0.045350831942748915,5.14150456805725
S2020CT013008,PaM1-2,41.81850051879883,-72.2377833,2.5,5.030954708,5.8158765,1.914077,4.2862806,1.529595867980957,10.102157132019043
S2020CT013008,PaM1-2,41.81850051879883,-72.2377833,7.5,5.345057977,4.654929,1.9145589,4.2873597,0.36756928549194345,8.942288714508056
S2020CT013008,PaM1-2,41.81850051879883,-72.2377833,21.0,1.565592414,2.1010613,0.9382593,2.1010873,0.0,4.20214863177185
S2020CT013008,PaM1-2,41.81850051879883,-72.2377833,41.0,0.587295329,0.8909906,0.51303583,1.1488647,0.0,2.03985534609375
S2020CT013008,PaM1-2,41.81850051879883,-72.2377833,63.5,0.35386000499999,0.492985,0.33515424,0.7505263,0.0,1.2435113090133667
S2020CT013008,PaM1-2,41.81850051879883,-72.2377833,90.0,0.276627219,0.36142004,0.24269302,0.54347366,0.0,0.9048937009458924
S2020CT013009,PaU1-1,41.8184333,-72.2388333,2.5,10.77628316,5.0276036,1.5977119,3.5778298,1.4497737622009277,8.605433437799071
S2020CT013009,PaU1-1,41.8184333,-72.2388333,7.5,6.469539688,3.9996748,1.4856659,3.32692,0.6727547674987795,7.326594832501221
S2020CT013009,PaU1-1,41.8184333,-72.2388333,17.0,4.54304060299999,2.0501819,0.85061735,1.9048266,0.14535525891723644,3.955008541082764
S2020CT013009,PaU1-1,41.8184333,-72.2388333,30.0,1.207888611,1.1405357,0.60316765,1.3507011,0.0,2.491236793673706
S2020CT013009,PaU1-1,41.8184333,-72.2388333,53.0,0.49210928199999,0.4741701,0.28597566,0.64039844,0.0,1.1145685427452088
S2020CT013009,PaU1-1,41.8184333,-72.2388333,83.5,0.278990781,0.30385944,0.21593614,0.48355573,0.0,0.7874151741575622
S2020CT013009,PaU1-1,41.8184333,-72.2388333,103.5,0.2752313939999999,0.26479855,0.19738661,0.44201693,0.0,0.7068154793880463
S2020CT013010,PaU1-2,41.818491,-72.238939,2.5,10.14722681,5.0276036,1.5977119,3.5778298,1.4497737622009277,8.605433437799071
S2020CT013010,PaU1-2,41.818491,-72.238939,7.5,6.609356507,3.9996748,1.4856659,3.32692,0.6727547674987795,7.326594832501221
S2020CT013010,PaU1-2,41.818491,-72.238939,12.0,5.18967881299999,2.749028,1.2056452,2.6998568,0.049171241882324246,5.448884758117676
S2020CT013010,PaU1-2,41.818491,-72.238939,22.5,0.948840849,1.7394263,0.74916595,1.6776417,0.06178455061798105,3.417068049382019
S2020CT013010,PaU1-2,41.818491,-72.238939,44.5,0.475505136,0.6808636,0.42281234,0.9468231,0.0,1.6276867201171874
S2020CT013011,PaM2-1,41.8207833,-72.25135040283203,2.5,8.747855917999999,5.63773,1.6462504,3.6865242,1.951205847244263,9.324254152755739
S2020CT013011,PaM2-1,41.8207833,-72.25135040283203,7.5,2.805649042,4.4117384,1.6239747,3.6366413,0.775097136038208,8.048379663961793
S2020CT013011,PaM2-1,41.8207833,-72.25135040283203,16.5,1.7193932589999998,2.166611,0.8806628,1.9721087,0.1945022782669068,4.138719721733093
S2020CT013011,PaM2-1,41.8207833,-72.25135040283203,37.5,0.498345573,0.8320002,0.49228138,1.1023884,0.0,1.9343885819580078
S2020CT013011,PaM2-1,41.8207833,-72.25135040283203,56.5,0.355003811,0.50776774,0.3339385,0.74780387,0.0,1.2555716068632508
S2020CT013011,PaM2-1,41.8207833,-72.25135040283203,71.0,0.227165749,0.40775293,0.2672509,0.59846723,0.0,1.006220160796814
S2020CT013011,PaM2-1,41.8207833,-72.25135040283203,89.5,0.2410333529999999,0.31996188,0.22579974,0.5056437,0.0,0.8256056053952026
S2020CT013012,PaM2-2,41.82099914550781,-72.2543056,2.5,8.877070975999999,5.45644,1.6272113,3.6438892,1.8125508112335202,9.10032918876648
S2020CT013012,PaM2-2,41.82099914550781,-72.2543056,7.5,2.414188239,4.4714646,1.6310745,3.6525402,0.8189243930908203,8.12400480690918
S2020CT013012,PaM2-2,41.82099914550781,-72.2543056,14.5,1.59431540966033,2.396737,0.9532489,2.1346543,0.2620827164764403,4.5313912835235595
S2020CT013012,PaM2-2,41.82099914550781,-72.2543056,26.5,0.777297209,1.2865609,0.62645763,1.4028554,0.0,2.689416296270752
S2020CT013012,PaM2-2,41.82099914550781,-72.2543056,41.5,0.529595599,0.6683244,0.39661267,0.888153,0.0,1.5564774165672302
S2020CT013012,PaM2-2,41.82099914550781,-72.2543056,58.0,0.341156403,0.38204232,0.22009641,0.49287203,0.0,0.874914349542923
S2020CT013013,PaU2-1,41.8216111,-72.2532778,2.5,19.45659489,6.006321,1.7804106,3.9869554,2.0193655957183836,9.993276404281616
S2020CT013013,PaU2-1,41.8216111,-72.2532778,7.5,5.857052498,4.7641506,1.7761233,3.9773545,0.7867960734802244,8.741505126519776
S2020CT013013,PaU2-1,41.8216111,-72.2532778,17.5,3.314152209,2.2960608,0.9552768,2.1391952,0.15686559621887186,4.435256003781127
S2020CT013013,PaU2-1,41.8216111,-72.2532778,36.0,0.895834511,0.95741814,0.5321036,1.1915641,0.0,2.1489822230993654
S2020CT013013,PaU2-1,41.8216111,-72.2532778,56.5,0.52151594599999,0.48787156,0.30818412,0.6901309,0.0,1.1780024494157408
S2020CT013013,PaU2-1,41.8216111,-72.2532778,76.5,0.3944773179999999,0.34772706,0.23135394,0.51808155,0.0,0.8658086058297729
S2020CT013013,PaU2-1,41.8216111,-72.2532778,103.5,0.282204515,0.2826504,0.1970706,0.44130927,0.0,0.7239596732429505
S2020CT013014,PaU2-2,41.82161667,-72.25332641601562,2.5,9.251728345,6.006321,1.7804106,3.9869554,2.0193655957183836,9.993276404281616
S2020CT013014,PaU2-2,41.82161667,-72.25332641601562,7.5,3.753917667,4.7641506,1.7761233,3.9773545,0.7867960734802244,8.741505126519776
S2020CT013014,PaU2-2,41.82161667,-72.25332641601562,16.5,3.130043319,2.2960608,0.9552768,2.1391952,0.15686559621887186,4.435256003781127
S2020CT013014,PaU2-2,41.82161667,-72.25332641601562,30.0,1.056321996,1.279819,0.66741866,1.4945813,0.0,2.774400341743469
S2020CT013014,PaU2-2,41.82161667,-72.25332641601562,41.5,0.726544751,0.7788441,0.44392368,0.9940987,0.0,1.772942822934723
S2020CT013014,PaU2-2,41.82161667,-72.25332641601562,53.0,0.470811977,0.5172056,0.3263233,0.7307508,0.0,1.2479563991790772
S2020CT013015,PaL1-1,41.7995278,-72.188333,2.5,3.792445631,5.8828664,2.0056293,4.491298,1.391568201300049,10.374164598699952
S2020CT013015,PaL1-1,41.7995278,-72.188333,7.5,1.829307158,4.4786286,1.9218264,4.303634,0.1749944332824711,8.78226276671753
S2020CT013015,PaL1-1,41.7995278,-72.188333,19.0,2.6390568319999996,2.1648798,0.95225203,2.1324217,0.03245806805114748,4.297301531948852
S2020CT013015,PaL1-1,41.7995278,-72.188333,36.0,0.6838367359999901,0.94235694,0.55271256,1.2377146,0.0,2.180071588246765
S2020CT013015,PaL1-1,41.7995278,-72.188333,59.0,0.328016852,0.45344278,0.29563794,0.66203564,0.0,1.1154784240544129
S2020CT013015,PaL1-1,41.7995278,-72.188333,84.0,0.303083163,0.34599832,0.23802967,0.5330308,0.0,0.8790291279719544
S2020CT013015,PaL1-1,41.7995278,-72.188333,103.0,0.209386168,0.30429527,0.224756,0.50330645,0.0,0.8076017184596253
S2020CT013016,PaL1-2,41.7995556,-72.18838889,2.5,5.884748524,5.8828664,2.0056293,4.491298,1.391568201300049,10.374164598699952
S2020CT013016,PaL1-2,41.7995556,-72.18838889,7.5,3.938851398,4.4786286,1.9218264,4.303634,0.1749944332824711,8.78226276671753
S2020CT013016,PaL1-2,41.7995556,-72.18838889,17.0,3.14162539,2.3404777,1.0412983,2.3318272,0.008650536303711043,4.672304863696289
S2020CT013016,PaL1-2,41.7995556,-72.18838889,32.0,0.795029977,1.1650071,0.641396,1.4363075,0.0,2.6013146494766235
S2020CT013016,PaL1-2,41.7995556,-72.18838889,48.5,0.528499763,0.65388024,0.38430053,0.8605819,0.0,1.514462114847412
S2020CT013017,PaL2-1,41.800011,-72.189595,2.5,5.998677646,6.0083194,1.9572238,4.382901,1.6254182082885746,10.391220591711427
S2020CT013017,PaL2-1,41.800011,-72.189595,7.5,2.55288761899999,4.661655,1.9008876,4.2567453,0.40490966156005825,8.918400338439941
S2020CT013017,PaL2-1,41.800011,-72.189595,27.0,1.487573099,1.4847873,0.72536504,1.6243433,0.0,3.1091305760238646
S2020CT013017,PaL2-1,41.800011,-72.189595,47.5,0.511138236,0.711841,0.4494925,1.0065693,0.0,1.7184102663192748
S2020CT013017,PaL2-1,41.800011,-72.189595,62.0,0.396488806,0.46116856,0.3004394,0.6727877,0.0,1.1339562859254455
S2020CT013017,PaL2-1,41.800011,-72.189595,88.0,0.14923554899999,0.3407553,0.24261756,0.5433047,0.0,0.8840599817779541
S2020CT013018,PaL2-2,41.8000602722168,-72.18949890136719,2.5,3.002090063,6.0083194,1.9572238,4.382901,1.6254182082885746,10.391220591711427
S2020CT013018,PaL2-2,41.8000602722168,-72.18949890136719,7.5,2.458639706,4.661655,1.9008876,4.2567453,0.40490966156005825,8.918400338439941
S2020CT013018,PaL2-2,41.8000602722168,-72.18949890136719,19.5,1.585302854,2.0968914,0.9325388,2.088277,0.008614298483276439,4.185168501516724
S2020CT013018,PaL2-2,41.8000602722168,-72.18949890136719,36.5,1.721872947,0.9512065,0.56196374,1.2584313,0.0,2.209637815422058
S2020CT013018,PaL2-2,41.8000602722168,-72.18949890136719,52.0,0.664276677,0.60043645,0.37828648,0.8471143,0.0,1.4475507745697023
S2020CT015004,PaH1-1,41.96549987792969,-71.9745277,2.5,4.23735408599999,2.8630881,0.9550191,2.1386182,0.724469869180298,5.001706330819703
S2020CT015004,PaH1-1,41.96549987792969,-71.9745277,7.5,2.94490492399999,2.7789772,0.955382,2.1394308,0.6395464386627197,4.91840796133728
S2020CT015004,PaH1-1,41.96549987792969,-71.9745277,21.5,2.252333094,1.878753,0.63478243,1.4214975,0.4572555358200072,3.3002504641799923
S2020CT015004,PaH1-1,41.96549987792969,-71.9745277,42.5,0.693876897,0.65985185,0.36737138,0.82267165,0.0,1.4825235018402099
S2020CT015004,PaH1-1,41.96549987792969,-71.9745277,62.5,0.4872179259999999,0.3518912,0.1911037,0.4279473,0.0,0.7798385125934602
S2020CT015004,PaH1-1,41.96549987792969,-71.9745277,86.0,0.2692011869999999,0.24629532,0.15308964,0.34282067,0.0,0.5891159941809845
S2020CT015005,PaH1-2,41.96552778,-71.9745556,2.5,3.835557236,2.8630881,0.9550191,2.1386182,0.724469869180298,5.001706330819703
S2020CT015005,PaH1-2,41.96552778,-71.9745556,7.5,3.384569908,2.7789772,0.955382,2.1394308,0.6395464386627197,4.91840796133728
S2020CT015005,PaH1-2,41.96552778,-71.9745556,19.0,2.383247174,2.0600476,0.6712303,1.503117,0.5569306347061156,3.563164565293884
S2020CT015005,PaH1-2,41.96552778,-71.9745556,35.5,0.706508901,0.9134857,0.4671374,1.0460823,0.0,1.9595679582244871
S2020CT015005,PaH1-2,41.96552778,-71.9745556,58.0,0.552285444,0.38039842,0.19493793,0.43653348,0.0,0.8169319008826447
S2020CT015001,PaN2-1,41.9655556,-71.9746667,2.5,2.573148752,2.843492,0.9550191,2.1386182,0.7048737691802978,4.982110230819702
S2020CT015001,PaN2-1,41.9655556,-71.9746667,7.5,2.155375584,2.767939,0.955382,2.1394308,0.6285082386627199,4.90736976133728
S2020CT015001,PaN2-1,41.9655556,-71.9746667,25.0,1.665478825,1.5113102,0.56962496,1.2755874,0.2357227604629517,2.7868976395370484
S2020CT015001,PaN2-1,41.9655556,-71.9746667,44.5,0.698546533,0.65993613,0.36737138,0.82267165,0.0,1.48260778184021
S2020CT015001,PaN2-1,41.9655556,-71.9746667,70.5,0.458093309,0.3230454,0.17893466,0.40069664,0.0,0.7237420352462769
S2020CT015001,PaN2-1,41.9655556,-71.9746667,97.0,0.215061047,0.24063954,0.15308964,0.34282067,0.0,0.5834602141809845
S2020CT015002,PaN2-2,41.9654722,-71.97463889,2.5,2.792303223,2.843492,0.9550191,2.1386182,0.7048737691802978,4.982110230819702
S2020CT015002,PaN2-2,41.9654722,-71.97463889,7.5,2.088570876,2.767939,0.955382,2.1394308,0.6285082386627199,4.90736976133728
S2020CT015002,PaN2-2,41.9654722,-71.97463889,25.5,2.020406784,1.5113102,0.57754874,1.2933315,0.21797869613189702,2.804641703868103
S2020CT015002,PaN2-2,41.9654722,-71.97463889,43.0,0.887870911,0.66394764,0.36737138,0.82267165,0.0,1.48661929184021
S2020CT015003,PaN2-3,41.96552778,-71.9746667,2.5,2.704091718,2.843492,0.9550191,2.1386182,0.7048737691802978,4.982110230819702
S2020CT015003,PaN2-3,41.96552778,-71.9746667,7.5,2.002675188,2.767939,0.955382,2.1394308,0.6285082386627199,4.90736976133728
S2020CT015003,PaN2-3,41.96552778,-71.9746667,28.5,1.838591059,1.1838576,0.5410717,1.2116468,0.0,2.395504395272827
S2020CT015003,PaN2-3,41.96552778,-71.9746667,48.0,0.775993637,0.552621,0.29446438,0.6594076,0.0,1.2120286156616211
S2020CT013019,PaH2-1,41.7541111,-72.2346389,2.5,5.204555577,3.440607,1.0656466,2.3863516,1.0542554146118164,5.826958585388184
S2020CT013019,PaH2-1,41.7541111,-72.2346389,7.5,4.828478964,3.0615182,1.042028,2.333461,0.728057153781128,5.394979246218872
S2020CT013019,PaH2-1,41.7541111,-72.2346389,14.5,1.056756115,2.3477738,0.7620024,1.706387,0.6413867570007326,4.054160842999268
S2020CT013019,PaH2-1,41.7541111,-72.2346389,25.5,0.749686681,1.4222115,0.5515332,1.2350737,0.18713781435394283,2.657285185646057
S2020CT013019,PaH2-1,41.7541111,-72.2346389,36.5,0.603136309,0.7403315,0.4263288,0.9546977,0.0,1.6950292281570434
S2020CT013019,PaH2-1,41.7541111,-72.2346389,48.0,0.205852363,0.5561842,0.31107554,0.69660574,0.0,1.2527899419776918
S2020CT013019,PaH2-1,41.7541111,-72.2346389,65.0,0.159286397,0.36606404,0.20437606,0.45766872,0.0,0.8237327616758727
S2020CT013020,PaH2-2,41.7541389,-72.2345833,2.5,4.928644241,3.440607,1.0656466,2.3863516,1.0542554146118164,5.826958585388184
S2020CT013020,PaH2-2,41.7541389,-72.2345833,7.5,4.463469933,3.0615182,1.042028,2.333461,0.728057153781128,5.394979246218872
S2020CT013020,PaH2-2,41.7541389,-72.2345833,17.5,2.687520207,2.2230682,0.7046218,1.5778921,0.6451761349517824,3.800960265048218
S2020CT013020,PaH2-2,41.7541389,-72.2345833,30.5,0.87572049799999,1.0401901,0.5220493,1.169049,0.0,2.2092391245819094
S2020CT013020,PaH2-2,41.7541389,-72.2345833,44.0,0.62992894649505,0.6192421,0.3365846,0.7537294,0.0,1.3729715030189515
S2020CT013021,PaT2-1,41.7537778,-72.2351944,2.5,2.450860701,3.440607,1.0656466,2.3863516,1.0542554146118164,5.826958585388184
S2020CT013021,PaT2-1,41.7537778,-72.2351944,7.5,2.213197213,3.0615182,1.042028,2.333461,0.728057153781128,5.394979246218872
S2020CT013021,PaT2-1,41.7537778,-72.2351944,14.5,2.121857958,2.3477738,0.7620024,1.706387,0.6413867570007326,4.054160842999268
S2020CT013021,PaT2-1,41.7537778,-72.2351944,24.5,0.445939031,1.4313492,0.5412771,1.2121067,0.21924249528808604,2.643455904711914
S2020CT013021,PaT2-1,41.7537778,-72.2351944,37.5,0.357056565,0.7175059,0.40433097,0.90543693,0.0,1.6229428330406188
S2020CT013021,PaT2-1,41.7537778,-72.2351944,53.5,0.24769505858421,0.45117563,0.2552046,0.57149136,0.0,1.0226669906643677
S2020CT013021,PaT2-1,41.7537778,-72.2351944,71.0,0.241645804,0.3380698,0.20254183,0.45356125,0.0,0.7916310463951111
S2020CT013021,PaT2-1,41.7537778,-72.2351944,87.0,0.23357184231281,0.25542414,0.1694116,0.3793712,0.0,0.6347953360315705
S2020CT013021,PaT2-1,41.7537778,-72.2351944,105.0,0.232326585,0.24826166,0.1694116,0.3793712,0.0,0.6276328560315705
S2020CT013022,PaT2-2,41.75379943847656,-72.2351833,2.5,2.10045338599999,3.440607,1.0656466,2.3863516,1.0542554146118164,5.826958585388184
S2020CT013022,PaT2-2,41.75379943847656,-72.2351833,7.5,2.36069923499999,3.0615182,1.042028,2.333461,0.728057153781128,5.394979246218872
S2020CT013022,PaT2-2,41.75379943847656,-72.2351833,22.0,1.942484735,1.8125726,0.60595953,1.356953,0.4556195751358032,3.169525624864197
S2020CT013022,PaT2-2,41.75379943847656,-72.2351833,34.0,0.919779866,0.97776467,0.49492928,1.108318,0.0,2.0860826412295532
S2020CT013022,PaT2-2,41.75379943847656,-72.2351833,47.5,0.397621372,0.5561842,0.31107554,0.69660574,0.0,1.2527899419776918
S2020CT013023,PaT2-3,41.7537833,-72.23521667,2.5,2.48992711299999,3.440607,1.0656466,2.3863516,1.0542554146118164,5.826958585388184
S2020CT013023,PaT2-3,41.7537833,-72.23521667,7.5,2.157530711,3.0615182,1.042028,2.333461,0.728057153781128,5.394979246218872
S2020CT013023,PaT2-3,41.7537833,-72.23521667,21.5,0.7494407159999901,1.8709505,0.60469234,1.3541154,0.51683513306427,3.22506586693573
S2020CT013023,PaT2-3,41.7537833,-72.23521667,32.0,0.35048972499999,0.99024606,0.49785417,1.1148678,0.0,2.1051138664346314
S2020CT013023,PaT2-3,41.7537833,-72.23521667,44.5,0.33778217199999,0.6192421,0.3365846,0.7537294,0.0,1.3729715030189515
