DSP_Pedon,DSP_Pedon_ID,final_lat,final_lon,z_mid,observed,predicted
S2018KS153101,KeCF3-1,39.9519869,-100.89697265625,2.5,0.0245470703909069,0.021584319
S2018KS153101,KeCF3-1,39.9519869,-100.89697265625,7.5,0.0141529168597726,0.018798592
S2018KS153101,KeCF3-1,39.9519869,-100.89697265625,16.5,0.012406945245181,0.012792553
S2018KS153101,KeCF3-1,39.9519869,-100.89697265625,31.5,0.0097813708198766,0.009787079
S2018KS153101,KeCF3-1,39.9519869,-100.89697265625,48.5,0.0075563008565699,0.0075693
S2018KS153101,KeCF3-1,39.9519869,-100.89697265625,65.5,0.0065803408241178,0.0061783846
S2018KS153101,KeCF3-1,39.9519869,-100.89697265625,87.0,0.004477519078938,0.0061783846
S2018KS153102,KeCF3-2,39.9521612,-100.8967806,2.5,0.0141805417310966,0.021731991
S2018KS153102,KeCF3-2,39.9521612,-100.8967806,7.5,0.0143666340067455,0.018945863
S2018KS153102,KeCF3-2,39.9521612,-100.8967806,15.5,0.014907029362952,0.012948155
S2018KS153102,KeCF3-2,39.9521612,-100.8967806,28.5,0.0080398792987685,0.01035919
S2018KS153102,KeCF3-2,39.9521612,-100.8967806,44.0,0.0075798373266708,0.00789261
S2018KS153102,KeCF3-2,39.9521612,-100.8967806,63.5,0.0070927301931979,0.0065294355
S2018KS153102,KeCF3-2,39.9521612,-100.8967806,87.5,0.0096544493494768,0.0063238326
S2018KS153103,KeCF3-3,39.9521612,-100.8967806,2.5,0.0181683698591504,0.021731991
S2018KS153103,KeCF3-3,39.9521612,-100.8967806,7.5,0.0146854988817347,0.018945863
S2018KS153103,KeCF3-3,39.9521612,-100.8967806,15.5,0.0063088942620097,0.012948155
S2018KS153103,KeCF3-3,39.9521612,-100.8967806,29.0,0.0075202306732187,0.01035919
S2018KS153103,KeCF3-3,39.9521612,-100.8967806,43.5,0.0068520737506769,0.0078891
S2018KS153103,KeCF3-3,39.9521612,-100.8967806,66.5,0.0092281393074931,0.0063238326
S2018KS153104,KeC3-1,39.978288,-100.868944,2.5,0.0513844253228072,0.012572237
S2018KS153104,KeC3-1,39.978288,-100.868944,7.5,0.0505709523385962,0.01261322
S2018KS153104,KeC3-1,39.978288,-100.868944,16.5,0.0126671679888666,0.011770947
S2018KS153104,KeC3-1,39.978288,-100.868944,31.0,0.0091279020771101,0.009819168
S2018KS153104,KeC3-1,39.978288,-100.868944,48.0,0.0063032423767983,0.0071456823
S2018KS153104,KeC3-1,39.978288,-100.868944,67.0,0.0082210311256272,0.0057795774
S2018KS153104,KeC3-1,39.978288,-100.868944,88.5,0.0062168319127965,0.0057795774
S2018KS153105,KeC3-2,39.978452,-100.868986,2.5,0.0160591791016038,0.012572237
S2018KS153105,KeC3-2,39.978452,-100.868986,7.5,0.0127882702581597,0.01261322
S2018KS153105,KeC3-2,39.978452,-100.868986,12.5,0.0100005703197812,0.012086101
S2018KS153105,KeC3-2,39.978452,-100.868986,20.5,0.0100455671280638,0.011210527
S2018KS153105,KeC3-2,39.978452,-100.868986,30.5,0.0119403320826435,0.009819168
S2018KS153105,KeC3-2,39.978452,-100.868986,45.0,0.010192100231874,0.0073232464
S2018KS153105,KeC3-2,39.978452,-100.868986,70.5,0.0059087004264728,0.0057795774
S2018KS153105,KeC3-2,39.978452,-100.868986,93.0,0.0053382180475455,0.0057795774
S2018KS153106,KeC3-3,39.9783659,-100.8687585,2.5,0.0154033837065586,0.012572237
S2018KS153106,KeC3-3,39.9783659,-100.8687585,7.5,0.0124651958815552,0.01261322
S2018KS153106,KeC3-3,39.9783659,-100.8687585,14.0,0.0110743279255924,0.01228162
S2018KS153106,KeC3-3,39.9783659,-100.8687585,23.5,0.0144173625086665,0.01087119
S2018KS153106,KeC3-3,39.9783659,-100.8687585,35.0,0.012000184760319,0.008572729
S2018KS153106,KeC3-3,39.9783659,-100.8687585,49.0,0.007690005820672,0.006878967
S2018KS153106,KeC3-3,39.9783659,-100.8687585,66.5,0.0047273090586463,0.0057795774
S2018KS153106,KeC3-3,39.9783659,-100.8687585,88.0,0.0050232983532836,0.0057795774
S2018KS153107,KeN3-1,39.9736474,-100.8692162,2.5,0.0142660463849473,0.02410401
S2018KS153107,KeN3-1,39.9736474,-100.8692162,7.5,0.0427626211337128,0.020477856
S2018KS153107,KeN3-1,39.9736474,-100.8692162,17.5,0.013049255179756,0.013036071
S2018KS153107,KeN3-1,39.9736474,-100.8692162,34.0,0.0096323452703367,0.008938192
S2018KS153107,KeN3-1,39.9736474,-100.8692162,50.0,0.0079993738704203,0.0068504564
S2018KS153107,KeN3-1,39.9736474,-100.8692162,70.0,0.0085037943924876,0.005931801
S2018KS153107,KeN3-1,39.9736474,-100.8692162,91.5,0.0110617434219124,0.005931801
S2018KS153108,KeN3-2,39.9739409,-100.8692095,2.5,0.0199819364044687,0.02410401
S2018KS153108,KeN3-2,39.9739409,-100.8692095,7.5,0.0164602148368499,0.020477856
S2018KS153108,KeN3-2,39.9739409,-100.8692095,17.5,0.01375784352953,0.013036071
S2018KS153108,KeN3-2,39.9739409,-100.8692095,35.0,0.008912136950696,0.008786493
S2018KS153108,KeN3-2,39.9739409,-100.8692095,58.0,0.0078191890216053,0.006440248
S2018KS153108,KeN3-2,39.9739409,-100.8692095,78.0,0.0094488716842643,0.005931801
S2018KS153108,KeN3-2,39.9739409,-100.8692095,92.5,0.0121814980430686,0.005931801
S2018KS153109,KeN3-3,39.9737363,-100.8690184,2.5,0.0205036426759587,0.0237547
S2018KS153109,KeN3-3,39.9737363,-100.8690184,7.5,0.0156393753272012,0.02033585
S2018KS153109,KeN3-3,39.9737363,-100.8690184,18.0,0.0123862689999452,0.012942332
S2018KS153109,KeN3-3,39.9737363,-100.8690184,35.0,0.0087876093702201,0.009139809
S2018KS153109,KeN3-3,39.9737363,-100.8690184,54.5,0.0096333753577499,0.0073023653
S2018KS153109,KeN3-3,39.9737363,-100.8690184,72.0,0.0115941390166454,0.0063832947
S2018KS153109,KeN3-3,39.9737363,-100.8690184,89.5,0.0078499431665286,0.0063832947
S2018KS179104,KeCF1-1,39.2447359,-100.5431538,2.5,0.028708361809518,0.021614771
S2018KS179104,KeCF1-1,39.2447359,-100.5431538,7.5,0.0137457425549299,0.01814238
S2018KS179104,KeCF1-1,39.2447359,-100.5431538,14.0,0.0129880873730902,0.013891628
S2018KS179104,KeCF1-1,39.2447359,-100.5431538,22.5,0.0088444955664223,0.011088035
S2018KS179104,KeCF1-1,39.2447359,-100.5431538,32.0,0.0088071072561783,0.008173273
S2018KS179104,KeCF1-1,39.2447359,-100.5431538,48.0,0.0084121781214698,0.0060939207
S2018KS179104,KeCF1-1,39.2447359,-100.5431538,79.5,0.0058628284531679,0.0047276616
S2018KS179105,KeCF1-2,39.2450134,-100.5430643,2.5,0.0228244455657845,0.021889197
S2018KS179105,KeCF1-2,39.2450134,-100.5430643,7.5,0.0150492647539471,0.018415872
S2018KS179105,KeCF1-2,39.2450134,-100.5430643,14.0,0.0132350625003905,0.014278473
S2018KS179105,KeCF1-2,39.2450134,-100.5430643,25.0,0.0077382863375145,0.009996557
S2018KS179105,KeCF1-2,39.2450134,-100.5430643,38.5,0.0070550238264134,0.0074671106
S2018KS179105,KeCF1-2,39.2450134,-100.5430643,55.5,0.0054026538024562,0.006238029
S2018KS179105,KeCF1-2,39.2450134,-100.5430643,83.0,0.005386764305,0.005410414
S2018KS179106,KeCF1-3,39.2447102,-100.5427146,2.5,0.0200884870359533,0.021614771
S2018KS179106,KeCF1-3,39.2447102,-100.5427146,7.5,0.0149859483237904,0.01814238
S2018KS179106,KeCF1-3,39.2447102,-100.5427146,14.0,0.0134496456984622,0.013891628
S2018KS179106,KeCF1-3,39.2447102,-100.5427146,61.5,0.0072126500805931,0.004958634
S2018KS179106,KeCF1-3,39.2447102,-100.5427146,86.0,0.0067760246277439,0.0047276616
S2018KS179106,KeCF1-3,39.2447102,-100.5427146,97.5,0.0070718544916598,0.0047276616
S2018KS179107,KeN1-1,39.249205,-100.56165313720705,2.5,0.0367874133449721,0.025680631
S2018KS179107,KeN1-1,39.249205,-100.56165313720705,7.5,0.0250656205213723,0.021597216
S2018KS179107,KeN1-1,39.249205,-100.56165313720705,16.5,0.013372680336085,0.0139202485
S2018KS179107,KeN1-1,39.249205,-100.56165313720705,33.5,0.0125938174604614,0.009516104
S2018KS179107,KeN1-1,39.249205,-100.56165313720705,56.0,0.0084296488594668,0.007306283
S2018KS179107,KeN1-1,39.249205,-100.56165313720705,74.0,0.0078113565557689,0.006516012
S2018KS179107,KeN1-1,39.249205,-100.56165313720705,90.0,0.0058796189398089,0.006516012
S2018KS179108,KeN1-2,39.249205,-100.56165313720705,2.5,0.0298492943342558,0.025680631
S2018KS179108,KeN1-2,39.249205,-100.56165313720705,7.5,0.0205780094207799,0.021597216
S2018KS179108,KeN1-2,39.249205,-100.56165313720705,19.0,0.0187729507399973,0.012951687
S2018KS179108,KeN1-2,39.249205,-100.56165313720705,35.0,0.0108659607787215,0.009364315
S2018KS179108,KeN1-2,39.249205,-100.56165313720705,53.0,0.0065984956182005,0.007398527
S2018KS179108,KeN1-2,39.249205,-100.56165313720705,75.0,0.0061734338897483,0.006516012
S2018KS179108,KeN1-2,39.249205,-100.56165313720705,93.0,0.0064301493753761,0.006516012
S2018KS179109,KeN1-3,39.249205,-100.56165313720705,2.5,0.0299662823994268,0.025680631
S2018KS179109,KeN1-3,39.249205,-100.56165313720705,7.5,0.022025881347982,0.021597216
S2018KS179109,KeN1-3,39.249205,-100.56165313720705,18.0,0.0154768341895758,0.0139202485
S2018KS179109,KeN1-3,39.249205,-100.56165313720705,33.5,0.0088888798407553,0.009516104
S2018KS179109,KeN1-3,39.249205,-100.56165313720705,50.0,0.0058479646959525,0.007398527
S2018KS179109,KeN1-3,39.249205,-100.56165313720705,69.5,0.006594785142477,0.006516012
S2018KS179109,KeN1-3,39.249205,-100.56165313720705,90.0,0.0050425551986746,0.006516012
S2018KS179110,KeC1-1,39.244626,-100.557271,2.5,0.0240921891000451,0.013325671
S2018KS179110,KeC1-1,39.244626,-100.557271,7.5,0.0269930164092822,0.0124238515
S2018KS179110,KeC1-1,39.244626,-100.557271,16.5,0.0204347608166661,0.011632319
S2018KS179110,KeC1-1,39.244626,-100.557271,29.5,0.0145616172554757,0.008700735
S2018KS179110,KeC1-1,39.244626,-100.557271,45.0,0.0103308065126682,0.0065945657
S2018KS179110,KeC1-1,39.244626,-100.557271,61.5,0.0084206288866056,0.005338382
S2018KS179110,KeC1-1,39.244626,-100.557271,78.0,0.0106877318828953,0.005088591
S2018KS179110,KeC1-1,39.244626,-100.557271,93.5,0.0058885572462264,0.005088591
S2018KS179111,KeC1-2,39.244626,-100.557271,2.5,0.0266299515596521,0.013325671
S2018KS179111,KeC1-2,39.244626,-100.557271,7.5,0.0228582970750837,0.0124238515
S2018KS179111,KeC1-2,39.244626,-100.557271,17.5,0.0150100054008117,0.011632319
S2018KS179111,KeC1-2,39.244626,-100.557271,30.5,0.009850920405,0.008700735
S2018KS179111,KeC1-2,39.244626,-100.557271,47.5,0.0078308875602097,0.006417131
S2018KS179111,KeC1-2,39.244626,-100.557271,68.5,0.007687761652165,0.005088591
S2018KS179111,KeC1-2,39.244626,-100.557271,89.0,0.007540911830579,0.005088591
S2018KS179112,KeC1-3,39.244626,-100.557271,2.5,0.02097141552833,0.013325671
S2018KS179112,KeC1-3,39.244626,-100.557271,7.5,0.021042275197584,0.0124238515
S2018KS179112,KeC1-3,39.244626,-100.557271,17.0,0.0166533040700701,0.011632319
S2018KS179112,KeC1-3,39.244626,-100.557271,31.0,0.01136736015381,0.008700735
S2018KS193101,KeC2-1,39.3817794,-101.0631493,2.5,0.0221350619322573,0.014547331
S2018KS193101,KeC2-1,39.3817794,-101.0631493,7.5,0.0197381394568156,0.014310124
S2018KS193101,KeC2-1,39.3817794,-101.0631493,16.0,0.0153914127665047,0.012319802
S2018KS193101,KeC2-1,39.3817794,-101.0631493,32.0,0.0097651492610482,0.009636925
S2018KS193101,KeC2-1,39.3817794,-101.0631493,49.0,0.0103685581949999,0.007094516
S2018KS193101,KeC2-1,39.3817794,-101.0631493,62.5,0.0139542844140618,0.0062505146
S2018KS193101,KeC2-1,39.3817794,-101.0631493,76.5,0.0103000837553561,0.006000497
S2018KS193101,KeC2-1,39.3817794,-101.0631493,92.0,0.0073326695517559,0.006000497
S2018KS193102,KeC2-2,39.3815262,-101.0632519,2.5,0.0315118472969784,0.015188164
S2018KS193102,KeC2-2,39.3815262,-101.0632519,7.5,0.0232220628260355,0.014809842
S2018KS193102,KeC2-2,39.3815262,-101.0632519,16.5,0.0180916421125,0.012387668
S2018KS193102,KeC2-2,39.3815262,-101.0632519,31.5,0.012028750680059,0.009502459
S2018KS193102,KeC2-2,39.3815262,-101.0632519,48.0,0.0104079977980368,0.0072583933
S2018KS193102,KeC2-2,39.3815262,-101.0632519,62.5,0.0095527914384056,0.0061477306
S2018KS193102,KeC2-2,39.3815262,-101.0632519,74.0,0.0089196221120997,0.0058977385
S2018KS193102,KeC2-3,39.3816973,-101.0629297,89.5,0.0101208462139695,0.006000497
S2018KS193103,KeC2-3,39.3816973,-101.0629297,2.5,0.0241937399404279,0.014547331
S2018KS193103,KeC2-3,39.3816973,-101.0629297,7.5,0.0214949650386549,0.014310124
S2018KS193103,KeC2-3,39.3816973,-101.0629297,18.0,0.0164077074933762,0.012321044
S2018KS193103,KeC2-3,39.3816973,-101.0629297,33.0,0.0114538348799005,0.009637404
S2018KS193103,KeC2-3,39.3816973,-101.0629297,46.0,0.0130282081791967,0.007361291
S2018KS193103,KeC2-3,39.3816973,-101.0629297,59.0,0.016885011705234,0.0064321463
S2018KS193103,KeC2-3,39.3816973,-101.0629297,73.5,0.016600237575,0.006000497
S2018KS193103,KeC2-3,39.3816973,-101.0629297,90.5,0.0113421722121392,0.006000497
S2018KS193104,KeN2-1,39.3843208,-101.0636022,2.5,0.0102738333701405,0.02661466
S2018KS193104,KeN2-1,39.3843208,-101.0636022,7.5,0.0225981888554238,0.021366723
S2018KS193104,KeN2-1,39.3843208,-101.0636022,17.5,0.0192932546234918,0.013116903
S2018KS193104,KeN2-1,39.3843208,-101.0636022,34.5,0.0186597148627657,0.008725937
S2018KS193104,KeN2-1,39.3843208,-101.0636022,57.0,0.0114275093054879,0.0064434526
S2018KS193104,KeN2-1,39.3843208,-101.0636022,79.0,0.0077731110614872,0.005853387
S2018KS193104,KeN2-1,39.3843208,-101.0636022,94.0,0.0084846474131494,0.005853387
S2018KS193105,KeN2-2,39.3840397,-101.0636425,2.5,0.0314610704156553,0.027403316
S2018KS193105,KeN2-2,39.3840397,-101.0636425,7.5,0.0246504654556781,0.022218814
S2018KS193105,KeN2-2,39.3840397,-101.0636425,18.0,0.0195206070711883,0.0141028315
S2018KS193105,KeN2-2,39.3840397,-101.0636425,36.0,0.0212532521335211,0.009646079
S2018KS193105,KeN2-2,39.3840397,-101.0636425,57.5,0.0139999826738693,0.007593116
S2018KS193105,KeN2-2,39.3840397,-101.0636425,81.0,0.0092039236784972,0.007002375
S2018KS193105,KeN2-2,39.3840397,-101.0636425,96.5,0.0078378847408814,0.007002375
S2018KS193106,KeN2-3,39.384217,-101.063449,2.5,0.0326944359000289,0.027403316
S2018KS193106,KeN2-3,39.384217,-101.063449,7.5,0.027395983883202,0.022218814
S2018KS193106,KeN2-3,39.384217,-101.063449,17.5,0.0209945683035528,0.0141028315
S2018KS193106,KeN2-3,39.384217,-101.063449,34.5,0.0162295964663025,0.01007477
S2018KS193106,KeN2-3,39.384217,-101.063449,50.0,0.0135491268703938,0.007957903
S2018KS193106,KeN2-3,39.384217,-101.063449,69.0,0.0100063855184363,0.007002375
S2018KS193106,KeN2-3,39.384217,-101.063449,91.0,0.0083999951788899,0.007002375
C1B,CeC1-2,35.73571014404297,-78.68135070800781,2.5,0.0279576249547338,0.026209014
C1B,CeC1-2,35.73571014404297,-78.68135070800781,7.5,0.0264699963798229,0.022852812
C1B,CeC1-2,35.73571014404297,-78.68135070800781,17.0,0.0087632907905308,0.014204138
C1B,CeC1-2,35.73571014404297,-78.68135070800781,42.5,0.004095247581264,0.005493784
C1B,CeC1-2,35.73571014404297,-78.68135070800781,80.5,0.0026487626774769,0.004066193
C1C,CeC1-3,35.735939025878906,-78.68177032470703,2.5,0.0223003063138526,0.028087672
C1C,CeC1-3,35.735939025878906,-78.68177032470703,7.5,0.0196440482676604,0.02385034
C1C,CeC1-3,35.735939025878906,-78.68177032470703,15.5,0.0181455649443228,0.014987328
C1C,CeC1-3,35.735939025878906,-78.68177032470703,38.0,0.0064588711365899,0.0067451317
C1C,CeC1-3,35.735939025878906,-78.68177032470703,77.5,0.0024702544923169,0.00444673
C1Pit,CeC1-1,35.735469818115234,-78.68930053710938,2.5,0.0162823510374188,0.04340847
C1Pit,CeC1-1,35.735469818115234,-78.68930053710938,7.5,0.0379096894330616,0.035327174
C1Pit,CeC1-1,35.735469818115234,-78.68930053710938,15.0,0.0291458144325438,0.019602304
C1Pit,CeC1-1,35.735469818115234,-78.68930053710938,31.0,0.00822769017181,0.010923005
C1Pit,CeC1-1,35.735469818115234,-78.68930053710938,55.5,0.0043369164613227,0.007455316
C1Pit,CeC1-1,35.735469818115234,-78.68930053710938,84.5,0.006120280464801,0.0066727265
C2A,CeC2-1,35.727909088134766,-78.6749496459961,2.5,0.0169137377497077,0.028731754
C2A,CeC2-1,35.727909088134766,-78.6749496459961,7.5,0.0207820104284727,0.02435695
C2A,CeC2-1,35.727909088134766,-78.6749496459961,17.5,0.0111404826790829,0.015399583
C2A,CeC2-1,35.727909088134766,-78.6749496459961,34.0,0.0188332494587979,0.00863164
C2A,CeC2-1,35.727909088134766,-78.6749496459961,71.5,0.0059697229225662,0.0049301772
C2B,CeC2-2,35.7276496887207,-78.67524719238281,2.5,0.031405969213083,0.028143987
C2B,CeC2-2,35.7276496887207,-78.67524719238281,7.5,0.0177174789655826,0.023931753
C2B,CeC2-2,35.7276496887207,-78.67524719238281,22.0,0.0148003672346683,0.012395727
C2B,CeC2-2,35.7276496887207,-78.67524719238281,49.0,0.0040445605904839,0.005923018
C2B,CeC2-2,35.7276496887207,-78.67524719238281,82.0,0.0041673252324974,0.0049382355
C2C,CeC2-3,35.72739028930664,-78.67555236816406,2.5,0.0251460560590083,0.028143987
C2C,CeC2-3,35.72739028930664,-78.67555236816406,7.5,0.0180657529994598,0.023931753
C2C,CeC2-3,35.72739028930664,-78.67555236816406,18.0,0.0240416738233301,0.015407726
C2C,CeC2-3,35.72739028930664,-78.67555236816406,36.0,0.0075275135847531,0.007604268
C2C,CeC2-3,35.72739028930664,-78.67555236816406,73.0,0.001590585470304,0.0049382355
C3A,CeC3-1,35.724510192871094,-78.67194366455078,2.5,0.0323884979074931,0.036644142
C3A,CeC3-1,35.724510192871094,-78.67194366455078,7.5,0.0284981558910453,0.030263528
C3A,CeC3-1,35.724510192871094,-78.67194366455078,29.5,0.0235650574491914,0.008316632
C3A,CeC3-1,35.724510192871094,-78.67194366455078,64.0,0.0090641801440847,0.003674556
C3A,CeC3-1,35.724510192871094,-78.67194366455078,89.5,0.0133193340316431,0.0035720025
C3B,CeC3-2,35.72481155395508,-78.67194366455078,2.5,0.0297178477367575,0.036644142
C3B,CeC3-2,35.72481155395508,-78.67194366455078,7.5,0.0261440949488769,0.030263528
C3B,CeC3-2,35.72481155395508,-78.67194366455078,24.5,0.0360927767168643,0.008788961
C3B,CeC3-2,35.72481155395508,-78.67194366455078,58.0,0.0146061793952582,0.0038885958
C3B,CeC3-2,35.72481155395508,-78.67194366455078,85.5,0.0099880182909078,0.0035720025
C3C,CeC3-3,35.7251091003418,-78.67194366455078,2.5,0.0327113420912444,0.036644142
C3C,CeC3-3,35.7251091003418,-78.67194366455078,7.5,0.0361236740006656,0.030263528
C3C,CeC3-3,35.7251091003418,-78.67194366455078,27.5,0.0297639863910704,0.00861381
C3C,CeC3-3,35.7251091003418,-78.67194366455078,55.5,0.0097418101854534,0.004168581
C3C,CeC3-3,35.7251091003418,-78.67194366455078,77.5,0.0142791267943606,0.0035720025
C3C,CeC3-3,35.7251091003418,-78.67194366455078,94.5,0.006033409349662,0.0035720025
F3B,CeF3-2,35.72618865966797,-78.66951751708984,2.5,0.0325107174359905,0.040290385
F3B,CeF3-2,35.72618865966797,-78.66951751708984,7.5,0.023443516007314,0.031932607
F3B,CeF3-2,35.72618865966797,-78.66951751708984,25.0,0.0090861467233975,0.010272495
F3B,CeF3-2,35.72618865966797,-78.66951751708984,50.0,0.0043525391328578,0.0058760117
F3B,CeF3-2,35.72618865966797,-78.66951751708984,80.0,0.0030379496737171,0.005140597
F3PIT,CeF3-1,35.72611999511719,-78.66969299316406,2.5,0.0267595061978406,0.039782826
F3PIT,CeF3-1,35.72611999511719,-78.66969299316406,7.5,0.0326911642740955,0.031429123
F3PIT,CeF3-1,35.72611999511719,-78.66969299316406,25.0,0.0070989472220649,0.010330988
F3PIT,CeF3-1,35.72611999511719,-78.66969299316406,55.0,0.0026991707652688,0.005934251
F3PIT,CeF3-1,35.72611999511719,-78.66969299316406,85.0,0.0017337278728344,0.0051987935
P1A,CeH1-1,35.73408889770508,-78.68048095703125,2.5,0.0290602737543867,0.037341397
P1A,CeH1-1,35.73408889770508,-78.68048095703125,7.5,0.0073752339580364,0.029469281
P1A,CeH1-1,35.73408889770508,-78.68048095703125,27.0,0.0087672725818725,0.009329424
P1A,CeH1-1,35.73408889770508,-78.68048095703125,59.5,0.0047751879908244,0.0049635274
P1A,CeH1-1,35.73408889770508,-78.68048095703125,87.5,0.0039304299025679,0.004627013
P1B,CeH1-2,35.73442840576172,-78.680419921875,2.5,0.0453519454589102,0.035930507
P1B,CeH1-2,35.73442840576172,-78.680419921875,7.5,0.0317826549894665,0.028737122
P1B,CeH1-2,35.73442840576172,-78.680419921875,16.5,0.0218394526919335,0.015259684
P1B,CeH1-2,35.73442840576172,-78.680419921875,36.0,0.0091241076949594,0.006873318
P1B,CeH1-2,35.73442840576172,-78.680419921875,74.5,0.003233179666178,0.004415136
P1PIT,CeH1-3,35.734771728515625,-78.68035888671875,2.5,0.0632238847572122,0.035930507
P1PIT,CeH1-3,35.734771728515625,-78.68035888671875,7.5,0.0394584402832724,0.028737122
P1PIT,CeH1-3,35.734771728515625,-78.68035888671875,13.0,0.0299089675316932,0.018976467
P1PIT,CeH1-3,35.734771728515625,-78.68035888671875,38.5,0.0096159838001048,0.0064801145
P1PIT,CeH1-3,35.734771728515625,-78.68035888671875,80.5,0.0036024859215497,0.004415136
P2A,CeH2-1,35.7287712097168,-78.67504119873047,2.5,0.0229718611577132,0.034297016
P2A,CeH2-1,35.7287712097168,-78.67504119873047,7.5,0.0308932057586729,0.02718967
P2A,CeH2-1,35.7287712097168,-78.67504119873047,46.0,0.007158789076417,0.006017308
P2B,CeH2-2,35.72871017456055,-78.6747817993164,2.5,0.0294014519520634,0.03486448
P2B,CeH2-2,35.72871017456055,-78.6747817993164,7.5,0.0217800354859501,0.02777418
P2B,CeH2-2,35.72871017456055,-78.6747817993164,36.5,0.0083660020998766,0.008149476
P2B,CeH2-2,35.72871017456055,-78.6747817993164,79.0,0.0044041232972575,0.0057371724
P2C,CeH2-3,35.7286491394043,-78.67452239990234,2.5,0.0327254099023704,0.03455568
P2C,CeH2-3,35.7286491394043,-78.67452239990234,7.5,0.0229824348709858,0.027036948
P2C,CeH2-3,35.7286491394043,-78.67452239990234,16.0,0.0244232807657438,0.0165838
P2C,CeH2-3,35.7286491394043,-78.67452239990234,37.0,0.0114160418831789,0.0072985995
P2C,CeH2-3,35.7286491394043,-78.67452239990234,76.0,0.0022544766743061,0.0048883264
P3A,CeH3-1,35.732460021972656,-78.67191314697266,2.5,0.0471635078089239,0.04215682
P3A,CeH3-1,35.732460021972656,-78.67191314697266,7.5,0.0295106359490341,0.03429983
P3A,CeH3-1,35.732460021972656,-78.67191314697266,35.0,0.0131669698140383,0.010897766
P3A,CeH3-1,35.732460021972656,-78.67191314697266,63.5,0.0062032960660967,0.0075625917
P3B,CeH3-2,35.73284912109375,-78.67204284667969,2.5,0.0230916186805418,0.041885056
P3B,CeH3-2,35.73284912109375,-78.67204284667969,7.5,0.0149029052055169,0.033467993
P3B,CeH3-2,35.73284912109375,-78.67204284667969,17.0,0.0086110835641398,0.017740004
P3B,CeH3-2,35.73284912109375,-78.67204284667969,34.0,0.0069653672805607,0.009540264
P3C,CeH3-3,35.73324966430664,-78.67214965820312,2.5,0.0342892876642125,0.041885056
P3C,CeH3-3,35.73324966430664,-78.67214965820312,7.5,0.0168806102159428,0.033467993
P3C,CeH3-3,35.73324966430664,-78.67214965820312,15.0,0.0111179272091977,0.019009609
P3C,CeH3-3,35.73324966430664,-78.67214965820312,28.0,0.0099438193503317,0.0107613485
P3C,CeH3-3,35.73324966430664,-78.67214965820312,68.0,0.002872883256158,0.0058157193
NAT_R1,NAT-1-1,32.060626,-102.406408,2.5,0.0083160003304481,0.00677744
NAT_R1,NAT-1-1,32.060626,-102.406408,7.5,0.004424000018835,0.005798202
NAT_R1,NAT-1-1,32.060626,-102.406408,20.0,0.0027880000293253,0.006444728
NAT_R1,NAT-1-1,32.060626,-102.406408,50.0,0.0038399999141692,0.002810555
NAT_R1,NAT-1-1,32.060626,-102.406408,85.0,0.0032969998970626,0.0018878321
NAT_R2,NAT-2-2,33.059817,-102.406791,2.5,0.0068459997862576,0.009150325
NAT_R2,NAT-2-2,33.059817,-102.406791,7.5,0.004275,0.007802157
NAT_R2,NAT-2-2,33.059817,-102.406791,20.0,0.0022860000908373,0.0072971773
NAT_R2,NAT-2-2,33.059817,-102.406791,50.0,0.00425,0.0032293452
NAT_R2,NAT-2-2,33.059817,-102.406791,85.0,0.0045000001788137,0.0023272636
NAT_R3,NAT-3-3,33.060119,-102.406186,2.5,0.0095159996509551,0.008747034
NAT_R3,NAT-3-3,33.060119,-102.406186,7.5,0.0045600001811979,0.007399402
NAT_R3,NAT-3-3,33.060119,-102.406186,20.0,0.0033179998964069,0.0072128787
NAT_R3,NAT-3-3,33.060119,-102.406186,50.0,0.002623999941349,0.003406272
NAT_R3,NAT-3-3,33.060119,-102.406186,85.0,0.0043120000183581,0.002504031
P1_R1a,CVT-1-1,32.774177,-101.94719696044922,2.5,0.0016650000661611,0.007910176
P1_R1a,CVT-1-1,32.774177,-101.94719696044922,7.5,0.0017250000685452,0.0073848963
P1_R1a,CVT-1-1,32.774177,-101.94719696044922,22.5,0.0024310000255702,0.0058978787
P1_R1a,CVT-1-1,32.774177,-101.94719696044922,55.0,0.002448000025749,0.0024263386
P1_R1a,CVT-1-1,32.774177,-101.94719696044922,87.5,0.0015069999918341,0.0016979999
P1_R1b,CVT-1-2,32.774177,-101.94719696044922,2.5,0.0020340000808238,0.007910176
P1_R1b,CVT-1-2,32.774177,-101.94719696044922,7.5,0.0024650000259278,0.0073848963
P1_R1b,CVT-1-2,32.774177,-101.94719696044922,22.5,0.0019040000081061,0.0058978787
P1_R1b,CVT-1-2,32.774177,-101.94719696044922,55.0,0.0032339998990295,0.0024263386
P1_R1b,CVT-1-2,32.774177,-101.94719696044922,87.5,0.0021450000852345,0.0016979999
P1_R1c,CVT-1-3,32.774177,-101.94719696044922,2.5,0.0036119998872278,0.007910176
P1_R1c,CVT-1-3,32.774177,-101.94719696044922,7.5,0.0018020000189541,0.0073848963
P1_R1c,CVT-1-3,32.774177,-101.94719696044922,22.5,0.0027030000284312,0.0058978787
P1_R1c,CVT-1-3,32.774177,-101.94719696044922,55.0,0.0023250000923871,0.0024263386
P1_R1c,CVT-1-3,32.774177,-101.94719696044922,87.5,0.0022200000882148,0.0016979999
P2_R1a,NTR-1-1,32.775007,-101.947399,2.5,0.0082350001931189,0.007950538
P2_R1a,NTR-1-1,32.775007,-101.947399,7.5,0.0055900000929831,0.0074252356
P2_R1a,NTR-1-1,32.775007,-101.947399,22.5,0.0019239999294279,0.005938158
P2_R1a,NTR-1-1,32.775007,-101.947399,55.0,0.0027739999651908,0.0024664784
P2_R1a,NTR-1-1,32.775007,-101.947399,87.5,0.0022050000876187,0.0017381109
P2_R1b,NTR-1-2,32.775007,-101.947399,2.5,0.0093000000715255,0.007950538
P2_R1b,NTR-1-2,32.775007,-101.947399,7.5,0.0044200000464915,0.0074252356
P2_R1b,NTR-1-2,32.775007,-101.947399,22.5,0.0023550000935792,0.005938158
P2_R1b,NTR-1-2,32.775007,-101.947399,55.0,0.0025670000270007,0.0024664784
P2_R1b,NTR-1-2,32.775007,-101.947399,87.5,0.0025670000270007,0.0017381109
P2_R1c,NTR-1-3,32.775007,-101.947399,2.5,0.0113560001194475,0.007950538
P2_R1c,NTR-1-3,32.775007,-101.947399,7.5,0.0048960000514982,0.0074252356
P2_R1c,NTR-1-3,32.775007,-101.947399,22.5,0.0026820001065729,0.005938158
P2_R1c,NTR-1-3,32.775007,-101.947399,55.0,0.0022350000888108,0.0024664784
P2_R1c,NTR-1-3,32.775007,-101.947399,87.5,0.0031800000473856,0.0017381109
P3_R1a,NTM-1-1,32.774275,-101.946881,2.5,0.0084699998557567,0.007950538
P3_R1a,NTM-1-1,32.774275,-101.946881,7.5,0.0040180000782012,0.0074252356
P3_R1a,NTM-1-1,32.774275,-101.946881,22.5,0.0023839999467134,0.005938158
P3_R1a,NTM-1-1,32.774275,-101.946881,55.0,0.001679999962449,0.0024664784
P3_R1a,NTM-1-1,32.774275,-101.946881,87.5,0.0016499999910592,0.0017381109
P3_R1b,NTM-1-2,32.774275,-101.946881,2.5,0.00759799978137,0.007950538
P3_R1b,NTM-1-2,32.774275,-101.946881,7.5,0.0054000002145766,0.0074252356
P3_R1b,NTM-1-2,32.774275,-101.946881,22.5,0.0023100000098346,0.005938158
P3_R1b,NTM-1-2,32.774275,-101.946881,55.0,0.0021700000092386,0.0024664784
P3_R1b,NTM-1-2,32.774275,-101.946881,87.5,0.0017999999597668,0.0017381109
P3_R1c,NTM-1-3,32.774275,-101.946881,2.5,0.0074259999811648,0.007950538
P3_R1c,NTM-1-3,32.774275,-101.946881,7.5,0.0057149998486041,0.0074252356
P3_R1c,NTM-1-3,32.774275,-101.946881,22.5,0.0021140000090002,0.005938158
P3_R1c,NTM-1-3,32.774275,-101.946881,55.0,0.0032339999824761,0.0024664784
P3_R1c,NTM-1-3,32.774275,-101.946881,87.5,0.0023199999481439,0.0017381109
P4_R2a,NTR-2-1,32.775007,-101.947399,2.5,0.0090420003592967,0.007950538
P4_R2a,NTR-2-1,32.775007,-101.947399,7.5,0.00305,0.0074252356
P4_R2a,NTR-2-1,32.775007,-101.947399,22.5,0.0021150000840424,0.005938158
P4_R2a,NTR-2-1,32.775007,-101.947399,55.0,0.0022440000236033,0.0024664784
P4_R2a,NTR-2-1,32.775007,-101.947399,87.5,0.0022800000905989,0.0017381109
P4_R2b,NTR-2-2,32.775007,-101.947399,2.5,0.0076200003027914,0.007950538
P4_R2b,NTR-2-2,32.775007,-101.947399,7.5,0.0053239999711513,0.0074252356
P4_R2b,NTR-2-2,32.775007,-101.947399,22.5,0.0028499999642371,0.005938158
P4_R2b,NTR-2-2,32.775007,-101.947399,55.0,0.0026100001037119,0.0024664784
P4_R2b,NTR-2-2,32.775007,-101.947399,87.5,0.0022239999502897,0.0017381109
P4_R2c,NTR-2-3,32.775007,-101.947399,2.5,0.0076849995851516,0.007950538
P4_R2c,NTR-2-3,32.775007,-101.947399,7.5,0.0055130000710487,0.0074252356
P4_R2c,NTR-2-3,32.775007,-101.947399,22.5,0.0020860000088809,0.005938158
P4_R2c,NTR-2-3,32.775007,-101.947399,55.0,0.00345,0.0024664784
P4_R2c,NTR-2-3,32.775007,-101.947399,87.5,0.0033539998769759,0.0017381109
P5_R2a,NTM-2-1,32.775004,-101.947229,2.5,0.0058879998683928,0.007950538
P5_R2a,NTM-2-1,32.775004,-101.947229,7.5,0.0080850001752375,0.0074252356
P5_R2a,NTM-2-1,32.775004,-101.947229,22.5,0.0021140000090002,0.005938158
P5_R2a,NTM-2-1,32.775004,-101.947229,55.0,0.0023970000252126,0.0024664784
P5_R2a,NTM-2-1,32.775004,-101.947229,87.5,0.0025670000270007,0.0017381109
P5_R2b,NTM-2-2,32.775004,-101.947229,2.5,0.010948000115156,0.007950538
P5_R2b,NTM-2-2,32.775004,-101.947229,7.5,0.0071719999611377,0.0074252356
P5_R2b,NTM-2-2,32.775004,-101.947229,22.5,0.0024159999459981,0.005938158
P5_R2b,NTM-2-2,32.775004,-101.947229,55.0,0.0027800000414251,0.0024664784
P5_R2b,NTM-2-2,32.775004,-101.947229,87.5,0.0021600000858306,0.0017381109
P5_R2c,NTM-2-3,32.775004,-101.947229,2.5,0.0139400003910063,0.007950538
P5_R2c,NTM-2-3,32.775004,-101.947229,7.5,0.006485999983549,0.0074252356
P5_R2c,NTM-2-3,32.775004,-101.947229,22.5,0.0024319999456405,0.005938158
P5_R2c,NTM-2-3,32.775004,-101.947229,55.0,0.0027400000408291,0.0024664784
P5_R2c,NTM-2-3,32.775004,-101.947229,87.5,0.0023970000252126,0.0017381109
P6_R2a,CVT-2-1,32.774988,-101.947051,2.5,0.0031459999829529,0.008371744
P6_R2a,CVT-2-1,32.774988,-101.947051,7.5,0.0023759999871253,0.007846231
P6_R2a,CVT-2-1,32.774988,-101.947051,22.5,0.0029000000432133,0.0059707765
P6_R2a,CVT-2-1,32.774988,-101.947051,55.0,0.0025740001022814,0.0024989855
P6_R2a,CVT-2-1,32.774988,-101.947051,87.5,0.0023550000935792,0.0017705944
P6_R2b,CVT-2-2,32.774988,-101.947051,2.5,0.0019529999390243,0.008371744
P6_R2b,CVT-2-2,32.774988,-101.947051,7.5,0.002635000027716,0.007846231
P6_R2b,CVT-2-2,32.774988,-101.947051,22.5,0.0023220000922678,0.0059707765
P6_R2b,CVT-2-2,32.774988,-101.947051,55.0,0.0023290000244973,0.0024989855
P6_R2b,CVT-2-2,32.774988,-101.947051,87.5,0.0018329999327658,0.0017705944
P6_R2c,CVT-2-3,32.774988,-101.947051,2.5,0.0025919999420642,0.008371744
P6_R2c,CVT-2-3,32.774988,-101.947051,7.5,0.0020060000210999,0.007846231
P6_R2c,CVT-2-3,32.774988,-101.947051,22.5,0.0026460001051424,0.0059707765
P6_R2c,CVT-2-3,32.774988,-101.947051,55.0,0.0027720001101492,0.0024989855
P6_R2c,CVT-2-3,32.774988,-101.947051,87.5,0.0032129998996852,0.0017705944
P7_R3a,NTM-3-1,32.775739,-101.94738006591795,2.5,0.0088549997806548,0.008540217
P7_R3a,NTM-3-1,32.775739,-101.94738006591795,7.5,0.004730000078678,0.008058633
P7_R3a,NTM-3-1,32.775739,-101.94738006591795,22.5,0.0029200000435113,0.0057163797
P7_R3a,NTM-3-1,32.775739,-101.94738006591795,55.0,0.0033120000600814,0.0022454646
P7_R3a,NTM-3-1,32.775739,-101.94738006591795,87.5,0.0033840001344679,0.0016158426
P7_R3b,NTM-3-2,32.775739,-101.94738006591795,2.5,0.0147960005879401,0.008540217
P7_R3b,NTM-3-2,32.775739,-101.94738006591795,7.5,0.0085560000658035,0.008058633
P7_R3b,NTM-3-2,32.775739,-101.94738006591795,22.5,0.0017279999613761,0.0057163797
P7_R3b,NTM-3-2,32.775739,-101.94738006591795,55.0,0.0032119999825953,0.0022454646
P7_R3b,NTM-3-2,32.775739,-101.94738006591795,87.5,0.0055099999308584,0.0016158426
P7_R3c,NTM-3-3,32.775739,-101.94738006591795,2.5,0.0074970001459121,0.008540217
P7_R3c,NTM-3-3,32.775739,-101.94738006591795,7.5,0.0043240000784396,0.008058633
P7_R3c,NTM-3-3,32.775739,-101.94738006591795,22.5,0.0019499999284743,0.0057163797
P7_R3c,NTM-3-3,32.775739,-101.94738006591795,55.0,0.0020409999251364,0.0022454646
P7_R3c,NTM-3-3,32.775739,-101.94738006591795,87.5,0.0010290000043808,0.0016158426
P8_R3a,CVT-3-1,32.775733947753906,-101.947185,2.5,0.0028119999647139,0.008540217
P8_R3a,CVT-3-1,32.775733947753906,-101.947185,7.5,0.0036540001451967,0.008058633
P8_R3a,CVT-3-1,32.775733947753906,-101.947185,22.5,0.0031019999831913,0.0057163797
P8_R3a,CVT-3-1,32.775733947753906,-101.947185,55.0,0.0018849999308584,0.0022454646
P8_R3a,CVT-3-1,32.775733947753906,-101.947185,87.5,0.0014600000217556,0.0016158426
P8_R3b,CVT-3-2,32.775733947753906,-101.947185,2.5,0.0034720000267028,0.008540217
P8_R3b,CVT-3-2,32.775733947753906,-101.947185,7.5,0.0035310001403093,0.008058633
P8_R3b,CVT-3-2,32.775733947753906,-101.947185,22.5,0.0033879999816416,0.0057163797
P8_R3b,CVT-3-2,32.775733947753906,-101.947185,55.0,0.0032779999822377,0.0022454646
P8_R3b,CVT-3-2,32.775733947753906,-101.947185,87.5,0.0017519999608397,0.0016158426
P8_R3c,CVT-3-3,32.775733947753906,-101.947185,2.5,0.0030400000452994,0.008540217
P8_R3c,CVT-3-3,32.775733947753906,-101.947185,7.5,0.0044770000576972,0.008058633
P8_R3c,CVT-3-3,32.775733947753906,-101.947185,22.5,0.0026520000278948,0.0057163797
P8_R3c,CVT-3-3,32.775733947753906,-101.947185,55.0,0.0031019999831913,0.0022454646
P8_R3c,CVT-3-3,32.775733947753906,-101.947185,87.5,0.0021150000840424,0.0016158426
CK-1A-ASP2,ASP2-1,46.78188975,-117.0822114,2.5,0.0217299200057982,0.020779284
CK-1A-ASP2,ASP2-1,46.78188975,-117.0822114,7.5,0.0214463202953337,0.020359915
CK-1A-ASP2,ASP2-1,46.78188975,-117.0822114,19.5,0.0253988998532294,0.016204322
CK-1A-ASP2,ASP2-1,46.78188975,-117.0822114,47.0,0.0171595603466032,0.010138384
CK-1A-ASP2,ASP2-1,46.78188975,-117.0822114,76.5,0.010694207894802,0.008683628
CK-1B-ASP2,ASP2-2,46.78188975,-117.0822114,2.5,0.0136945198774337,0.020779284
CK-1B-ASP2,ASP2-2,46.78188975,-117.0822114,7.5,0.0166042506694793,0.020359915
CK-1B-ASP2,ASP2-2,46.78188975,-117.0822114,21.0,0.0161461699604987,0.016163683
CK-1B-ASP2,ASP2-2,46.78188975,-117.0822114,54.5,0.0099926317214965,0.009532745
CK-1B-ASP2,ASP2-2,46.78188975,-117.0822114,87.5,0.005892959833145,0.008683628
CK-1C-ASP2,ASP2-3,46.78188975,-117.0822114,2.5,0.0158149196147918,0.020779284
CK-1C-ASP2,ASP2-3,46.78188975,-117.0822114,7.5,0.022707969379425,0.020359915
CK-1C-ASP2,ASP2-3,46.78188975,-117.0822114,24.5,0.02736420006752,0.013869963
CK-1C-ASP2,ASP2-3,46.78188975,-117.0822114,51.5,0.0197248001098631,0.009532745
CK-1C-ASP2,ASP2-3,46.78188975,-117.0822114,76.5,0.0081665612757205,0.008683628
CK-2A-BAU9,BAU9-1,46.78188975,-117.0822114,2.5,0.0117599401235579,0.020779284
CK-2A-BAU9,BAU9-1,46.78188975,-117.0822114,7.5,0.0098085004091262,0.020359915
CK-2A-BAU9,BAU9-1,46.78188975,-117.0822114,21.5,0.0153885702848433,0.015844889
CK-2A-BAU9,BAU9-1,46.78188975,-117.0822114,50.5,0.0113477997779845,0.009532745
CK-2A-BAU9,BAU9-1,46.78188975,-117.0822114,78.5,0.0091623841047286,0.008683628
CK-2A-BAU9,BAU9-1,46.78188975,-117.0822114,97.5,0.004643304145336,0.008683628
CK-2A-BAU9,BAU9-1,46.78188975,-117.0822114,114.0,0.002852514052391,0.008683628
CK-2B-BAU9,BAU9-2,46.78188975,-117.0822114,2.5,0.0110711996555328,0.020779284
CK-2B-BAU9,BAU9-2,46.78188975,-117.0822114,7.5,0.0132114398002624,0.020359915
CK-2B-BAU9,BAU9-2,46.78188975,-117.0822114,20.5,0.0161929206132888,0.016163683
CK-2B-BAU9,BAU9-2,46.78188975,-117.0822114,45.5,0.0093987429738044,0.010138384
CK-2B-BAU9,BAU9-2,46.78188975,-117.0822114,71.5,0.0039957209944724,0.008683628
CK-2B-BAU9,BAU9-2,46.78188975,-117.0822114,93.0,0.0073873801827429,0.008683628
CK-2B-BAU9,BAU9-2,46.78188975,-117.0822114,112.5,0.0048332361161707,0.008683628
CK-2C-BAU9,BAU9-3,46.78188975,-117.0822114,2.5,0.016738919520378,0.020779284
CK-2C-BAU9,BAU9-3,46.78188975,-117.0822114,7.5,0.0139095595121383,0.020359915
CK-2C-BAU9,BAU9-3,46.78188975,-117.0822114,72.5,0.0073660948872565,0.008683628
JEA-1A-ASP10,ASP10-1,46.78836813,-117.4595977,21.5,0.0124320000529289,0.011764635
JEA-1A-ASP10,ASP10-1,46.78836813,-117.4595977,46.5,0.0049439998894929,0.006784945
JEA-1A-ASP10,ASP10-1,46.78836813,-117.4595977,71.0,0.0038520001530646,0.005659458
JEA-1A-ASP10,ASP10-1,46.78836813,-117.4595977,94.0,0.0027440000116824,0.005659458
JEA-1A-ASP10,ASP10-1,46.78836813,-117.4595977,114.0,0.0023970000252126,0.005659458
JEA-1B-ASP10,ASP10-2,46.788368,-117.4595978,21.0,0.011,0.0122047225
JEA-1B-ASP10,ASP10-2,46.788368,-117.4595978,43.5,0.0054119999706744,0.0070922794
JEA-1B-ASP10,ASP10-2,46.788368,-117.4595978,69.5,0.0024380000442265,0.005659458
JEA-1B-ASP10,ASP10-2,46.788368,-117.4595978,96.0,0.0015839999645948,0.005659458
JEA-1B-ASP10,ASP10-2,46.788368,-117.4595978,115.0,0.0007679999828338,0.005659458
JEA-1C-ASP10,ASP10-3,46.78836851,-117.4595972,18.5,0.0070840001285076,0.0123449555
JEA-1C-ASP10,ASP10-3,46.78836851,-117.4595972,39.0,0.0010999999940395,0.007800315
JEA-1C-ASP10,ASP10-3,46.78836851,-117.4595972,64.5,0.0009759999781846,0.0057902443
JEA-1C-ASP10,ASP10-3,46.78836851,-117.4595972,91.5,0.0008050000034272,0.005659458
JEA-1C-ASP10,ASP10-3,46.78836851,-117.4595972,113.5,0.000535000007972,0.005659458
KUI-1A-ASP6,ASP6-1,46.78188975,-117.0822114,2.5,0.0255419992446899,0.020779284
KUI-1A-ASP6,ASP6-1,46.78188975,-117.0822114,7.5,0.0172380005836485,0.020359915
KUI-1A-ASP6,ASP6-1,46.78188975,-117.0822114,19.0,0.0169499999999999,0.01606665
KUI-1A-ASP6,ASP6-1,46.78188975,-117.0822114,38.0,0.0082960000872611,0.011064229
KUI-1A-ASP6,ASP6-1,46.78188975,-117.0822114,60.0,0.0046400000691413,0.008870363
KUI-1A-ASP6,ASP6-1,46.78188975,-117.0822114,82.0,0.0031979998826979,0.008683628
KUI-1A-ASP6,ASP6-1,46.78188975,-117.0822114,107.0,0.0024149999246,0.008683628
KUI-1B-ASP6,ASP6-2,46.78188975,-117.0822114,2.5,0.0209670007467269,0.020779284
KUI-1B-ASP6,ASP6-2,46.78188975,-117.0822114,7.5,0.0142799997329711,0.020359915
KUI-1B-ASP6,ASP6-2,46.78188975,-117.0822114,21.5,0.0158549998998641,0.015844889
KUI-1B-ASP6,ASP6-2,46.78188975,-117.0822114,45.0,0.0058200001716613,0.010563696
KUI-1B-ASP6,ASP6-2,46.78188975,-117.0822114,72.5,0.007669999718666,0.008683628
KUI-1B-ASP6,ASP6-2,46.78188975,-117.0822114,97.0,0.0055,0.008683628
KUI-1B-ASP6,ASP6-2,46.78188975,-117.0822114,114.0,0.0044079999446867,0.008683628
KUI-1C-ASP6,ASP6-3,46.78188975,-117.0822114,2.5,0.0287830006122588,0.020779284
KUI-1C-ASP6,ASP6-3,46.78188975,-117.0822114,7.5,0.0196350000500678,0.020359915
KUI-1C-ASP6,ASP6-3,46.78188975,-117.0822114,19.0,0.0206080003738403,0.01606665
KUI-1C-ASP6,ASP6-3,46.78188975,-117.0822114,44.5,0.011134999513626,0.010563696
KUI-1C-ASP6,ASP6-3,46.78188975,-117.0822114,74.5,0.0109610003232954,0.008683628
KUI-1C-ASP6,ASP6-3,46.78188975,-117.0822114,98.5,0.007752000081539,0.008683628
KUI-1C-ASP6,ASP6-3,46.78188975,-117.0822114,115.5,0.0050530000388621,0.008683628
KUI-2A-BAU3,BAU3-1,46.78188975,-117.0822114,2.5,0.0157849996328353,0.020779284
KUI-2A-BAU3,BAU3-1,46.78188975,-117.0822114,7.5,0.0117149998307227,0.020359915
KUI-2A-BAU3,BAU3-1,46.78188975,-117.0822114,22.0,0.009858000075817,0.015844889
KUI-2A-BAU3,BAU3-1,46.78188975,-117.0822114,52.0,0.0049819999873637,0.009532745
KUI-2A-BAU3,BAU3-1,46.78188975,-117.0822114,85.0,0.0047959999740123,0.008683628
KUI-2A-BAU3,BAU3-1,46.78188975,-117.0822114,111.0,0.0043459999620914,0.008683628
KUI-2B-BAU3,BAU3-2,46.74504916,-117.4236809,2.5,0.0126,0.026632972
KUI-2B-BAU3,BAU3-2,46.74504916,-117.4236809,7.5,0.0089110002875327,0.024140798
KUI-2B-BAU3,BAU3-2,46.74504916,-117.4236809,24.0,0.0083159997403621,0.010459734
KUI-2B-BAU3,BAU3-2,46.74504916,-117.4236809,56.5,0.006440000027418,0.006854854
KUI-2B-BAU3,BAU3-2,46.74504916,-117.4236809,89.0,0.005813999891281,0.006268552
KUI-2B-BAU3,BAU3-2,46.74504916,-117.4236809,112.5,0.0022400000333785,0.006268552
KUI-2C-BAU3,BAU3-3,46.74504916,-117.4236809,2.5,0.0136799998283386,0.026632972
KUI-2C-BAU3,BAU3-3,46.74504916,-117.4236809,7.5,0.0102240004062651,0.024140798
KUI-2C-BAU3,BAU3-3,46.74504916,-117.4236809,21.5,0.0086000001430511,0.012493451
KUI-2C-BAU3,BAU3-3,46.74504916,-117.4236809,52.5,0.0050489999055861,0.0068921745
KUI-2C-BAU3,BAU3-3,46.74504916,-117.4236809,83.0,0.0029700001180171,0.006268552
KUI-2C-BAU3,BAU3-3,46.74504916,-117.4236809,108.0,0.0010800000429153,0.006268552
LYM-1A-BAU8,BAU8-1,46.74504916,-117.4236809,19.5,0.0165344009399413,0.013124266
LYM-1A-BAU8,BAU8-1,46.74504916,-117.4236809,54.0,0.0185133204460143,0.0068921745
LYM-1A-BAU8,BAU8-1,46.74504916,-117.4236809,92.5,0.0173249995708465,0.006268552
LYM-1B-BAU8,BAU8-2,46.74504915,-117.4236809,18.0,0.0177477998971938,0.01425097
LYM-1B-BAU8,BAU8-2,46.74504915,-117.4236809,66.5,0.0236034007072448,0.006268552
LYM-1C-BAU8,BAU8-3,46.74504922,-117.4236808,17.0,0.0298929400205611,0.01425097
LYM-1C-BAU8,BAU8-3,46.74504922,-117.4236808,43.0,0.0163820497989653,0.007693609
PCFS1-PGL7a,PGL7-7a,46.75739636,-117.1998969,15.0,0.0137295003771781,0.017809229
PCFS1-PGL7a,PGL7-7a,46.75739636,-117.1998969,30.5,0.0062278247773647,0.012026728
PCFS1-PGL7a,PGL7-7a,46.75739636,-117.1998969,52.5,0.0045354001522063,0.0081638405
PCFS1-PGL7b,PGL7-7b,46.75739636,-117.1998969,2.5,0.0202548099517821,0.027231274
PCFS1-PGL7b,PGL7-7b,46.75739636,-117.1998969,7.5,0.0144742000579833,0.024472082
PCFS1-PGL7b,PGL7-7b,46.75739636,-117.1998969,16.0,0.0152089794754981,0.01714365
PCFS1-PGL7b,PGL7-7b,46.75739636,-117.1998969,33.5,0.0100874078392981,0.010865515
PCFS1-PGL7b,PGL7-7b,46.75739636,-117.1998969,85.0,0.0038654851734637,0.0073752375
PCFS1-PGL7c,PGL7-7c,46.75739636,-117.1998969,2.5,0.0286048796653747,0.027231274
PCFS1-PGL7c,PGL7-7c,46.75739636,-117.1998969,7.5,0.0161335795998573,0.024472082
PCFS1-PGL7c,PGL7-7c,46.75739636,-117.1998969,16.5,0.0128823995590209,0.016951011
PCFS1-PGL7c,PGL7-7c,46.75739636,-117.1998969,32.5,0.0164985396385192,0.0116524445
PCFS3-1A-ASP9,ASP9-1,46.75757137,-117.2000596,2.5,0.0280043397188186,0.027231274
PCFS3-1A-ASP9,ASP9-1,46.75757137,-117.2000596,7.5,0.0141628500223159,0.024472082
PCFS3-1A-ASP9,ASP9-1,46.75757137,-117.2000596,20.0,0.0165280501842498,0.015971985
PCFS3-1A-ASP9,ASP9-1,46.75757137,-117.2000596,46.5,0.0206062396526335,0.008768663
PCFS3-1A-ASP9,ASP9-1,46.75757137,-117.2000596,83.5,0.0154772794723509,0.0073752375
PCFS3-1A-ASP9,ASP9-1,46.75757137,-117.2000596,113.0,0.0117649399757385,0.0073752375
PCFS3-1B-ASP9,ASP9-2,46.75757137,-117.2000596,2.5,0.0276252598285674,0.027231274
PCFS3-1B-ASP9,ASP9-2,46.75757137,-117.2000596,7.5,0.0168861006021499,0.024472082
PCFS3-1B-ASP9,ASP9-2,46.75757137,-117.2000596,21.5,0.0157172399282454,0.01537344
PCFS3-1B-ASP9,ASP9-2,46.75757137,-117.2000596,45.0,0.0159118300557136,0.009108349
PCFS3-1B-ASP9,ASP9-2,46.75757137,-117.2000596,72.0,0.0113048066675663,0.0073752375
PCFS3-1B-ASP9,ASP9-2,46.75757137,-117.2000596,98.0,0.0063036302804946,0.0073752375
PCFS3-1B-ASP9,ASP9-2,46.75757137,-117.2000596,115.5,0.004447449979186,0.0073752375
PCFS3-1C-ASP9,ASP9-3,46.74504918,-117.4236807,2.5,0.0353121398448944,0.026632972
PCFS3-1C-ASP9,ASP9-3,46.74504918,-117.4236807,7.5,0.0112380800962447,0.024140798
PCFS3-1C-ASP9,ASP9-3,46.74504918,-117.4236807,19.5,0.0116928197979926,0.013124266
PCFS3-1C-ASP9,ASP9-3,46.74504918,-117.4236807,40.0,0.0092509381771087,0.008169788
PCFS3-1C-ASP9,ASP9-3,46.74504918,-117.4236807,66.5,0.0056101761341094,0.006268552
PCFS3-1C-ASP9,ASP9-3,46.74504918,-117.4236807,94.0,0.003384443950653,0.006268552
PCFS3-1C-ASP9,ASP9-3,46.74504918,-117.4236807,114.0,0.0015196799755096,0.006268552
PCFS3-2A-PGL9,PGL9-1,46.75757146,-117.20005798339844,2.5,0.0280043397188186,0.027231274
PCFS3-2A-PGL9,PGL9-1,46.75757146,-117.20005798339844,7.5,0.0141628500223159,0.024472082
PCFS3-2A-PGL9,PGL9-1,46.75757146,-117.20005798339844,20.0,0.0165280501842498,0.015971985
PCFS3-2A-PGL9,PGL9-1,46.75757146,-117.20005798339844,46.5,0.0206062396526335,0.008768663
PCFS3-2A-PGL9,PGL9-1,46.75757146,-117.20005798339844,83.5,0.0154772794723509,0.0073752375
PCFS3-2A-PGL9,PGL9-1,46.75757146,-117.20005798339844,113.0,0.0117649399757385,0.0073752375
PCFS3-2B-PGL9,PGL9-2,46.75739636,-117.1998969,2.5,0.0276252598285674,0.027231274
PCFS3-2B-PGL9,PGL9-2,46.75739636,-117.1998969,7.5,0.0168861006021499,0.024472082
PCFS3-2B-PGL9,PGL9-2,46.75739636,-117.1998969,21.5,0.0157172399282454,0.01537344
PCFS3-2B-PGL9,PGL9-2,46.75739636,-117.1998969,45.0,0.0159118300557136,0.009108349
PCFS3-2B-PGL9,PGL9-2,46.75739636,-117.1998969,72.0,0.0113048066675663,0.0073752375
PCFS3-2B-PGL9,PGL9-2,46.75739636,-117.1998969,98.0,0.0063036302804946,0.0073752375
PCFS3-2B-PGL9,PGL9-2,46.75739636,-117.1998969,115.5,0.004447449979186,0.0073752375
PCFS3-2C-PGL9,PGL9-3,46.75739636,-117.1998969,2.5,0.0353121398448944,0.027231274
PCFS3-2C-PGL9,PGL9-3,46.75739636,-117.1998969,7.5,0.0112380800962447,0.024472082
PCFS3-2C-PGL9,PGL9-3,46.75739636,-117.1998969,19.5,0.0116928197979926,0.015971985
PCFS3-2C-PGL9,PGL9-3,46.75739636,-117.1998969,40.0,0.0092509381771087,0.009615134
PCFS3-2C-PGL9,PGL9-3,46.75739636,-117.1998969,66.5,0.0056101761341094,0.0073752375
PCFS3-2C-PGL9,PGL9-3,46.75739636,-117.1998969,94.0,0.003384443950653,0.0073752375
PCFS3-2C-PGL9,PGL9-3,46.75739636,-117.1998969,114.0,0.0015196799755096,0.0073752375
S2019MN99-A-CON,CON-1,43.7476806640625,-92.845294,2.5,0.0322169158802241,0.048481453
S2019MN99-A-CON,CON-1,43.7476806640625,-92.845294,7.5,0.0373163119771512,0.051106956
S2019MN99-A-CON,CON-1,43.7476806640625,-92.845294,18.0,0.0326926859174545,0.04272838
S2019MN99-A-CON,CON-1,43.7476806640625,-92.845294,38.0,0.013400248451241,0.03336429
S2019MN99-A-CON,CON-1,43.7476806640625,-92.845294,80.0,0.005961074519536,0.030241601
S2019MN99-B-CON,CON-2,43.74790573120117,-92.845601,2.5,0.0375456632279321,0.04878313
S2019MN99-B-CON,CON-2,43.74790573120117,-92.845601,7.5,0.0345747701334262,0.05129259
S2019MN99-B-CON,CON-2,43.74790573120117,-92.845601,21.0,0.0325394737352589,0.041903947
S2019MN99-B-CON,CON-2,43.74790573120117,-92.845601,43.0,0.0156579554412573,0.03213366
S2019MN99-B-CON,CON-2,43.74790573120117,-92.845601,65.5,0.008279044871274,0.030604616
S2019MN99-B-CON,CON-2,43.74790573120117,-92.845601,107.0,0.0058358926582345,0.030604616
S2019MN99-C-CON,CON-3,43.74759292602539,-92.844985,2.5,0.0319202889553156,0.048481453
S2019MN99-C-CON,CON-3,43.74759292602539,-92.844985,7.5,0.0349377946253439,0.051106956
S2019MN99-C-CON,CON-3,43.74759292602539,-92.844985,17.5,0.0267935576811436,0.042961176
S2019MN99-C-CON,CON-3,43.74759292602539,-92.844985,30.0,0.0107073221538488,0.03650628
S2019MN99-C-CON,CON-3,43.74759292602539,-92.844985,47.5,0.0087848669371913,0.031006012
S2019MN99-C-CON,CON-3,43.74759292602539,-92.844985,70.0,0.0061952399055912,0.030241601
S2019MN99-C-CON,CON-3,43.74759292602539,-92.844985,95.0,0.0028724554238785,0.030241601
S2019MN99-D-CON,CON-4,43.750483,-92.84107208251952,2.5,0.0303934647500422,0.036218338
S2019MN99-D-CON,CON-4,43.750483,-92.84107208251952,7.5,0.0330255126469371,0.037897542
S2019MN99-D-CON,CON-4,43.750483,-92.84107208251952,17.5,0.0370741783973403,0.034041174
S2019MN99-D-CON,CON-4,43.750483,-92.84107208251952,36.0,0.0149091099174069,0.026994312
S2019MN99-D-CON,CON-4,43.750483,-92.84107208251952,78.5,0.005203380550732,0.022958618
S2019MN99-E-CON,CON-5,43.7506217956543,-92.84133911132812,2.5,0.0302385020619624,0.036218338
S2019MN99-E-CON,CON-5,43.7506217956543,-92.84133911132812,7.5,0.0318193377578924,0.037897542
S2019MN99-E-CON,CON-5,43.7506217956543,-92.84133911132812,16.0,0.0395067580099631,0.03357798
S2019MN99-E-CON,CON-5,43.7506217956543,-92.84133911132812,37.5,0.0129740765777129,0.025903607
S2019MN99-E-CON,CON-5,43.7506217956543,-92.84133911132812,66.5,0.0078967460259772,0.022958618
S2019MN99-E-CON,CON-5,43.7506217956543,-92.84133911132812,95.0,0.0032391968466515,0.022958618
S2019MN99-F-CON,CON-6,43.75033950805664,-92.84078216552734,2.5,0.0372223191129277,0.036294837
S2019MN99-F-CON,CON-6,43.75033950805664,-92.84078216552734,7.5,0.0378721810177018,0.037974168
S2019MN99-F-CON,CON-6,43.75033950805664,-92.84078216552734,17.5,0.0292670141828915,0.034117512
S2019MN99-F-CON,CON-6,43.75033950805664,-92.84078216552734,33.5,0.0163494275360843,0.027226303
S2019MN99-F-CON,CON-6,43.75033950805664,-92.84078216552734,64.5,0.0062214710347448,0.023040483
S2019MN99-G-CON,CON-7,43.752220153808594,-92.84329223632812,2.5,0.0245478492641244,0.035808723
S2019MN99-G-CON,CON-7,43.752220153808594,-92.84329223632812,7.5,0.0370158877975069,0.03748727
S2019MN99-G-CON,CON-7,43.752220153808594,-92.84329223632812,15.0,0.0384033878033687,0.03307687
S2019MN99-G-CON,CON-7,43.752220153808594,-92.84329223632812,27.0,0.0129069153707514,0.028157972
S2019MN99-G-CON,CON-7,43.752220153808594,-92.84329223632812,52.0,0.0096783331948682,0.02274155
S2019MN99-G-CON,CON-7,43.752220153808594,-92.84329223632812,76.5,0.0058139156743021,0.022491524
S2019MN99-G-CON,CON-7,43.752220153808594,-92.84329223632812,93.0,0.0228361186050677,0.022491524
S2019MN99-H-CON,CON-8,43.75217819213867,-92.843677,2.5,0.026353209304406,0.035808723
S2019MN99-H-CON,CON-8,43.75217819213867,-92.843677,7.5,0.0365208027683703,0.03748727
S2019MN99-H-CON,CON-8,43.75217819213867,-92.843677,16.0,0.0248630594718435,0.032520287
S2019MN99-H-CON,CON-8,43.75217819213867,-92.843677,30.5,0.0169629624887423,0.027969034
S2019MN99-H-CON,CON-8,43.75217819213867,-92.843677,52.0,0.0092829095801654,0.02274155
S2019MN99-H-CON,CON-8,43.75217819213867,-92.843677,80.5,0.0069128528101019,0.022491524
S2019MN99-H-CON,CON-8,43.75217819213867,-92.843677,119.0,0.0272046821862598,0.022491524
S2019MN99-I-CON,CON-9,43.752284,-92.842882,2.5,0.0440647664691691,0.03606649
S2019MN99-I-CON,CON-9,43.752284,-92.842882,7.5,0.039726896316513,0.03774545
S2019MN99-I-CON,CON-9,43.752284,-92.842882,15.0,0.0377049032326891,0.033481598
S2019MN99-I-CON,CON-9,43.752284,-92.842882,37.0,0.0158667850734819,0.026111314
S2019MN99-I-CON,CON-9,43.752284,-92.842882,54.0,0.0120901728220655,0.023142217
S2019MN99-I-CON,CON-9,43.752284,-92.842882,82.5,0.0056967589150912,0.02289209
S2019MN99-A-ALT,ALT-1,43.74983978271485,-92.8546371459961,2.5,0.0393284478924671,0.035100237
S2019MN99-A-ALT,ALT-1,43.74983978271485,-92.8546371459961,7.5,0.0366560634602153,0.037412506
S2019MN99-A-ALT,ALT-1,43.74983978271485,-92.8546371459961,15.0,0.0401096770983519,0.03110535
S2019MN99-A-ALT,ALT-1,43.74983978271485,-92.8546371459961,27.5,0.0302309494066358,0.024147654
S2019MN99-A-ALT,ALT-1,43.74983978271485,-92.8546371459961,48.0,0.0067416850173848,0.019529846
S2019MN99-A-ALT,ALT-1,43.74983978271485,-92.8546371459961,80.5,0.0058309663003976,0.01893688
S2019MN99-B-ALT,ALT-2,43.74980926513672,-92.85498809814452,2.5,0.0422692400435191,0.035353977
S2019MN99-B-ALT,ALT-2,43.74980926513672,-92.85498809814452,7.5,0.0377615769366382,0.037666813
S2019MN99-B-ALT,ALT-2,43.74980926513672,-92.85498809814452,16.0,0.0509851798298541,0.030842623
S2019MN99-B-ALT,ALT-2,43.74980926513672,-92.85498809814452,31.0,0.026230574384002,0.024270141
S2019MN99-B-ALT,ALT-2,43.74980926513672,-92.85498809814452,55.0,0.0185423136562046,0.020060219
S2019MN99-B-ALT,ALT-2,43.74980926513672,-92.85498809814452,90.0,0.0143700980441537,0.019840153
S2019MN99-C-ALT,ALT-3,43.74953079223633,-92.85456848144533,2.5,0.0299050973687598,0.035179347
S2019MN99-C-ALT,ALT-3,43.74953079223633,-92.85456848144533,7.5,0.0390300068151009,0.03748923
S2019MN99-C-ALT,ALT-3,43.74953079223633,-92.85456848144533,16.0,0.0254685590416132,0.029455347
S2019MN99-C-ALT,ALT-3,43.74953079223633,-92.85456848144533,30.0,0.0169618133441331,0.022545042
S2019MN99-C-ALT,ALT-3,43.74953079223633,-92.85456848144533,59.0,0.0061386388850441,0.018662266
S2019MN99-C-ALT,ALT-3,43.74953079223633,-92.85456848144533,110.0,0.0051699511270023,0.018584164
S2019MN99-D-ALT,ALT-4,43.74922180175781,-92.85453033447266,2.5,0.049440002744179,0.035179347
S2019MN99-D-ALT,ALT-4,43.74922180175781,-92.85453033447266,7.5,0.0415719395085543,0.03748923
S2019MN99-D-ALT,ALT-4,43.74922180175781,-92.85453033447266,17.5,0.0462631993015567,0.029120702
S2019MN99-D-ALT,ALT-4,43.74922180175781,-92.85453033447266,32.5,0.0223283782211265,0.021927003
S2019MN99-D-ALT,ALT-4,43.74922180175781,-92.85453033447266,50.5,0.0118380940715869,0.01880395
S2019MN99-D-ALT,ALT-4,43.74922180175781,-92.85453033447266,80.5,0.0046711557782941,0.018584164
S2019MN99-E-ALT,ALT-5,43.74898910522461,-92.85466766357422,2.5,0.0464532908823117,0.035179347
S2019MN99-E-ALT,ALT-5,43.74898910522461,-92.85466766357422,7.5,0.054621342038507,0.03748923
S2019MN99-E-ALT,ALT-5,43.74898910522461,-92.85466766357422,18.0,0.0415192832615245,0.028890993
S2019MN99-E-ALT,ALT-5,43.74898910522461,-92.85466766357422,36.0,0.0402052418418898,0.021212649
S2019MN99-E-ALT,ALT-5,43.74898910522461,-92.85466766357422,62.0,0.0074072820328022,0.01861806
S2019MN99-E-ALT,ALT-5,43.74898910522461,-92.85466766357422,97.0,0.0048734810753288,0.018584164
S2019MN99-F-ALT,ALT-6,43.748931884765625,-92.85418701171876,2.5,0.0386435528049319,0.041366618
S2019MN99-F-ALT,ALT-6,43.748931884765625,-92.85418701171876,7.5,0.0409905864642657,0.043319
S2019MN99-F-ALT,ALT-6,43.748931884765625,-92.85418701171876,16.5,0.0389619414188329,0.033511918
S2019MN99-F-ALT,ALT-6,43.748931884765625,-92.85418701171876,33.0,0.0222141783121749,0.024941456
S2019MN99-F-ALT,ALT-6,43.748931884765625,-92.85418701171876,56.5,0.0119083954258839,0.020745281
S2019MN99-F-ALT,ALT-6,43.748931884765625,-92.85418701171876,87.0,0.0084866236468773,0.020487748
S2019MN99-G-ALT,ALT-7,43.74876022338867,-92.85347747802734,2.5,0.0345385121126994,0.041366618
S2019MN99-G-ALT,ALT-7,43.74876022338867,-92.85347747802734,7.5,0.0427129520024378,0.043319
S2019MN99-G-ALT,ALT-7,43.74876022338867,-92.85347747802734,18.5,0.0367316438622926,0.031501412
S2019MN99-G-ALT,ALT-7,43.74876022338867,-92.85347747802734,41.5,0.022270297202759,0.022096341
S2019MN99-G-ALT,ALT-7,43.74876022338867,-92.85347747802734,66.5,0.0194221182924526,0.020487748
S2019MN99-G-ALT,ALT-7,43.74876022338867,-92.85347747802734,88.5,0.0058819747795462,0.020487748
S2019MN99-H-ALT,ALT-8,43.74855041503906,-92.8537368774414,2.5,0.0405632231524671,0.041366618
S2019MN99-H-ALT,ALT-8,43.74855041503906,-92.8537368774414,7.5,0.0467470632857989,0.043319
S2019MN99-H-ALT,ALT-8,43.74855041503906,-92.8537368774414,16.5,0.0373710342454219,0.033511918
S2019MN99-H-ALT,ALT-8,43.74855041503906,-92.8537368774414,32.0,0.0208934016802808,0.025372218
S2019MN99-H-ALT,ALT-8,43.74855041503906,-92.8537368774414,63.0,0.0058024500543607,0.02052171
S2019MN99-H-ALT,ALT-8,43.74855041503906,-92.8537368774414,101.0,0.0042497620300209,0.020487748
S2019MN99-I-ALT,ALT-9,43.749000549316406,-92.85340881347656,2.5,0.0394959616062143,0.04117544
S2019MN99-I-ALT,ALT-9,43.749000549316406,-92.85340881347656,7.5,0.0473733994827447,0.043127466
S2019MN99-I-ALT,ALT-9,43.749000549316406,-92.85340881347656,15.5,0.0394878072110941,0.03400142
S2019MN99-I-ALT,ALT-9,43.749000549316406,-92.85340881347656,33.5,0.0255982331725111,0.02417175
S2019MN99-I-ALT,ALT-9,43.749000549316406,-92.85340881347656,59.0,0.0278606710241972,0.020086529
S2019MN99-I-ALT,ALT-9,43.749000549316406,-92.85340881347656,90.0,0.0057317062309465,0.020008318
S2019MN99-A-REF,REF-1,43.746917,-92.845067,2.5,0.0448625821735284,0.04705608
S2019MN99-A-REF,REF-1,43.746917,-92.845067,7.5,0.0522001431575874,0.04987787
S2019MN99-A-REF,REF-1,43.746917,-92.845067,17.0,0.04269364541738,0.040702596
S2019MN99-A-REF,REF-1,43.746917,-92.845067,33.0,0.0400205170181638,0.033482265
S2019MN99-A-REF,REF-1,43.746917,-92.845067,56.0,0.0353891652527097,0.029278418
S2019MN99-A-REF,REF-1,43.746917,-92.845067,81.0,0.022714467103489,0.029150603
S2019MN99-A-REF,REF-1,43.746917,-92.845067,126.5,0.0080559955399472,0.029150603
S2019MN99-B-REF,REF-2,43.74689865112305,-92.84539794921876,2.5,0.0350048564132128,0.04705608
S2019MN99-B-REF,REF-2,43.74689865112305,-92.84539794921876,7.5,0.0488311810028353,0.04987787
S2019MN99-B-REF,REF-2,43.74689865112305,-92.84539794921876,18.0,0.0424135363778886,0.040470302
S2019MN99-B-REF,REF-2,43.74689865112305,-92.84539794921876,44.0,0.0464739552541072,0.030341843
S2019MN99-B-REF,REF-2,43.74689865112305,-92.84539794921876,81.0,0.0250502286542053,0.029150603
S2019MN99-C-REF,REF-3,43.746883392333984,-92.84465026855467,2.5,0.0549858916929143,0.04705608
S2019MN99-C-REF,REF-3,43.746883392333984,-92.84465026855467,7.5,0.0335169438416916,0.04987787
S2019MN99-C-REF,REF-3,43.746883392333984,-92.84465026855467,23.0,0.032624627885747,0.037537165
S2019MN99-C-REF,REF-3,43.746883392333984,-92.84465026855467,49.0,0.0407376709977639,0.029430833
S2019MN99-C-REF,REF-3,43.746883392333984,-92.84465026855467,72.5,0.0212450939670456,0.029150603
S2019MN99-C-REF,REF-3,43.746883392333984,-92.84465026855467,88.0,0.0127426246915143,0.029150603
S2019MN99-C-REF,REF-3,43.746883392333984,-92.84465026855467,121.5,0.0036026832852149,0.029150603
S2019MN99-D-REF,REF-4,43.746883392333984,-92.8439483642578,2.5,0.0467048954295611,0.04705608
S2019MN99-D-REF,REF-4,43.746883392333984,-92.8439483642578,7.5,0.0485367424364834,0.04987787
S2019MN99-D-REF,REF-4,43.746883392333984,-92.8439483642578,19.5,0.0378916469269279,0.039092537
S2019MN99-D-REF,REF-4,43.746883392333984,-92.8439483642578,40.0,0.0319190964507086,0.031210976
S2019MN99-D-REF,REF-4,43.746883392333984,-92.8439483642578,60.5,0.0254540583546879,0.029184852
S2019MN99-D-REF,REF-4,43.746883392333984,-92.8439483642578,100.0,0.0049420553669744,0.029150603
S2019MN99-E-REF,REF-5,43.74689865112305,-92.844333,2.5,0.054227942947725,0.04705608
S2019MN99-E-REF,REF-5,43.74689865112305,-92.844333,7.5,0.0474870333904195,0.04987787
S2019MN99-E-REF,REF-5,43.74689865112305,-92.844333,26.0,0.037687079220446,0.03464733
S2019MN99-E-REF,REF-5,43.74689865112305,-92.844333,60.0,0.0267843776918601,0.029216792
S2019MN99-E-REF,REF-5,43.74689865112305,-92.844333,113.0,0.005938619044872,0.029150603
S2019MN99-F-REF,REF-6,43.746849060058594,-92.84359741210938,2.5,0.0614660959399371,0.04705608
S2019MN99-F-REF,REF-6,43.746849060058594,-92.84359741210938,7.5,0.0453644873365733,0.04987787
S2019MN99-F-REF,REF-6,43.746849060058594,-92.84359741210938,29.5,0.0434934197787346,0.03436957
S2019MN99-F-REF,REF-6,43.746849060058594,-92.84359741210938,60.5,0.0210224864960629,0.029184852
S2019MN99-F-REF,REF-6,43.746849060058594,-92.84359741210938,78.0,0.0157016649375079,0.029150603
S2019MN99-F-REF,REF-6,43.746849060058594,-92.84359741210938,108.5,0.0079026144828457,0.029150603
S2019MN99-G-REF,REF-7,43.746849060058594,-92.84300231933594,2.5,0.036044073000588,0.048336986
S2019MN99-G-REF,REF-7,43.746849060058594,-92.84300231933594,7.5,0.0383582340618307,0.050834246
S2019MN99-G-REF,REF-7,43.746849060058594,-92.84300231933594,22.5,0.0316172569257005,0.04039077
S2019MN99-G-REF,REF-7,43.746849060058594,-92.84300231933594,47.5,0.0397038331606399,0.031428672
S2019MN99-G-REF,REF-7,43.746849060058594,-92.84300231933594,70.0,0.0398930569913525,0.030663949
S2019MN99-G-REF,REF-7,43.746849060058594,-92.84300231933594,106.0,0.0053707556690726,0.030663949
S2019MN99-H-REF,REF-8,43.74689865112305,-92.84324645996094,2.5,0.0442898113914582,0.048032347
S2019MN99-H-REF,REF-8,43.74689865112305,-92.84324645996094,7.5,0.0490913035532477,0.05060991
S2019MN99-H-REF,REF-8,43.74689865112305,-92.84324645996094,21.5,0.0436803137749166,0.040335227
S2019MN99-H-REF,REF-8,43.74689865112305,-92.84324645996094,42.5,0.0331313689941416,0.03190363
S2019MN99-H-REF,REF-8,43.74689865112305,-92.84324645996094,62.0,0.0260706761234057,0.030297162
S2019MN99-H-REF,REF-8,43.74689865112305,-92.84324645996094,93.5,0.0095931282262217,0.030262876
S2019MN99-I-REF,REF-9,43.746867,-92.8426513671875,2.5,0.0405863373123493,0.048336986
S2019MN99-I-REF,REF-9,43.746867,-92.8426513671875,7.5,0.0488951298166441,0.050834246
S2019MN99-I-REF,REF-9,43.746867,-92.8426513671875,17.5,0.0359707039736569,0.04345975
S2019MN99-I-REF,REF-9,43.746867,-92.8426513671875,38.5,0.0348433045649181,0.033750184
S2019MN99-I-REF,REF-9,43.746867,-92.8426513671875,61.5,0.0195422457600339,0.030698247
S2019MN99-I-REF,REF-9,43.746867,-92.8426513671875,98.5,0.0056109424942144,0.030663949
S2019OR003001,JoF1-1,44.6361175,-123.2972812,2.5,0.0213287939095496,0.031725988
S2019OR003001,JoF1-1,44.6361175,-123.2972812,7.5,0.0229518698847293,0.03015229
S2019OR003001,JoF1-1,44.6361175,-123.2972812,19.5,0.0304871200752257,0.021340176
S2019OR003001,JoF1-1,44.6361175,-123.2972812,37.0,0.0220211192321777,0.016491633
S2019OR003001,JoF1-1,44.6361175,-123.2972812,72.5,0.0067043996930121,0.014472517
S2019OR003001,JoF1-2,44.6362175,-123.2973802,2.5,0.0187089000225066,0.031725988
S2019OR003001,JoF1-2,44.6362175,-123.2973802,7.5,0.0273024007081985,0.03015229
S2019OR003001,JoF1-2,44.6362175,-123.2973802,19.5,0.0423631994247435,0.021340176
S2019OR003001,JoF1-2,44.6362175,-123.2973802,37.0,0.0341087985992431,0.016491633
S2019OR003001,JoF1-2,44.6362175,-123.2973802,72.5,0.0105819996118544,0.014472517
S2019OR003001,JoF1-3,44.6358175,-123.2974823,2.5,0.0285087986946105,0.03233186
S2019OR003001,JoF1-3,44.6358175,-123.2974823,7.5,0.0324137012958526,0.030363899
S2019OR003001,JoF1-3,44.6358175,-123.2974823,19.5,0.0513647996902464,0.021751992
S2019OR003001,JoF1-3,44.6358175,-123.2974823,37.0,0.0365159992218017,0.01675288
S2019OR003001,JoF1-3,44.6358175,-123.2974823,72.5,0.0161320004940032,0.014711484
S2019OR053002,JoF2-1,44.918413,-123.355451,2.5,0.0298386550998687,0.039021462
S2019OR053002,JoF2-1,44.918413,-123.355451,7.5,0.0308448000907897,0.03693452
S2019OR053002,JoF2-1,44.918413,-123.355451,20.0,0.0244402206945418,0.02335357
S2019OR053002,JoF2-1,44.918413,-123.355451,41.0,0.0168809593391417,0.016275039
S2019OR053002,JoF2-1,44.918413,-123.355451,76.0,0.0110853597271441,0.014860038
S2019OR053002,JoF2-2,44.918544,-123.355551,2.5,0.0367675007343292,0.039021462
S2019OR053002,JoF2-2,44.918544,-123.355551,7.5,0.0465807991027831,0.03693452
S2019OR053002,JoF2-2,44.918544,-123.355551,20.0,0.0454608005046844,0.02335357
S2019OR053002,JoF2-2,44.918544,-123.355551,41.0,0.0253895998239516,0.016275039
S2019OR053002,JoF2-2,44.918544,-123.355551,76.0,0.017925600528717,0.014860038
S2019OR053002,JoF2-3,44.918514251708984,-123.355451,2.5,0.036213100528717,0.039021462
S2019OR053002,JoF2-3,44.918514251708984,-123.355451,7.5,0.0501536018371581,0.03693452
S2019OR053002,JoF2-3,44.918514251708984,-123.355451,20.0,0.0405216010093688,0.02335357
S2019OR053002,JoF2-3,44.918514251708984,-123.355451,41.0,0.0263267996072768,0.016275039
S2019OR053002,JoF2-3,44.918514251708984,-123.355451,76.0,0.0178596005916595,0.014860038
S2019OR053003,WoNT1-1,44.737333,-123.2709732055664,2.5,0.0278460009098052,0.027690684
S2019OR053003,WoNT1-1,44.737333,-123.2709732055664,7.5,0.0283239006042479,0.026315704
S2019OR053003,WoNT1-1,44.737333,-123.2709732055664,21.5,0.0167987203216552,0.02062554
S2019OR053003,WoNT1-1,44.737333,-123.2709732055664,51.5,0.009147600030899,0.012317455
S2019OR053003,WoNT1-1,44.737333,-123.2709732055664,80.0,0.0062639998197554,0.01177752
S2019OR053003,WoNT1-1,44.737333,-123.2709732055664,95.0,0.0059091999679803,0.01177752
S2019OR053003,WoNT1-2,44.737333,-123.27107238769533,2.5,0.0348599996566772,0.027690684
S2019OR053003,WoNT1-2,44.737333,-123.27107238769533,7.5,0.0381347991943358,0.026315704
S2019OR053003,WoNT1-2,44.737333,-123.27107238769533,21.5,0.0175712007522582,0.02062554
S2019OR053003,WoNT1-2,44.737333,-123.27107238769533,51.5,0.0078839998841285,0.012317455
S2019OR053003,WoNT1-2,44.737333,-123.27107238769533,80.0,0.006749999821186,0.01177752
S2019OR053003,WoNT1-2,44.737333,-123.27107238769533,95.0,0.0085320003390311,0.01177752
S2019OR053003,WoNT1-3,44.73763275146485,-123.27076721191406,2.5,0.0339000005722045,0.027690684
S2019OR053003,WoNT1-3,44.73763275146485,-123.27076721191406,7.5,0.0308351995468139,0.026315704
S2019OR053003,WoNT1-3,44.73763275146485,-123.27076721191406,21.5,0.0201415992736815,0.02062554
S2019OR053003,WoNT1-3,44.73763275146485,-123.27076721191406,51.5,0.0078705000579356,0.012317455
S2019OR053003,WoNT1-3,44.73763275146485,-123.27076721191406,80.0,0.0065250000357627,0.01177752
S2019OR053003,WoNT1-3,44.73763275146485,-123.27076721191406,95.0,0.0076314001619814,0.01177752
S2019OR071004,JoV1-1,45.24882125854492,-123.07115936279295,2.5,0.0368694408988952,0.03824146
S2019OR071004,JoV1-1,45.24882125854492,-123.07115936279295,7.5,0.0276849602508544,0.03660139
S2019OR071004,JoV1-1,45.24882125854492,-123.07115936279295,15.5,0.0253894992947578,0.02393309
S2019OR071004,JoV1-1,45.24882125854492,-123.07115936279295,31.5,0.0181300744593143,0.017129883
S2019OR071004,JoV1-1,45.24882125854492,-123.07115936279295,54.5,0.0156312444591521,0.013511997
S2019OR071004,JoV1-1,45.24882125854492,-123.07115936279295,83.5,0.0101273253428934,0.012847868
S2019OR071004,JoV1-2,45.24882125854492,-123.07125854492188,2.5,0.0542245992422102,0.03824146
S2019OR071004,JoV1-2,45.24882125854492,-123.07125854492188,7.5,0.0400999006271361,0.03660139
S2019OR071004,JoV1-2,45.24882125854492,-123.07125854492188,15.5,0.03040649831295,0.02393309
S2019OR071004,JoV1-2,45.24882125854492,-123.07125854492188,31.5,0.0257520003318786,0.017129883
S2019OR071004,JoV1-2,45.24882125854492,-123.07125854492188,54.5,0.0149703003048895,0.013511997
S2019OR071004,JoV1-2,45.24882125854492,-123.07125854492188,83.5,0.0128310003697871,0.012847868
S2019OR071004,JoV1-3,45.24911880493164,-123.07096099853516,2.5,0.0288659015417097,0.03824146
S2019OR071004,JoV1-3,45.24911880493164,-123.07096099853516,7.5,0.0359213997125624,0.03660139
S2019OR071004,JoV1-3,45.24911880493164,-123.07096099853516,15.5,0.0309430009126662,0.02393309
S2019OR071004,JoV1-3,45.24911880493164,-123.07096099853516,31.5,0.0250850002765654,0.017129883
S2019OR071004,JoV1-3,45.24911880493164,-123.07096099853516,54.5,0.0153317006230353,0.013511997
S2019OR071004,JoV1-3,45.24911880493164,-123.07096099853516,83.5,0.0236739002823829,0.012847868
S2019OR047005,WoH1-1,45.227901458740234,-122.96961212158205,2.5,0.0529883194899558,0.03332437
S2019OR047005,WoH1-1,45.227901458740234,-122.96961212158205,7.5,0.0257413998913764,0.028913924
S2019OR047005,WoH1-1,45.227901458740234,-122.96961212158205,19.5,0.0172073997616766,0.017691908
S2019OR047005,WoH1-1,45.227901458740234,-122.96961212158205,40.0,0.014334911842346,0.010417243
S2019OR047005,WoH1-1,45.227901458740234,-122.96961212158205,63.5,0.0072548352998494,0.008623876
S2019OR047005,WoH1-1,45.227901458740234,-122.96961212158205,88.0,0.0018495000734924,0.008523133
S2019OR047005,WoH1-2,45.22779846191406,-122.96961212158205,2.5,0.0557689024925231,0.028943459
S2019OR047005,WoH1-2,45.22779846191406,-122.96961212158205,7.5,0.0314497984409331,0.026035663
S2019OR047005,WoH1-2,45.22779846191406,-122.96961212158205,19.5,0.0254100008010862,0.016997546
S2019OR047005,WoH1-2,45.22779846191406,-122.96961212158205,40.0,0.0073728003501891,0.0102106165
S2019OR047005,WoH1-2,45.22779846191406,-122.96961212158205,63.5,0.0039319000065325,0.008517007
S2019OR047005,WoH1-2,45.22779846191406,-122.96961212158205,88.0,0.0034386998236178,0.0084162755
S2019OR047005,WoH1-3,45.227901458740234,-122.96981048583984,2.5,0.0459921014308928,0.028943459
S2019OR047005,WoH1-3,45.227901458740234,-122.96981048583984,7.5,0.0283812004089354,0.026035663
S2019OR047005,WoH1-3,45.227901458740234,-122.96981048583984,19.5,0.0117880001068114,0.016997546
S2019OR047005,WoH1-3,45.227901458740234,-122.96981048583984,40.0,0.0051552001476286,0.0102106165
S2019OR047005,WoH1-3,45.227901458740234,-122.96981048583984,63.5,0.0039593000620603,0.008517007
S2019OR047005,WoH1-3,45.227901458740234,-122.96981048583984,88.0,0.002178299923241,0.0084162755
S2019OR047006,WoCT1-1,45.231101989746094,-122.964818,2.5,0.0185664001464842,0.035578236
S2019OR047006,WoCT1-1,45.231101989746094,-122.964818,7.5,0.0174116995185613,0.03187851
S2019OR047006,WoCT1-1,45.231101989746094,-122.964818,13.0,0.0177450753360985,0.02743068
S2019OR047006,WoCT1-1,45.231101989746094,-122.964818,24.5,0.0115392002105712,0.019630894
S2019OR047006,WoCT1-1,45.231101989746094,-122.964818,49.0,0.0045983338728546,0.013962655
S2019OR047006,WoCT1-1,45.231101989746094,-122.964818,77.5,0.0031332598525285,0.0128194
S2019OR047006,WoCT1-1,45.231101989746094,-122.964818,95.0,0.0018900699366628,0.0128194
S2019OR047006,WoCT1-2,45.231202,-122.964718,2.5,0.0257536010742186,0.024426108
S2019OR047006,WoCT1-2,45.231202,-122.964718,7.5,0.0220598998546599,0.0220751
S2019OR047006,WoCT1-2,45.231202,-122.964718,13.0,0.0193421000242232,0.019840768
S2019OR047006,WoCT1-2,45.231202,-122.964718,24.5,0.0164223999023436,0.0142414
S2019OR047006,WoCT1-2,45.231202,-122.964718,49.0,0.0058307998985051,0.009862081
S2019OR047006,WoCT1-2,45.231202,-122.964718,77.5,0.0040429998636245,0.008682991
S2019OR047006,WoCT1-2,45.231202,-122.964718,95.0,0.0030417999744415,0.008682991
S2019OR047006,WoCT1-3,45.231402,-122.964618,2.5,0.0235264007568358,0.024426108
S2019OR047006,WoCT1-3,45.231402,-122.964618,7.5,0.0219836993217467,0.0220751
S2019OR047006,WoCT1-3,45.231402,-122.964618,13.0,0.0183895994186401,0.019840768
S2019OR047006,WoCT1-3,45.231402,-122.964618,24.5,0.0144,0.0142414
S2019OR047006,WoCT1-3,45.231402,-122.964618,49.0,0.0054953999876975,0.009862081
S2019OR047006,WoCT1-3,45.231402,-122.964618,77.5,0.0028339999318122,0.008682991
S2019OR047006,WoCT1-3,45.231402,-122.964618,95.0,0.0039664000511168,0.008682991
S2019OR053007,WoNT2-1,45.07067108154297,-123.2136688232422,2.5,0.0285141850578784,0.035205103
S2019OR053007,WoNT2-1,45.07067108154297,-123.2136688232422,7.5,0.0268210814237594,0.030542899
S2019OR053007,WoNT2-1,45.07067108154297,-123.2136688232422,21.5,0.0233009993433952,0.020477818
S2019OR053007,WoNT2-1,45.07067108154297,-123.2136688232422,47.0,0.0128042092859744,0.012945005
S2019OR053007,WoNT2-1,45.07067108154297,-123.2136688232422,70.0,0.0072170997798441,0.011933816
S2019OR053007,WoNT2-1,45.07067108154297,-123.2136688232422,89.5,0.0035161600875854,0.011933816
S2019OR053007,WoNT2-2,45.07057189941406,-123.2137680053711,2.5,0.0270368008852004,0.03460081
S2019OR053007,WoNT2-2,45.07057189941406,-123.2137680053711,7.5,0.0310310010910033,0.03000798
S2019OR053007,WoNT2-2,45.07057189941406,-123.2137680053711,21.5,0.0269999992847442,0.01979777
S2019OR053007,WoNT2-2,45.07057189941406,-123.2137680053711,47.0,0.0123515998184679,0.012184265
S2019OR053007,WoNT2-2,45.07057189941406,-123.2137680053711,70.0,0.0062100001126527,0.011173836
S2019OR053007,WoNT2-2,45.07057189941406,-123.2137680053711,89.5,0.00318719997406,0.011173836
S2019OR053007,WoNT2-3,45.07096862792969,-123.2138671875,2.5,0.0285837994098662,0.035041932
S2019OR053007,WoNT2-3,45.07096862792969,-123.2138671875,7.5,0.0209781001091002,0.030629778
S2019OR053007,WoNT2-3,45.07096862792969,-123.2138671875,21.5,0.0267299991846084,0.021167133
S2019OR053007,WoNT2-3,45.07096862792969,-123.2138671875,47.0,0.0131411997377872,0.013629225
S2019OR053007,WoNT2-3,45.07096862792969,-123.2138671875,70.0,0.0073710000514983,0.012617352
S2019OR053007,WoNT2-3,45.07096862792969,-123.2138671875,89.5,0.0036096000671385,0.012617352
S2019OR053008,WoH2-1,45.074334,-123.213416,2.5,0.0692330104494094,0.031159932
S2019OR053008,WoH2-1,45.074334,-123.213416,7.5,0.0252618305635452,0.029860696
S2019OR053008,WoH2-1,45.074334,-123.213416,28.0,0.0159652955996989,0.01522203
S2019OR053008,WoH2-1,45.074334,-123.213416,62.0,0.006146519871354,0.010877083
S2019OR053008,WoH2-1,45.074334,-123.213416,89.0,0.0036741600108146,0.0108104
S2019OR053008,WoH2-2,45.074334,-123.213516,2.5,0.0421189983844756,0.031159932
S2019OR053008,WoH2-2,45.074334,-123.213516,7.5,0.0232576000452041,0.029860696
S2019OR053008,WoH2-2,45.074334,-123.213516,28.0,0.0175497002482413,0.01522203
S2019OR053008,WoH2-2,45.074334,-123.213516,62.0,0.0089424000263212,0.010877083
S2019OR053008,WoH2-2,45.074334,-123.213516,89.0,0.0040067998588084,0.0108104
S2019OR053008,WoH2-3,45.074334,-123.213616,2.5,0.0345884007930755,0.031159932
S2019OR053008,WoH2-3,45.074334,-123.213616,7.5,0.0246953994274138,0.029860696
S2019OR053008,WoH2-3,45.074334,-123.213616,28.0,0.0155357992291449,0.01522203
S2019OR053008,WoH2-3,45.074334,-123.213616,62.0,0.0064170000493525,0.010877083
S2019OR053008,WoH2-3,45.074334,-123.213616,89.0,0.0038933998167513,0.0108104
S2019OR003009,JoXT1-1,44.43190002441406,-123.3352279663086,2.5,0.0336672004699707,0.028358476
S2019OR003009,JoXT1-1,44.43190002441406,-123.3352279663086,7.5,0.0303564003753661,0.025251584
S2019OR003009,JoXT1-1,44.43190002441406,-123.3352279663086,17.5,0.0275026860225199,0.020780662
S2019OR003009,JoXT1-1,44.43190002441406,-123.3352279663086,31.5,0.0206042544019222,0.01664699
S2019OR003009,JoXT1-1,44.43190002441406,-123.3352279663086,53.5,0.0098342451441287,0.012339908
S2019OR003009,JoXT1-1,44.43190002441406,-123.3352279663086,84.5,0.0071995001560448,0.011629849
S2019OR003009,JoXT1-2,44.43180084228515,-123.3353271484375,2.5,0.0482719993591308,0.028358476
S2019OR003009,JoXT1-2,44.43180084228515,-123.3353271484375,7.5,0.0439109991788863,0.025251584
S2019OR003009,JoXT1-2,44.43180084228515,-123.3353271484375,17.5,0.0376159001588821,0.020780662
S2019OR003009,JoXT1-2,44.43180084228515,-123.3353271484375,31.5,0.02917879884243,0.01664699
S2019OR003009,JoXT1-2,44.43180084228515,-123.3353271484375,53.5,0.0189483997941016,0.012339908
S2019OR003009,JoXT1-2,44.43180084228515,-123.3353271484375,84.5,0.0111341998457907,0.011629849
S2019OR003009,JoXT1-3,44.43159866333008,-123.33502960205078,2.5,0.0501619992256164,0.027950855
S2019OR003009,JoXT1-3,44.43159866333008,-123.33502960205078,7.5,0.0440955004692077,0.024845192
S2019OR003009,JoXT1-3,44.43159866333008,-123.33502960205078,17.5,0.0434112000226973,0.02055599
S2019OR003009,JoXT1-3,44.43159866333008,-123.33502960205078,31.5,0.0299165992736816,0.016597334
S2019OR003009,JoXT1-3,44.43159866333008,-123.33502960205078,53.5,0.0151130007266997,0.0129596805
S2019OR003009,JoXT1-3,44.43159866333008,-123.33502960205078,84.5,0.0089319997429846,0.012249188
S2019OR053010,JoF3-1,44.74261093139648,-123.41895294189452,2.5,0.0247698009252547,0.037231326
S2019OR053010,JoF3-1,44.74261093139648,-123.41895294189452,7.5,0.0199835995674133,0.03660462
S2019OR053010,JoF3-1,44.74261093139648,-123.41895294189452,26.5,0.0277838336055278,0.020163473
S2019OR053010,JoF3-1,44.74261093139648,-123.41895294189452,54.0,0.0144629764404296,0.015664198
S2019OR053010,JoF3-1,44.74261093139648,-123.41895294189452,82.5,0.0056426399445532,0.014724546
S2019OR053010,JoF3-2,44.74261093139648,-123.41905212402344,2.5,0.0370061991691589,0.037231326
S2019OR053010,JoF3-2,44.74261093139648,-123.41905212402344,7.5,0.0373608009338378,0.03660462
S2019OR053010,JoF3-2,44.74261093139648,-123.41905212402344,26.5,0.06241689786911,0.020163473
S2019OR053010,JoF3-2,44.74261093139648,-123.41905212402344,54.0,0.0214912002563476,0.015664198
S2019OR053010,JoF3-2,44.74261093139648,-123.41905212402344,82.5,0.0086975996017455,0.014724546
S2019OR053010,JoF3-3,44.74261093139648,-123.4187469482422,2.5,0.0392237989425658,0.037231326
S2019OR053010,JoF3-3,44.74261093139648,-123.4187469482422,7.5,0.0406079990386962,0.03660462
S2019OR053010,JoF3-3,44.74261093139648,-123.4187469482422,26.5,0.0475874009132385,0.020163473
S2019OR053010,JoF3-3,44.74261093139648,-123.4187469482422,54.0,0.0211583999633788,0.015664198
S2019OR053010,JoF3-3,44.74261093139648,-123.4187469482422,82.5,0.0074735999107359,0.014724546
S2019OR071011,JoV2-1,45.251054,-123.049801,2.5,0.0218790002918243,0.034373436
S2019OR071011,JoV2-1,45.251054,-123.049801,7.5,0.0272676606082916,0.033469703
S2019OR071011,JoV2-1,45.251054,-123.049801,17.5,0.0174675,0.022357939
S2019OR071011,JoV2-1,45.251054,-123.049801,37.0,0.0086832002162933,0.012575623
S2019OR071011,JoV2-1,45.251054,-123.049801,66.5,0.0057476998205481,0.009959131
S2019OR071011,JoV2-1,45.251054,-123.049801,92.0,0.0048212998867034,0.009959131
S2019OR071011,JoV2-2,45.250953674316406,-123.049901,2.5,0.01498719997406,0.034431957
S2019OR071011,JoV2-2,45.250953674316406,-123.049901,7.5,0.0296006014823913,0.032673333
S2019OR071011,JoV2-2,45.250953674316406,-123.049901,17.5,0.0177963003396987,0.022329878
S2019OR071011,JoV2-2,45.250953674316406,-123.049901,37.0,0.0121759996414184,0.013021417
S2019OR071011,JoV2-2,45.250953674316406,-123.049901,66.5,0.0103039997696875,0.010503359
S2019OR071011,JoV2-2,45.250953674316406,-123.049901,92.0,0.0086459996223449,0.010503359
S2019OR071011,JoV2-3,45.2513542175293,-123.049601,2.5,0.0158235993385314,0.035453282
S2019OR071011,JoV2-3,45.2513542175293,-123.049601,7.5,0.0257146003961562,0.034548637
S2019OR071011,JoV2-3,45.2513542175293,-123.049601,17.5,0.0168783999085425,0.023216037
S2019OR053012,JoXT2-1,45.04996871948242,-123.13707733154295,2.5,0.026450159626007,0.024418129
S2019OR053012,JoXT2-1,45.04996871948242,-123.13707733154295,7.5,0.0244700002670288,0.021725923
S2019OR053012,JoXT2-1,45.04996871948242,-123.13707733154295,17.0,0.0245514967975616,0.015506587
S2019OR053012,JoXT2-1,45.04996871948242,-123.13707733154295,40.5,0.0223027708320617,0.008817906
S2019OR053012,JoXT2-1,45.04996871948242,-123.13707733154295,66.0,0.0121268002843855,0.0070557473
S2019OR053012,JoXT2-1,45.04996871948242,-123.13707733154295,87.5,0.007615999829769,0.0070557473
S2019OR053012,JoXT2-2,45.04986953735352,-123.13717651367188,2.5,0.0306116987943648,0.025949033
S2019OR053012,JoXT2-2,45.04986953735352,-123.13717651367188,7.5,0.0277875006198882,0.023252806
S2019OR053012,JoXT2-2,45.04986953735352,-123.13717651367188,17.0,0.0293963994503021,0.016899731
S2019OR053012,JoXT2-2,45.04986953735352,-123.13717651367188,40.5,0.0240064993023872,0.010137707
S2019OR053012,JoXT2-2,45.04986953735352,-123.13717651367188,66.0,0.0216719996929168,0.008373242
S2019OR053012,JoXT2-2,45.04986953735352,-123.13717651367188,87.5,0.0095479997396468,0.008373242
S2019OR053012,JoXT2-3,45.04996871948242,-123.13687896728516,2.5,0.0325725012302398,0.023750326
S2019OR053012,JoXT2-3,45.04996871948242,-123.13687896728516,7.5,0.0303499996662138,0.021059874
S2019OR053012,JoXT2-3,45.04996871948242,-123.13687896728516,17.0,0.0277327013492583,0.015035594
S2019OR053012,JoXT2-3,45.04996871948242,-123.13687896728516,40.5,0.0195244007229804,0.008350015
S2019OR053012,JoXT2-3,45.04996871948242,-123.13687896728516,66.0,0.0124880002737044,0.0065886746
S2019OR053012,JoXT2-3,45.04996871948242,-123.13687896728516,87.5,0.0082459998130796,0.0065886746
S2019OR047013,JoXT3-1,44.910377,-122.90908813476562,2.5,0.0271626010894775,0.034022614
S2019OR047013,JoXT3-1,44.910377,-122.90908813476562,7.5,0.0312748144435882,0.032115746
S2019OR047013,JoXT3-1,44.910377,-122.90908813476562,19.0,0.024935199241638,0.019988917
S2019OR047013,JoXT3-1,44.910377,-122.90908813476562,44.0,0.012065760269165,0.012036501
S2019OR047013,JoXT3-1,44.910377,-122.90908813476562,80.0,0.0062889751687645,0.01057625
S2019OR047013,JoXT3-2,44.910277,-122.90898895263672,2.5,0.0324239988327025,0.04039422
S2019OR047013,JoXT3-2,44.910277,-122.90898895263672,7.5,0.039396501636505,0.03867897
S2019OR047013,JoXT3-2,44.910277,-122.90898895263672,19.0,0.0314529987812042,0.0255035
S2019OR047013,JoXT3-2,44.910277,-122.90898895263672,44.0,0.0181314001321791,0.016400905
S2019OR047013,JoXT3-2,44.910277,-122.90898895263672,80.0,0.0034606001615524,0.014934361
S2019OR047013,JoXT3-3,44.910077,-122.9088897705078,2.5,0.0321120014190673,0.04039422
S2019OR047013,JoXT3-3,44.910077,-122.9088897705078,7.5,0.0393679003000258,0.03867897
S2019OR047013,JoXT3-3,44.910077,-122.9088897705078,19.0,0.0340942003250121,0.0255035
S2019OR047013,JoXT3-3,44.910077,-122.9088897705078,44.0,0.0192024006128311,0.016400905
S2019OR047013,JoXT3-3,44.910077,-122.9088897705078,80.0,0.0077560996711253,0.014934361
S2019OR053014,JoV3-1,45.037101,-123.130763,2.5,0.03735061312294,0.030823098
S2019OR053014,JoV3-1,45.037101,-123.130763,7.5,0.0293030394287109,0.028557777
S2019OR053014,JoV3-1,45.037101,-123.130763,33.0,0.0191689679102897,0.015691744
S2019OR053014,JoV3-1,45.037101,-123.130763,65.0,0.0138974996656178,0.010926285
S2019OR053014,JoV3-1,45.037101,-123.130763,87.0,0.0108051999092101,0.010856812
S2019OR053014,JoV3-2,45.037201,-123.130863,2.5,0.0427794010162353,0.030823098
S2019OR053014,JoV3-2,45.037201,-123.130863,7.5,0.0332928009033201,0.028557777
S2019OR053014,JoV3-2,45.037201,-123.130863,33.0,0.0253394004344939,0.015691744
S2019OR053014,JoV3-2,45.037201,-123.130863,65.0,0.0139249995350837,0.010926285
S2019OR053014,JoV3-2,45.037201,-123.130863,87.0,0.0144199995994567,0.010856812
S2019OR053014,JoV3-3,45.037101,-123.130563,2.5,0.0478854014396666,0.030823098
S2019OR053014,JoV3-3,45.037101,-123.130563,7.5,0.0364032012939452,0.028557777
S2019OR053014,JoV3-3,45.037101,-123.130563,33.0,0.0261433996677397,0.015691744
S2019OR053014,JoV3-3,45.037101,-123.130563,65.0,0.0151250004768371,0.010926285
S2019OR053014,JoV3-3,45.037101,-123.130563,87.0,0.0126280001401901,0.010856812
S2019OR047015,WoH3-1,44.948448181152344,-122.86279296875,2.5,0.0184366405677795,0.039305698
S2019OR047015,WoH3-1,44.948448181152344,-122.86279296875,7.5,0.0172348805236815,0.036752928
S2019OR047015,WoH3-1,44.948448181152344,-122.86279296875,27.5,0.0079636500656604,0.020159522
S2019OR047015,WoH3-1,44.948448181152344,-122.86279296875,70.0,0.0025662000477313,0.01411954
S2019OR047015,WoH3-1,44.948448181152344,-122.86279296875,97.5,0.0018620439707039,0.01411954
S2019OR047015,WoH3-2,44.94855117797851,-122.8628921508789,2.5,0.0430416014194487,0.03728096
S2019OR047015,WoH3-2,44.94855117797851,-122.8628921508789,7.5,0.036114000892639,0.03457171
S2019OR047015,WoH3-2,44.94855117797851,-122.8628921508789,27.5,0.0101591996133327,0.019995999
S2019OR047015,WoH3-2,44.94855117797851,-122.8628921508789,70.0,0.0032759999632834,0.014469567
S2019OR047015,WoH3-2,44.94855117797851,-122.8628921508789,97.5,0.0032386999353765,0.014469567
S2019OR047015,WoH3-3,44.948150634765625,-122.86258697509766,2.5,0.058779598045349,0.033671055
S2019OR047015,WoH3-3,44.948150634765625,-122.86258697509766,7.5,0.0386411999702453,0.03247975
S2019OR047015,WoH3-3,44.948150634765625,-122.86258697509766,27.5,0.017579700744152,0.019621413
S2019OR047015,WoH3-3,44.948150634765625,-122.86258697509766,70.0,0.0053899998664855,0.01409701
S2019OR047015,WoH3-3,44.948150634765625,-122.86258697509766,97.5,0.002363000024855,0.01409701
S2019OR047016,WoCT2-1,45.014134,-122.842842,2.5,0.022032590265274,0.027283309
S2019OR047016,WoCT2-1,45.014134,-122.842842,7.5,0.0266591855460404,0.025819877
S2019OR047016,WoCT2-1,45.014134,-122.842842,17.5,0.0282124347782134,0.021245174
S2019OR047016,WoCT2-1,45.014134,-122.842842,41.5,0.0135270499080418,0.012935306
S2019OR047016,WoCT2-1,45.014134,-122.842842,79.0,0.0056715000271795,0.011258544
S2019OR047016,WoCT2-2,45.014034271240234,-122.842742,2.5,0.0275475987434386,0.027283309
S2019OR047016,WoCT2-2,45.014034271240234,-122.842742,7.5,0.0303848987102508,0.025819877
S2019OR047016,WoCT2-2,45.014034271240234,-122.842742,17.5,0.0324054004669188,0.021245174
S2019OR047016,WoCT2-2,45.014034271240234,-122.842742,41.5,0.0220689993500708,0.012935306
S2019OR047016,WoCT2-2,45.014034271240234,-122.842742,79.0,0.0082199996709823,0.011258544
S2019OR047016,WoCT2-3,45.013834,-122.843042,2.5,0.0291336001396178,0.032703675
S2019OR047016,WoCT2-3,45.013834,-122.843042,7.5,0.0341334003925323,0.029361127
S2019OR047016,WoCT2-3,45.013834,-122.843042,17.5,0.0351440989494322,0.022192108
S2019OR047016,WoCT2-3,45.013834,-122.843042,41.5,0.0190094998478889,0.013188194
S2019OR047016,WoCT2-3,45.013834,-122.843042,79.0,0.0062849999964237,0.011511016
S2019OR071017,WoCT3-1,45.125099182128906,-123.0616683959961,2.5,0.0208791002690791,0.025251655
S2019OR071017,WoCT3-1,45.125099182128906,-123.0616683959961,7.5,0.0227002507746218,0.024098404
S2019OR071017,WoCT3-1,45.125099182128906,-123.0616683959961,16.0,0.0212723992824554,0.020179525
S2019OR071017,WoCT3-1,45.125099182128906,-123.0616683959961,39.5,0.0063201601639389,0.011461409
S2019OR071017,WoCT3-1,45.125099182128906,-123.0616683959961,78.5,0.0027627900356053,0.008742486
S2019OR071017,WoCT3-2,45.125099182128906,-123.06201171875,2.5,0.0242729997038841,0.025251655
S2019OR071017,WoCT3-2,45.125099182128906,-123.06201171875,7.5,0.0230999994277953,0.024098404
S2019OR071017,WoCT3-2,45.125099182128906,-123.06201171875,16.0,0.0208943996429442,0.020179525
S2019OR071017,WoCT3-2,45.125099182128906,-123.06201171875,39.5,0.0077769999265669,0.011461409
S2019OR071017,WoCT3-2,45.125099182128906,-123.06201171875,78.5,0.0029605999484657,0.008742486
S2019OR071017,WoCT3-3,45.12480163574219,-123.06134033203124,2.5,0.0224774994850157,0.025251655
S2019OR071017,WoCT3-3,45.12480163574219,-123.06134033203124,7.5,0.0232050007581709,0.024098404
S2019OR071017,WoCT3-3,45.12480163574219,-123.06134033203124,16.0,0.0204191997528075,0.020179525
S2019OR071017,WoCT3-3,45.12480163574219,-123.06134033203124,39.5,0.0120735996842384,0.011461409
S2019OR071017,WoCT3-3,45.12480163574219,-123.06134033203124,78.5,0.0039430999875067,0.008742486
S2019OR047018,WoNT3-1,44.950981,-122.8565444946289,2.5,0.0326219405221938,0.03981
S2019OR047018,WoNT3-1,44.950981,-122.8565444946289,7.5,0.0269540987348555,0.036160313
S2019OR047018,WoNT3-1,44.950981,-122.8565444946289,15.5,0.0203918401050566,0.026255924
S2019OR047018,WoNT3-1,44.950981,-122.8565444946289,45.5,0.0068656500661372,0.014983731
S2019OR047018,WoNT3-1,44.950981,-122.8565444946289,85.0,0.0027283500453828,0.013807615
S2019OR047018,WoNT3-2,44.950981,-122.856644,2.5,0.0345501008033752,0.03981
S2019OR047018,WoNT3-2,44.950981,-122.856644,7.5,0.0276977988243102,0.036160313
S2019OR047018,WoNT3-2,44.950981,-122.856644,15.5,0.0233240004539489,0.026255924
S2019OR047018,WoNT3-2,44.950981,-122.856644,45.5,0.0086870004177092,0.014983731
S2019OR047018,WoNT3-2,44.950981,-122.856644,85.0,0.0031865999445318,0.013807615
S2019OR047018,WoNT3-3,44.950981,-122.856744,2.5,0.0297414006471633,0.03981
S2019OR047018,WoNT3-3,44.950981,-122.856744,7.5,0.0275235986709594,0.036160313
S2019OR047018,WoNT3-3,44.950981,-122.856744,15.5,0.0198015995979308,0.026255924
S2019OR047018,WoNT3-3,44.950981,-122.856744,45.5,0.0097966000556944,0.014983731
S2019OR047018,WoNT3-3,44.950981,-122.856744,85.0,0.0032571000874042,0.013807615
IL-115-SW-WDFLD-001,IL-115-SW-WDFLD-001,39.86606216430664,-88.798131,2.5,0.026288941159807,0.031214384
IL-115-SW-WDFLD-001,IL-115-SW-WDFLD-001,39.86606216430664,-88.798131,7.5,0.0446300285112751,0.029587897
IL-115-SW-WDFLD-001,IL-115-SW-WDFLD-001,39.86606216430664,-88.798131,15.0,0.0327571671619619,0.02523556
IL-115-SW-WDFLD-001,IL-115-SW-WDFLD-001,39.86606216430664,-88.798131,25.0,0.0296684050751851,0.019673502
IL-115-SW-WDFLD-001,IL-115-SW-WDFLD-001,39.86606216430664,-88.798131,40.0,0.0152627780489044,0.014112483
IL-115-SW-WDFLD-001,IL-115-SW-WDFLD-001,39.86606216430664,-88.798131,75.0,0.0085658200457802,0.011612384
IL-115-SW-WDFLD-002,IL-115-SW-WDFLD-002,39.86539459228515,-88.799917,2.5,0.0287540740321956,0.029809035
IL-115-SW-WDFLD-002,IL-115-SW-WDFLD-002,39.86539459228515,-88.799917,7.5,0.0364202690443099,0.028472
IL-115-SW-WDFLD-002,IL-115-SW-WDFLD-002,39.86539459228515,-88.799917,15.0,0.0352128205757015,0.024770709
IL-115-SW-WDFLD-002,IL-115-SW-WDFLD-002,39.86539459228515,-88.799917,25.0,0.0325903795763193,0.019204743
IL-115-SW-WDFLD-002,IL-115-SW-WDFLD-002,39.86539459228515,-88.799917,40.0,0.0198608162463952,0.013238077
IL-115-SW-WDFLD-002,IL-115-SW-WDFLD-002,39.86539459228515,-88.799917,75.0,0.008881639901022,0.010823395
IL-115-SW-WDFLD-003,IL-115-SW-WDFLD-003,39.868482,-88.798039,2.5,0.0257463758581008,0.027584318
IL-115-SW-WDFLD-003,IL-115-SW-WDFLD-003,39.868482,-88.798039,7.5,0.0378225218777308,0.027076585
IL-115-SW-WDFLD-003,IL-115-SW-WDFLD-003,39.868482,-88.798039,15.0,0.0345320450568669,0.026210854
IL-115-SW-WDFLD-003,IL-115-SW-WDFLD-003,39.868482,-88.798039,25.0,0.0317649662291934,0.02049317
IL-115-SW-WDFLD-003,IL-115-SW-WDFLD-003,39.868482,-88.798039,40.0,0.0179945208035986,0.014480653
IL-115-SW-WDFLD-003,IL-115-SW-WDFLD-003,39.868482,-88.798039,75.0,0.0091154010978156,0.01206524
IL-115-SW-ETAL-001,IL-115-SW-ETAL-001,39.895068,-88.745608,2.5,0.0281351793645927,0.029357739
IL-115-SW-ETAL-001,IL-115-SW-ETAL-001,39.895068,-88.745608,7.5,0.0394138169003993,0.02766759
IL-115-SW-ETAL-001,IL-115-SW-ETAL-001,39.895068,-88.745608,15.0,0.0308462611456158,0.022711417
IL-115-SW-ETAL-001,IL-115-SW-ETAL-001,39.895068,-88.745608,25.0,0.0329720947539893,0.017342215
IL-115-SW-ETAL-001,IL-115-SW-ETAL-001,39.895068,-88.745608,40.0,0.0260503625508897,0.011873183
IL-115-SW-ETAL-001,IL-115-SW-ETAL-001,39.895068,-88.745608,75.0,0.0116591173222279,0.009552505
IL-115-SW-ETAL-002,IL-115-SW-ETAL-002,39.895384,-88.746645,2.5,0.0237332952088513,0.02986967
IL-115-SW-ETAL-002,IL-115-SW-ETAL-002,39.895384,-88.746645,7.5,0.0308985769503081,0.028253227
IL-115-SW-ETAL-002,IL-115-SW-ETAL-002,39.895384,-88.746645,15.0,0.0241905344418,0.02346578
IL-115-SW-ETAL-002,IL-115-SW-ETAL-002,39.895384,-88.746645,25.0,0.0264494994911656,0.0182329
IL-115-SW-ETAL-002,IL-115-SW-ETAL-002,39.895384,-88.746645,40.0,0.0205384732051047,0.012248846
IL-115-SW-ETAL-002,IL-115-SW-ETAL-002,39.895384,-88.746645,75.0,0.0078100572555301,0.009927306
IL-115-SW-ETAL-003,IL-115-SW-ETAL-003,39.901458740234375,-88.746587,2.5,0.0270257602321259,0.0299597
IL-115-SW-ETAL-003,IL-115-SW-ETAL-003,39.901458740234375,-88.746587,7.5,0.0336516252750283,0.028072663
IL-115-SW-ETAL-003,IL-115-SW-ETAL-003,39.901458740234375,-88.746587,15.0,0.0302743172273523,0.02333521
IL-115-SW-ETAL-003,IL-115-SW-ETAL-003,39.901458740234375,-88.746587,25.0,0.026391882437939,0.018270552
IL-115-SW-ETAL-003,IL-115-SW-ETAL-003,39.901458740234375,-88.746587,40.0,0.0183899090828737,0.012641137
IL-115-SW-ETAL-003,IL-115-SW-ETAL-003,39.901458740234375,-88.746587,75.0,0.0064291474102729,0.010236797
IL-147-SW-TS-001,IL-147-SW-TS-001,39.876683,-88.700021,2.5,0.036013872121264,0.034941714
IL-147-SW-TS-001,IL-147-SW-TS-001,39.876683,-88.700021,7.5,0.0433639239881651,0.034370054
IL-147-SW-TS-001,IL-147-SW-TS-001,39.876683,-88.700021,15.0,0.0344308979959439,0.029792823
IL-147-SW-TS-001,IL-147-SW-TS-001,39.876683,-88.700021,25.0,0.0185348121120654,0.024005948
IL-147-SW-TS-001,IL-147-SW-TS-001,39.876683,-88.700021,40.0,0.0118618361665232,0.017560678
IL-147-SW-TS-001,IL-147-SW-TS-001,39.876683,-88.700021,75.0,0.0060109250032811,0.015001064
IL-147-SW-TS-002,IL-147-SW-TS-002,39.878541,-88.700776,2.5,0.0345745803267349,0.035076138
IL-147-SW-TS-002,IL-147-SW-TS-002,39.878541,-88.700776,7.5,0.0418734312623521,0.03432475
IL-147-SW-TS-002,IL-147-SW-TS-002,39.878541,-88.700776,15.0,0.038470854723313,0.029802112
IL-147-SW-TS-002,IL-147-SW-TS-002,39.878541,-88.700776,25.0,0.0284040550262781,0.023921685
IL-147-SW-TS-002,IL-147-SW-TS-002,39.878541,-88.700776,40.0,0.0151370146817818,0.017562494
IL-147-SW-TS-002,IL-147-SW-TS-002,39.878541,-88.700776,75.0,0.0081970992454574,0.015088724
IL-147-SW-TS-003,IL-147-SW-TS-003,39.878261,-88.705988,2.5,0.0314697812124158,0.033787694
IL-147-SW-TS-003,IL-147-SW-TS-003,39.878261,-88.705988,7.5,0.0434562602325653,0.033518605
IL-147-SW-TS-003,IL-147-SW-TS-003,39.878261,-88.705988,15.0,0.0395139879032801,0.029150378
IL-147-SW-TS-003,IL-147-SW-TS-003,39.878261,-88.705988,25.0,0.0337897607722762,0.02345511
IL-147-SW-TS-003,IL-147-SW-TS-003,39.878261,-88.705988,40.0,0.0143105843563851,0.016631968
IL-147-SW-TS-003,IL-147-SW-TS-003,39.878261,-88.705988,75.0,0.0097083301306031,0.0142065
IL-147-SW-CRP-001,IL-147-SW-CRP-001,39.895694,-88.743611,2.5,0.0372257939720936,0.026171189
IL-147-SW-CRP-001,IL-147-SW-CRP-001,39.895694,-88.743611,7.5,0.0504464419001538,0.026057592
IL-147-SW-CRP-001,IL-147-SW-CRP-001,39.895694,-88.743611,15.0,0.0341274281829009,0.023291485
IL-147-SW-CRP-001,IL-147-SW-CRP-001,39.895694,-88.743611,25.0,0.0311171141557172,0.017560957
IL-147-SW-CRP-001,IL-147-SW-CRP-001,39.895694,-88.743611,40.0,0.0214559230201649,0.011921117
IL-147-SW-CRP-001,IL-147-SW-CRP-001,39.895694,-88.743611,75.0,0.0089280203647871,0.009600329
IL-147-SW-CRP-002,IL-147-SW-CRP-002,39.896889,-88.743611,2.5,0.0261112219469894,0.024803624
IL-147-SW-CRP-002,IL-147-SW-CRP-002,39.896889,-88.743611,7.5,0.0308529800935735,0.02509249
IL-147-SW-CRP-002,IL-147-SW-CRP-002,39.896889,-88.743611,15.0,0.0269819046609002,0.022407148
IL-147-SW-CRP-002,IL-147-SW-CRP-002,39.896889,-88.743611,25.0,0.0251597831772039,0.016079789
IL-147-SW-CRP-002,IL-147-SW-CRP-002,39.896889,-88.743611,40.0,0.0241474222164843,0.010800648
IL-147-SW-CRP-002,IL-147-SW-CRP-002,39.896889,-88.743611,75.0,0.0087424583193267,0.008482429
IL-147-SW-CRP-003,IL-147-SW-CRP-003,39.898194,-88.743333,2.5,0.0271016167563851,0.024778737
IL-147-SW-CRP-003,IL-147-SW-CRP-003,39.898194,-88.743333,7.5,0.0292156775930832,0.02501136
IL-147-SW-CRP-003,IL-147-SW-CRP-003,39.898194,-88.743333,15.0,0.0286720408282997,0.022381153
IL-147-SW-CRP-003,IL-147-SW-CRP-003,39.898194,-88.743333,25.0,0.01587156380747,0.016053954
IL-147-SW-CRP-003,IL-147-SW-CRP-003,39.898194,-88.743333,40.0,0.0117912237413933,0.01077495
IL-147-SW-CRP-003,IL-147-SW-CRP-003,39.898194,-88.743333,75.0,0.0058956401683905,0.00845679
IL-019-SW-ARBRTM-001,IL-019-SW-ARBRTM-001,40.0916401,-88.216396,2.5,0.0618161243879153,0.03590505
IL-019-SW-ARBRTM-001,IL-019-SW-ARBRTM-001,40.0916401,-88.216396,15.0,0.0392196930157778,0.022366324
IL-019-SW-ARBRTM-001,IL-019-SW-ARBRTM-001,40.0916401,-88.216396,25.0,0.0352876906184348,0.015941532
IL-019-SW-ARBRTM-001,IL-019-SW-ARBRTM-001,40.0916401,-88.216396,40.0,0.0164201122917037,0.011300526
IL-019-SW-ARBRTM-001,IL-019-SW-ARBRTM-001,40.0916401,-88.216396,75.0,0.0076645288486941,0.008869963
IL-019-SW-ARBRTM-002,IL-019-SW-ARBRTM-002,40.0918033,-88.2161899,2.5,0.0567488068697376,0.03590505
IL-019-SW-ARBRTM-002,IL-019-SW-ARBRTM-002,40.0918033,-88.2161899,7.5,0.0508348955293984,0.030085066
IL-019-SW-ARBRTM-002,IL-019-SW-ARBRTM-002,40.0918033,-88.2161899,15.0,0.0442895522087795,0.022366324
IL-019-SW-ARBRTM-002,IL-019-SW-ARBRTM-002,40.0918033,-88.2161899,25.0,0.0295519748577936,0.015941532
IL-019-SW-ARBRTM-002,IL-019-SW-ARBRTM-002,40.0918033,-88.2161899,40.0,0.0189835303330958,0.011300526
IL-019-SW-ARBRTM-002,IL-019-SW-ARBRTM-002,40.0918033,-88.2161899,75.0,0.0072735001715585,0.008816333
IL-019-SW-ARBRTM-003,IL-019-SW-ARBRTM-003,40.0914285,-88.2159005,2.5,0.0607010680856078,0.03590505
IL-019-SW-ARBRTM-003,IL-019-SW-ARBRTM-003,40.0914285,-88.2159005,7.5,0.0505740430274599,0.030085066
IL-019-SW-ARBRTM-003,IL-019-SW-ARBRTM-003,40.0914285,-88.2159005,15.0,0.0335916797046483,0.022366324
IL-019-SW-ARBRTM-003,IL-019-SW-ARBRTM-003,40.0914285,-88.2159005,25.0,0.0184558217829731,0.015941532
IL-019-SW-ARBRTM-003,IL-019-SW-ARBRTM-003,40.0914285,-88.2159005,40.0,0.0210131479190709,0.011300526
IL-019-SW-ARBRTM-003,IL-019-SW-ARBRTM-003,40.0914285,-88.2159005,75.0,0.0091081559947847,0.008869963
TX-AX1-1-CON,AX1-1,26.371829986572266,-97.86128997802734,2.5,0.0212959031128225,0.013359044
TX-AX1-1-CON,AX1-1,26.371829986572266,-97.86128997802734,7.5,0.0215448259937403,0.012570574
TX-AX1-1-CON,AX1-1,26.371829986572266,-97.86128997802734,20.0,0.0160059443926101,0.009731137
TX-AX1-2-CON,AX1-2,26.376803,-97.861285,2.5,0.0294894186062959,0.012041127
TX-AX1-2-CON,AX1-2,26.376803,-97.861285,7.5,0.0356036254380408,0.011064619
TX-AX1-2-CON,AX1-2,26.376803,-97.861285,20.0,0.0360805344345204,0.007933579
TX-AX1-3-CON,AX1-3,26.381147384643555,-97.861396,2.5,0.0280737734461021,0.010780887
TX-AX1-3-CON,AX1-3,26.381147384643555,-97.861396,7.5,0.0295920860579058,0.009763381
TX-AX1-3-CON,AX1-3,26.381147384643555,-97.861396,20.0,0.0231515586003117,0.008482779
TX-AX2-1-CON,AX2-1,26.372257232666016,-97.860439,2.5,0.0250678889072146,0.012714785
TX-AX2-1-CON,AX2-1,26.372257232666016,-97.860439,7.5,0.008504268525,0.011926819
TX-AX2-1-CON,AX2-1,26.372257232666016,-97.860439,20.0,0.0197869138921795,0.009601545
TX-AX2-2-CON,AX2-2,26.372359,-97.854799,2.5,0.0113570894087941,0.011778368
TX-AX2-2-CON,AX2-2,26.372359,-97.854799,7.5,0.0173379565247177,0.010722984
TX-AX2-2-CON,AX2-2,26.372359,-97.854799,20.0,0.020179579075,0.008914694
TX-AX2-3-CON,AX2-3,26.372348,-97.841816,2.5,0.0271413996941423,0.013018153
TX-AX2-3-CON,AX2-3,26.372348,-97.841816,7.5,0.0314640304298441,0.012376753
TX-AX2-3-CON,AX2-3,26.372348,-97.841816,20.0,0.0272411930528753,0.010682705
TX-AX3-1-CON,AX3-1,26.449237,-97.845711,2.5,0.0226924237322894,0.011020436
TX-AX3-1-CON,AX3-1,26.449237,-97.845711,7.5,0.023420033686339,0.008873174
TX-AX3-1-CON,AX3-1,26.449237,-97.845711,20.0,0.026982546144686,0.0071223797
TX-AX3-2-CON,AX3-2,26.45138326,-97.84310718,2.5,0.0377000468104006,0.014500935
TX-AX3-2-CON,AX3-2,26.45138326,-97.84310718,7.5,0.029428162963708,0.019022398
TX-AX3-2-CON,AX3-2,26.45138326,-97.84310718,20.0,0.0320460072892026,0.033651557
TX-AX3-3-CON,AX3-3,26.451224,-97.842418,2.5,0.0245296277224442,0.014708468
TX-AX3-3-CON,AX3-3,26.451224,-97.842418,7.5,0.0192694177810957,0.019041236
TX-AX3-3-CON,AX3-3,26.451224,-97.842418,20.0,0.01862513719,0.033504926
TX-AY1-1-INT,AY1-1,26.429164,-97.87774658203124,2.5,0.0164385652719056,0.013078518
TX-AY1-1-INT,AY1-1,26.429164,-97.87774658203124,7.5,0.0176445325975076,0.010913879
TX-AY1-1-INT,AY1-1,26.429164,-97.87774658203124,20.0,0.0129991547430461,0.008527884
TX-AY1-2-INT,AY1-2,26.428431,-97.876675,2.5,0.0106905973546464,0.012214123
TX-AY1-2-INT,AY1-2,26.428431,-97.876675,7.5,0.0148010940116593,0.009945383
TX-AY1-2-INT,AY1-2,26.428431,-97.876675,20.0,0.0040555345420907,0.007865811
TX-AY1-3-INT,AY1-3,26.423498153686523,-97.878012,2.5,0.01904179171,0.01225872
TX-AY1-3-INT,AY1-3,26.423498153686523,-97.878012,7.5,0.0217137906030704,0.010520978
TX-AY1-3-INT,AY1-3,26.423498153686523,-97.878012,20.0,0.0140132668224675,0.0086019
TX-AY2-1-INT,AY2-1,26.417867,-97.87735748291016,2.5,0.0183106548009332,0.01182326
TX-AY2-1-INT,AY2-1,26.417867,-97.87735748291016,7.5,0.0132306744966544,0.010963858
TX-AY2-1-INT,AY2-1,26.417867,-97.87735748291016,20.0,0.0132368718561347,0.008113864
TX-AY2-2-INT,AY2-2,26.408338,-97.877546,2.5,0.0162452726660384,0.01224025
TX-AY2-2-INT,AY2-2,26.408338,-97.877546,7.5,0.0272038009622398,0.011283873
TX-AY2-2-INT,AY2-2,26.408338,-97.877546,20.0,0.012407854918304,0.008994855
TX-AY2-3-INT,AY2-3,26.408107,-97.867819,2.5,0.0180149184828046,0.011927066
TX-AY2-3-INT,AY2-3,26.408107,-97.867819,7.5,0.0161548910650896,0.0111866025
TX-AY2-3-INT,AY2-3,26.408107,-97.867819,20.0,0.0146189207139754,0.009217517
TX-AY3-1-INT,AY3-1,26.378011,-97.894115,2.5,0.0136824882682833,0.014187992
TX-AY3-1-INT,AY3-1,26.378011,-97.894115,7.5,0.0205829668539019,0.019416502
TX-AY3-1-INT,AY3-1,26.378011,-97.894115,20.0,0.0173298180332835,0.032330383
TX-AY3-2-INT,AY3-2,26.371559,-97.882158,2.5,0.0164786869901128,0.0147757
TX-AY3-2-INT,AY3-2,26.371559,-97.882158,7.5,0.0181967894430826,0.013467572
TX-AY3-2-INT,AY3-2,26.371559,-97.882158,20.0,0.0194643716496558,0.009993632
TX-AY3-3-INT,AY3-3,26.371856,-97.88148498535156,2.5,0.0181943412541246,0.0119894035
TX-AY3-3-INT,AY3-3,26.371856,-97.88148498535156,7.5,0.0160611096189572,0.011238679
TX-AY3-3-INT,AY3-3,26.371856,-97.88148498535156,20.0,0.0216299842499656,0.009086223
TX-AZ1-1-STR,AZ1-1,26.442916,-97.81415557861328,2.5,0.031702650074984,0.01134756
TX-AZ1-1-STR,AZ1-1,26.442916,-97.81415557861328,7.5,0.0333309053938102,0.010734201
TX-AZ1-1-STR,AZ1-1,26.442916,-97.81415557861328,20.0,0.0146559548029441,0.008477407
TX-AZ1-2-STR,AZ1-2,26.440373,-97.81413269042967,2.5,0.0251208580222722,0.012489705
TX-AZ1-2-STR,AZ1-2,26.440373,-97.81413269042967,7.5,0.0288900662477185,0.011319294
TX-AZ1-2-STR,AZ1-2,26.440373,-97.81413269042967,20.0,0.0129325681476306,0.009047198
TX-AZ1-3-STR,AZ1-3,26.441953659057617,-97.814157,2.5,0.0205216241592012,0.01134756
TX-AZ1-3-STR,AZ1-3,26.441953659057617,-97.814157,7.5,0.0138847941177319,0.010734201
TX-AZ1-3-STR,AZ1-3,26.441953659057617,-97.814157,20.0,0.0140145684156122,0.008477407
TX-AZ2-1-STR,AZ2-1,26.35834312438965,-97.857232,2.5,0.0106118704595162,0.014617298
TX-AZ2-1-STR,AZ2-1,26.35834312438965,-97.857232,7.5,0.0069426880327667,0.01997593
TX-AZ2-1-STR,AZ2-1,26.35834312438965,-97.857232,20.0,0.0104495884291556,0.035641022
TX-AZ2-2-STR,AZ2-2,26.358388,-97.846311,2.5,0.0117971502874652,0.012782937
TX-AZ2-2-STR,AZ2-2,26.358388,-97.846311,7.5,0.0097320395761109,0.018675627
TX-AZ2-2-STR,AZ2-2,26.358388,-97.846311,20.0,0.0091419248864164,0.039533462
TX-AZ2-3-STR,AZ2-3,26.365039825439453,-97.85823822021484,2.5,0.0149213894333992,0.013148887
TX-AZ2-3-STR,AZ2-3,26.365039825439453,-97.85823822021484,7.5,0.0179211375861273,0.012733988
TX-AZ2-3-STR,AZ2-3,26.365039825439453,-97.85823822021484,20.0,0.0136962788821724,0.011164019
TX-AZ3-1-STR,AZ3-1,26.389298,-97.852623,2.5,0.0230635861913934,0.014208204
TX-AZ3-1-STR,AZ3-1,26.389298,-97.852623,7.5,0.0085631242301222,0.019313307
TX-AZ3-1-STR,AZ3-1,26.389298,-97.852623,20.0,0.0095420300411661,0.033129264
TX-AZ3-2-STR,AZ3-2,26.387731,-97.852666,2.5,0.017242912768884,0.014605623
TX-AZ3-2-STR,AZ3-2,26.387731,-97.852666,7.5,0.0142672125715969,0.013636577
TX-AZ3-2-STR,AZ3-2,26.387731,-97.852666,20.0,0.0078023561183429,0.0098391175
TX-AZ3-3-STR,AZ3-3,26.38783264160156,-97.849146,2.5,0.0155045206010626,0.012313633
TX-AZ3-3-STR,AZ3-3,26.38783264160156,-97.849146,7.5,0.0124257259920386,0.01089589
TX-AZ3-3-STR,AZ3-3,26.38783264160156,-97.849146,20.0,0.0123408410880756,0.008696705
TX-AR2-1-REF,AR2-1,26.309165954589844,-98.203663,2.5,0.0191789871908855,0.021032453
TX-AR2-1-REF,AR2-1,26.309165954589844,-98.203663,7.5,0.018124792934892,0.01599974
TX-AR2-1-REF,AR2-1,26.309165954589844,-98.203663,20.0,0.0096072372721548,0.009484922
TX-AR2-2-REF,AR2-2,26.30907954,-98.20307159423828,2.5,0.0313114429784317,0.021426518
TX-AR2-2-REF,AR2-2,26.30907954,-98.20307159423828,7.5,0.027586462525076,0.016391862
TX-AR2-2-REF,AR2-2,26.30907954,-98.20307159423828,20.0,0.0208756540104896,0.009668101
TX-AR2-3-REF,AR2-3,26.3089599609375,-98.202272,2.5,0.0642851889582445,0.021426518
TX-AR2-3-REF,AR2-3,26.3089599609375,-98.202272,7.5,0.0367312134379446,0.016391862
TX-AR2-3-REF,AR2-3,26.3089599609375,-98.202272,20.0,0.0234890889905513,0.009668101
TX-AR3-1-REF,AR3-1,26.425935745239254,-97.865571,2.5,0.0281492484587817,0.020416496
TX-AR3-1-REF,AR3-1,26.425935745239254,-97.865571,7.5,0.0282012773014179,0.01602845
TX-AR3-1-REF,AR3-1,26.425935745239254,-97.865571,20.0,0.045860901854524,0.010284422
TX-AR3-2-REF,AR3-2,26.425750732421875,-97.86554718017578,2.5,0.0635798791032607,0.019427223
TX-AR3-2-REF,AR3-2,26.425750732421875,-97.86554718017578,7.5,0.0256328773728472,0.014986385
TX-AR3-2-REF,AR3-2,26.425750732421875,-97.86554718017578,20.0,0.0234808616621232,0.009511189
TX-AR3-3-REF,AR3-3,26.425912,-97.863987,2.5,0.102121771009036,0.018570678
TX-AR3-3-REF,AR3-3,26.425912,-97.863987,7.5,0.0452691171225127,0.014011541
TX-AR3-3-REF,AR3-3,26.425912,-97.863987,20.0,0.0336021667637402,0.00930369
S2020CT013001,PaN1-1,41.797167,-72.22985076904297,2.5,0.06866312816916,0.0388098
S2020CT013001,PaN1-1,41.797167,-72.22985076904297,7.5,0.04424171690916,0.036292184
S2020CT013001,PaN1-1,41.797167,-72.22985076904297,16.5,0.0452735874723599,0.022598943
S2020CT013001,PaN1-1,41.797167,-72.22985076904297,36.0,0.0104045632123946,0.009606603
S2020CT013001,PaN1-1,41.797167,-72.22985076904297,62.5,0.00851941630656,0.006522111
S2020CT013001,PaN1-1,41.797167,-72.22985076904297,83.0,0.003771038837016,0.0063742553
S2020CT013001,PaN1-1,41.797167,-72.22985076904297,101.5,0.0,0.0063742553
S2020CT013002,PaT1-1,41.79724884033203,-72.229722,7.5,0.031315543386285,0.036292184
S2020CT013002,PaT1-1,41.79724884033203,-72.229722,17.0,0.0303736889793598,0.022598943
S2020CT013002,PaT1-1,41.79724884033203,-72.229722,31.0,0.0088468480864798,0.013230009
S2020CT013002,PaT1-1,41.79724884033203,-72.229722,45.0,0.00812531832795,0.0076200264
S2020CT013002,PaT1-1,41.79724884033203,-72.229722,62.0,0.004571705761068,0.006522111
S2020CT013002,PaT1-1,41.79724884033203,-72.229722,94.0,0.003152781026,0.0063742553
S2020CT013003,PaT1-2,41.797389,-72.2300556,2.5,0.0345252718813499,0.0388098
S2020CT013003,PaT1-2,41.797389,-72.2300556,7.5,0.0310044052857599,0.036292184
S2020CT013003,PaT1-2,41.797389,-72.2300556,19.5,0.0298106703746099,0.019465994
S2020CT013003,PaT1-2,41.797389,-72.2300556,34.5,0.008470951798232,0.011113182
S2020CT013003,PaT1-2,41.797389,-72.2300556,56.5,0.0039325777333919,0.006938001
S2020CT013003,PaT1-2,41.797389,-72.2300556,80.0,0.00240684652533,0.0063742553
S2020CT013003,PaT1-2,41.797389,-72.2300556,101.0,0.00208325406588,0.0063742553
S2020CT013004,PaN1-2,41.7975278,-72.2302474975586,2.5,0.045677616205164,0.0388098
S2020CT013004,PaN1-2,41.7975278,-72.2302474975586,7.5,0.0430831984292,0.036292184
S2020CT013004,PaN1-2,41.7975278,-72.2302474975586,16.0,0.0368947629520198,0.02278111
S2020CT013004,PaN1-2,41.7975278,-72.2302474975586,28.0,0.0091743873032,0.013445504
S2020CT013004,PaN1-2,41.7975278,-72.2302474975586,48.5,0.00727280677728,0.007428753
S2020CT013004,PaN1-2,41.7975278,-72.2302474975586,83.5,0.004138185983162,0.0063742553
S2020CT013006,PaN1-3,41.79774856567383,-72.2305556,2.5,0.0506900890150198,0.0388098
S2020CT013006,PaN1-3,41.79774856567383,-72.2305556,7.5,0.0410055688699199,0.036292184
S2020CT013006,PaN1-3,41.79774856567383,-72.2305556,19.0,0.030866893305075,0.019720795
S2020CT013006,PaN1-3,41.79774856567383,-72.2305556,29.5,0.0113660586,0.013230009
S2020CT013006,PaN1-3,41.79774856567383,-72.2305556,48.0,0.00685349738604,0.007428753
S2020CT013006,PaN1-3,41.79774856567383,-72.2305556,70.5,0.0040337197012,0.0063742553
S2020CT013006,PaN1-3,41.79774856567383,-72.2305556,93.0,0.00391097245968,0.0063742553
S2020CT013005,PaT1-3,41.7975833,-72.2303333,2.5,0.03231546435072,0.0388098
S2020CT013005,PaT1-3,41.7975833,-72.2303333,7.5,0.02534762176983,0.036292184
S2020CT013005,PaT1-3,41.7975833,-72.2303333,17.5,0.02516580731952,0.022668043
S2020CT013005,PaT1-3,41.7975833,-72.2303333,28.0,0.010145899049472,0.013445504
S2020CT013005,PaT1-3,41.7975833,-72.2303333,46.0,0.004527272264944,0.007428753
S2020CT013005,PaT1-3,41.7975833,-72.2303333,76.0,0.003761832614319,0.0063742553
S2020CT013005,PaT1-3,41.7975833,-72.2303333,101.5,0.0036744784897799,0.0063742553
S2020CT013007,PaM1-1,41.8184833,-72.2374496459961,2.5,0.0708825966803249,0.045045007
S2020CT013007,PaM1-1,41.8184833,-72.2374496459961,7.5,0.021101823701376,0.042925194
S2020CT013007,PaM1-1,41.8184833,-72.2374496459961,16.0,0.010336057473968,0.026974352
S2020CT013008,PaM1-2,41.81850051879883,-72.2377833,7.5,0.050799431013408,0.042925194
S2020CT013008,PaM1-2,41.81850051879883,-72.2377833,21.0,0.019563642805344,0.022573952
S2020CT013008,PaM1-2,41.81850051879883,-72.2377833,41.0,0.00824562641916,0.009544283
S2020CT013008,PaM1-2,41.81850051879883,-72.2377833,63.5,0.0052548210742498,0.007975255
S2020CT013008,PaM1-2,41.81850051879883,-72.2377833,90.0,0.0039267233737049,0.00783815
S2020CT013009,PaU1-1,41.8184333,-72.2388333,2.5,0.078666867068,0.04047559
S2020CT013009,PaU1-1,41.8184333,-72.2388333,7.5,0.0640484429112,0.037665278
S2020CT013009,PaU1-1,41.8184333,-72.2388333,17.0,0.0525357215330918,0.021823363
S2020CT013009,PaU1-1,41.8184333,-72.2388333,30.0,0.01380616682373,0.012160894
S2020CT013009,PaU1-1,41.8184333,-72.2388333,53.0,0.0068649244838998,0.00586994
S2020CT013009,PaU1-1,41.8184333,-72.2388333,83.5,0.00383891314656,0.005277456
S2020CT013009,PaU1-1,41.8184333,-72.2388333,103.5,0.0048055401392399,0.005277456
S2020CT013010,PaU1-2,41.818491,-72.238939,2.5,0.1043439332872299,0.04047559
S2020CT013010,PaU1-2,41.818491,-72.238939,22.5,0.011052098209152,0.01677611
S2020CT013010,PaU1-2,41.818491,-72.238939,44.5,0.005941912179456,0.0066409805
S2020CT013011,PaM2-1,41.8207833,-72.25135040283203,2.5,0.1067238421995999,0.046877235
S2020CT013011,PaM2-1,41.8207833,-72.25135040283203,7.5,0.03385015569173,0.04101791
S2020CT013011,PaM2-1,41.8207833,-72.25135040283203,16.5,0.0225412456254899,0.023562688
S2020CT013011,PaM2-1,41.8207833,-72.25135040283203,37.5,0.007906252515645,0.009031503
S2020CT013011,PaM2-1,41.8207833,-72.25135040283203,56.5,0.005528474348703,0.00717398
S2020CT013011,PaM2-1,41.8207833,-72.25135040283203,71.0,0.003949958043612,0.0066497764
S2020CT013011,PaM2-1,41.8207833,-72.25135040283203,89.5,0.0041650563398399,0.0066497764
S2020CT013012,PaM2-2,41.82099914550781,-72.2543056,2.5,0.0860188177574399,0.04646736
S2020CT013012,PaM2-2,41.82099914550781,-72.2543056,7.5,0.029095796656428,0.04303757
S2020CT013012,PaM2-2,41.82099914550781,-72.2543056,14.5,0.0208281365118025,0.028141085
S2020CT013012,PaM2-2,41.82099914550781,-72.2543056,26.5,0.01042355557269,0.015164271
S2020CT013012,PaM2-2,41.82099914550781,-72.2543056,41.5,0.006977422016825,0.009168767
S2020CT013012,PaM2-2,41.82099914550781,-72.2543056,58.0,0.004900711729095,0.007987694
S2020CT013013,PaU2-1,41.8216111,-72.2532778,2.5,0.1626571332804,0.049258735
S2020CT013013,PaU2-1,41.8216111,-72.2532778,36.0,0.011580452723697,0.012728381
S2020CT013013,PaU2-1,41.8216111,-72.2532778,56.5,0.0080996641573258,0.009632505
S2020CT013013,PaU2-1,41.8216111,-72.2532778,76.5,0.0062536489222539,0.009107024
S2020CT013013,PaU2-1,41.8216111,-72.2532778,103.5,0.00409422310362,0.009107024
S2020CT013014,PaU2-2,41.82161667,-72.25332641601562,7.5,0.0379145684367,0.04612686
S2020CT013014,PaU2-2,41.82161667,-72.25332641601562,16.5,0.0363085025003999,0.0280449
S2020CT013014,PaU2-2,41.82161667,-72.25332641601562,30.0,0.0074470700718,0.016771108
S2020CT013014,PaU2-2,41.82161667,-72.25332641601562,41.5,0.00468621364395,0.010564624
S2020CT013014,PaU2-2,41.82161667,-72.25332641601562,53.0,0.00403956676266,0.009669929
S2020CT013015,PaL1-1,41.7995278,-72.188333,2.5,0.04164105302838,0.050312757
S2020CT013015,PaL1-1,41.7995278,-72.188333,7.5,0.02379013958979,0.046917383
S2020CT013015,PaL1-1,41.7995278,-72.188333,36.0,0.0086436963430398,0.012150858
S2020CT013015,PaL1-1,41.7995278,-72.188333,59.0,0.004412482693104,0.008779475
S2020CT013015,PaL1-1,41.7995278,-72.188333,84.0,0.004192246310616,0.008642759
S2020CT013015,PaL1-1,41.7995278,-72.188333,103.0,0.002721182639328,0.008642759
S2020CT013016,PaL1-2,41.7995556,-72.18838889,2.5,0.065509020569168,0.050312757
S2020CT013016,PaL1-2,41.7995556,-72.18838889,7.5,0.03844318964448,0.046917383
S2020CT013016,PaL1-2,41.7995556,-72.18838889,17.0,0.0316675839312,0.028779352
S2020CT013016,PaL1-2,41.7995556,-72.18838889,32.0,0.01023203580399,0.015945777
S2020CT013016,PaL1-2,41.7995556,-72.18838889,48.5,0.0067589834690069,0.009619388
S2020CT013017,PaL2-1,41.800011,-72.189595,2.5,0.0705444491169599,0.049234174
S2020CT013017,PaL2-1,41.800011,-72.189595,7.5,0.0305580647994298,0.045988414
S2020CT013017,PaL2-1,41.800011,-72.189595,27.0,0.017392704673508,0.017169744
S2020CT013017,PaL2-1,41.800011,-72.189595,47.5,0.006657064385664,0.010009325
S2020CT013017,PaL2-1,41.800011,-72.189595,62.0,0.0044406746272,0.009137775
S2020CT013018,PaL2-2,41.8000602722168,-72.18949890136719,2.5,0.037931407946005,0.049234174
S2020CT013018,PaL2-2,41.8000602722168,-72.18949890136719,7.5,0.03106491268531,0.045988414
S2020CT013018,PaL2-2,41.8000602722168,-72.18949890136719,19.5,0.021206596277958,0.024768174
S2020CT013018,PaL2-2,41.8000602722168,-72.18949890136719,36.5,0.023699859242508,0.01197988
S2020CT013018,PaL2-2,41.8000602722168,-72.18949890136719,52.0,0.0085532264930519,0.009554741
S2020CT015004,PaH1-1,41.96549987792969,-71.9745277,21.5,0.028388406316776,0.019958023
S2020CT015004,PaH1-1,41.96549987792969,-71.9745277,42.5,0.0081183596949,0.008039798
S2020CT015004,PaH1-1,41.96549987792969,-71.9745277,62.5,0.0061389458675999,0.0067307497
S2020CT015004,PaH1-1,41.96549987792969,-71.9745277,86.0,0.0034856169692759,0.0066185636
S2020CT015005,PaH1-2,41.96552778,-71.9745556,7.5,0.039139166416112,0.03175607
S2020CT015005,PaH1-2,41.96552778,-71.9745556,19.0,0.029819188641088,0.02128258
S2020CT015005,PaH1-2,41.96552778,-71.9745556,35.5,0.00845691154497,0.010607768
S2020CT015005,PaH1-2,41.96552778,-71.9745556,58.0,0.0067102681446,0.006865905
S2020CT015001,PaN2-1,41.9655556,-71.9746667,2.5,0.0337416995849759,0.030922992
S2020CT015001,PaN2-1,41.9655556,-71.9746667,7.5,0.0292656896795519,0.031636816
S2020CT015001,PaN2-1,41.9655556,-71.9746667,25.0,0.023388319139475,0.0163646
S2020CT015001,PaN2-1,41.9655556,-71.9746667,44.5,0.008015821466175,0.007971847
S2020CT015001,PaN2-1,41.9655556,-71.9746667,70.5,0.005646000033425,0.0067072543
S2020CT015001,PaN2-1,41.9655556,-71.9746667,97.0,0.002758157927775,0.0067072543
S2020CT015002,PaN2-2,41.9654722,-71.97463889,2.5,0.0353170511645039,0.030922992
S2020CT015002,PaN2-2,41.9654722,-71.97463889,7.5,0.0277759040799239,0.031636816
S2020CT015002,PaN2-2,41.9654722,-71.97463889,25.5,0.0276209811440639,0.015535118
S2020CT015002,PaN2-2,41.9654722,-71.97463889,43.0,0.011312363277051,0.008128615
S2020CT015003,PaN2-3,41.96552778,-71.9746667,2.5,0.03394987151949,0.030922992
S2020CT015003,PaN2-3,41.96552778,-71.9746667,7.5,0.0268198261176959,0.031636816
S2020CT015003,PaN2-3,41.96552778,-71.9746667,28.5,0.023925585450767,0.01478514
S2020CT015003,PaN2-3,41.96552778,-71.9746667,48.0,0.00984735925353,0.0077263513
S2020CT013019,PaH2-1,41.7541111,-72.2346389,2.5,0.0598263663576149,0.036926363
S2020CT013019,PaH2-1,41.7541111,-72.2346389,7.5,0.06513618122436,0.037275568
S2020CT013019,PaH2-1,41.7541111,-72.2346389,14.5,0.0138540726676499,0.028756887
S2020CT013019,PaH2-1,41.7541111,-72.2346389,25.5,0.0087113592332199,0.01693404
S2020CT013019,PaH2-1,41.7541111,-72.2346389,36.5,0.007407720147138,0.010764928
S2020CT013019,PaH2-1,41.7541111,-72.2346389,48.0,0.002825941239264,0.008544842
S2020CT013019,PaH2-1,41.7541111,-72.2346389,65.0,0.002397897420438,0.007859134
S2020CT013020,PaH2-2,41.7541389,-72.2345833,2.5,0.0594098776810139,0.036926363
S2020CT013020,PaH2-2,41.7541389,-72.2345833,7.5,0.0608013874273259,0.037275568
S2020CT013020,PaH2-2,41.7541389,-72.2345833,17.5,0.036082646299182,0.026193954
S2020CT013020,PaH2-2,41.7541389,-72.2345833,30.5,0.0122460754440318,0.016132813
S2020CT013020,PaH2-2,41.7541389,-72.2345833,44.0,0.0088693995666503,0.00886366
S2020CT013021,PaT2-1,41.7537778,-72.2351944,2.5,0.037020250888605,0.036926363
S2020CT013021,PaT2-1,41.7537778,-72.2351944,7.5,0.0309072990795449,0.037275568
S2020CT013021,PaT2-1,41.7537778,-72.2351944,14.5,0.03043805240751,0.028756887
S2020CT013021,PaT2-1,41.7537778,-72.2351944,24.5,0.00694327071267,0.017764669
S2020CT013021,PaT2-1,41.7537778,-72.2351944,37.5,0.0055186662686399,0.010683701
S2020CT013021,PaT2-1,41.7537778,-72.2351944,53.5,0.0039581670361756,0.008147646
S2020CT013021,PaT2-1,41.7537778,-72.2351944,71.0,0.00454535757324,0.007719026
S2020CT013021,PaT2-1,41.7537778,-72.2351944,87.0,0.0041412287642061,0.007719026
S2020CT013021,PaT2-1,41.7537778,-72.2351944,105.0,0.0045024892173,0.007719026
S2020CT013022,PaT2-2,41.75379943847656,-72.2351833,2.5,0.0308640620538838,0.036926363
S2020CT013022,PaT2-2,41.75379943847656,-72.2351833,7.5,0.0340294794725248,0.037275568
S2020CT013022,PaT2-2,41.75379943847656,-72.2351833,22.0,0.02782026637467,0.021579454
S2020CT013022,PaT2-2,41.75379943847656,-72.2351833,34.0,0.0142289945270199,0.012901035
S2020CT013022,PaT2-2,41.75379943847656,-72.2351833,47.5,0.00647327593616,0.008544842
S2020CT013023,PaT2-3,41.7537833,-72.23521667,2.5,0.0369803974822758,0.036926363
S2020CT013023,PaT2-3,41.7537833,-72.23521667,7.5,0.03143522245927,0.037275568
S2020CT013023,PaT2-3,41.7537833,-72.23521667,21.5,0.0127944519035518,0.021655038
S2020CT013023,PaT2-3,41.7537833,-72.23521667,32.0,0.0061826387489998,0.014777317
S2020CT013023,PaT2-3,41.7537833,-72.23521667,44.5,0.0066205305711998,0.00886366
