DSP_Pedon,DSP_Pedon_ID,final_lat,final_lon,z_mid,observed_SOC_pct,predicted_SOC_pct
S2018KS153101,KeCF3-1,39.9519869,-100.89697265625,2.5,1.88999998569488,1.8673295
S2018KS153101,KeCF3-1,39.9519869,-100.89697265625,7.5,1.0499999523162802,1.5834926
S2018KS153101,KeCF3-1,39.9519869,-100.89697265625,16.5,0.88999998569488,0.9112526
S2018KS153101,KeCF3-1,39.9519869,-100.89697265625,31.5,0.7200000286102199,0.58780146
S2018KS153101,KeCF3-1,39.9519869,-100.89697265625,48.5,0.57999998331069,0.45802718
S2018KS153101,KeCF3-1,39.9519869,-100.89697265625,65.5,0.47999998927116,0.35120875
S2018KS153101,KeCF3-1,39.9519869,-100.89697265625,87.0,0.4399999976158099,0.23687987
S2018KS153102,KeCF3-2,39.9521612,-100.8967806,2.5,1.64999997615814,1.8477367
S2018KS153102,KeCF3-2,39.9521612,-100.8967806,7.5,1.00999999046325,1.5678741
S2018KS153102,KeCF3-2,39.9521612,-100.8967806,15.5,1.07000005245208,0.94145197
S2018KS153102,KeCF3-2,39.9521612,-100.8967806,28.5,0.6700000166893,0.60836965
S2018KS153102,KeCF3-2,39.9521612,-100.8967806,44.0,0.56000000238418,0.47769615
S2018KS153102,KeCF3-2,39.9521612,-100.8967806,63.5,0.56999999284744,0.35550034
S2018KS153102,KeCF3-2,39.9521612,-100.8967806,87.5,0.77999997138977,0.22940217
S2018KS153103,KeCF3-3,39.9521612,-100.8967806,2.5,1.62999999523162,1.8477367
S2018KS153103,KeCF3-3,39.9521612,-100.8967806,7.5,1.00999999046325,1.5678741
S2018KS153103,KeCF3-3,39.9521612,-100.8967806,15.5,0.80000001192092,0.94145197
S2018KS153103,KeCF3-3,39.9521612,-100.8967806,29.0,0.58999997377395,0.60836965
S2018KS153103,KeCF3-3,39.9521612,-100.8967806,43.5,0.54000002145767,0.4786439
S2018KS153103,KeCF3-3,39.9521612,-100.8967806,66.5,0.7200000286102199,0.33871126
S2018KS153103,KeCF3-3,39.9521612,-100.8967806,91.5,0.61000001430511,0.22940217
S2018KS153104,KeC3-1,39.978288,-100.868944,2.5,3.78999996185302,1.0488727
S2018KS153104,KeC3-1,39.978288,-100.868944,7.5,3.73000001907348,0.99145705
S2018KS153104,KeC3-1,39.978288,-100.868944,16.5,0.95999997854232,0.8258226
S2018KS153104,KeC3-1,39.978288,-100.868944,31.0,0.7200000286102199,0.59356725
S2018KS153104,KeC3-1,39.978288,-100.868944,48.0,0.51999998092651,0.44845358
S2018KS153104,KeC3-1,39.978288,-100.868944,67.0,0.6200000047683699,0.3403934
S2018KS153104,KeC3-1,39.978288,-100.868944,88.5,0.4900000095367399,0.22675903
S2018KS153105,KeC3-2,39.978452,-100.868986,2.5,1.22000002861022,1.0488727
S2018KS153105,KeC3-2,39.978452,-100.868986,7.5,0.95999997854232,0.99145705
S2018KS153105,KeC3-2,39.978452,-100.868986,12.5,0.77999997138977,0.88491845
S2018KS153105,KeC3-2,39.978452,-100.868986,20.5,0.68000000715255,0.79787356
S2018KS153105,KeC3-2,39.978452,-100.868986,30.5,0.87000000476837,0.59341353
S2018KS153105,KeC3-2,39.978452,-100.868986,45.0,0.80000001192092,0.47669706
S2018KS153105,KeC3-2,39.978452,-100.868986,70.5,0.44999998807907,0.31377894
S2018KS153105,KeC3-2,39.978452,-100.868986,93.0,0.40000000596046,0.22675903
S2018KS153106,KeC3-3,39.9783659,-100.8687585,2.5,1.23000001907348,1.0488727
S2018KS153106,KeC3-3,39.9783659,-100.8687585,7.5,1.02999997138977,0.99145705
S2018KS153106,KeC3-3,39.9783659,-100.8687585,14.0,0.8799999952316199,0.8735428
S2018KS153106,KeC3-3,39.9783659,-100.8687585,23.5,1.00999999046325,0.6802017
S2018KS153106,KeC3-3,39.9783659,-100.8687585,35.0,0.88999998569488,0.56965655
S2018KS153106,KeC3-3,39.9783659,-100.8687585,49.0,0.58999997377395,0.4429417
S2018KS153106,KeC3-3,39.9783659,-100.8687585,66.5,0.3600000143051099,0.3403934
S2018KS153106,KeC3-3,39.9783659,-100.8687585,88.0,0.40999999642372,0.22675903
S2018KS153107,KeN3-1,39.9736474,-100.8692162,2.5,1.35000002384185,1.9347411
S2018KS153107,KeN3-1,39.9736474,-100.8692162,7.5,3.00999999046325,1.5515261
S2018KS153107,KeN3-1,39.9736474,-100.8692162,17.5,1.03999996185302,0.85570014
S2018KS153107,KeN3-1,39.9736474,-100.8692162,34.0,0.74000000953674,0.5948322
S2018KS153107,KeN3-1,39.9736474,-100.8692162,50.0,0.58999997377395,0.46035954
S2018KS153107,KeN3-1,39.9736474,-100.8692162,70.0,0.73000001907348,0.33808705
S2018KS153107,KeN3-1,39.9736474,-100.8692162,91.5,0.81999999284744,0.25827384
S2018KS153108,KeN3-2,39.9739409,-100.8692095,2.5,2.91000008583068,1.9347411
S2018KS153108,KeN3-2,39.9739409,-100.8692095,7.5,1.28999996185302,1.5515261
S2018KS153108,KeN3-2,39.9739409,-100.8692095,17.5,1.05999994277954,0.85570014
S2018KS153108,KeN3-2,39.9739409,-100.8692095,35.0,0.6700000166893,0.5745669
S2018KS153108,KeN3-2,39.9739409,-100.8692095,58.0,0.57999998331069,0.41732085
S2018KS153108,KeN3-2,39.9739409,-100.8692095,78.0,0.66000002622604,0.30709112
S2018KS153108,KeN3-2,39.9739409,-100.8692095,92.5,0.91000002622604,0.25827384
S2018KS153109,KeN3-3,39.9737363,-100.8690184,2.5,2.78999996185302,2.0140662
S2018KS153109,KeN3-3,39.9737363,-100.8690184,7.5,1.35000002384185,1.6067233
S2018KS153109,KeN3-3,39.9737363,-100.8690184,18.0,0.95999997854232,0.9123128
S2018KS153109,KeN3-3,39.9737363,-100.8690184,35.0,0.70999997854232,0.59478027
S2018KS153109,KeN3-3,39.9737363,-100.8690184,54.5,0.74000000953674,0.43136036
S2018KS153109,KeN3-3,39.9737363,-100.8690184,72.0,0.88999998569488,0.33231995
S2018KS153109,KeN3-3,39.9737363,-100.8690184,89.5,0.66000002622604,0.24574518
S2018KS179104,KeCF1-1,39.2447359,-100.5431538,2.5,1.91999995708465,2.0091345
S2018KS179104,KeCF1-1,39.2447359,-100.5431538,7.5,1.0900000333786,1.6829139
S2018KS179104,KeCF1-1,39.2447359,-100.5431538,14.0,0.93000000715255,1.0811906
S2018KS179104,KeCF1-1,39.2447359,-100.5431538,22.5,0.6200000047683699,0.8325811
S2018KS179104,KeCF1-1,39.2447359,-100.5431538,32.0,0.57999998331069,0.58987993
S2018KS179104,KeCF1-1,39.2447359,-100.5431538,48.0,0.7200000286102199,0.47062066
S2018KS179104,KeCF1-1,39.2447359,-100.5431538,79.5,0.50999999046325,0.31896058
S2018KS179105,KeCF1-2,39.2450134,-100.5430643,2.5,1.7899999618530198,2.0197883
S2018KS179105,KeCF1-2,39.2450134,-100.5430643,7.5,1.11000001430511,1.6924114
S2018KS179105,KeCF1-2,39.2450134,-100.5430643,14.0,0.89999997615814,1.0885588
S2018KS179105,KeCF1-2,39.2450134,-100.5430643,25.0,0.6200000047683699,0.7483276
S2018KS179105,KeCF1-2,39.2450134,-100.5430643,38.5,0.5500000119209201,0.5680538
S2018KS179105,KeCF1-2,39.2450134,-100.5430643,55.5,0.5299999713897701,0.44091398
S2018KS179105,KeCF1-2,39.2450134,-100.5430643,83.0,0.5,0.3219379
S2018KS179106,KeCF1-3,39.2447102,-100.5427146,2.5,1.88999998569488,2.0091345
S2018KS179106,KeCF1-3,39.2447102,-100.5427146,7.5,1.19000005722045,1.6829139
S2018KS179106,KeCF1-3,39.2447102,-100.5427146,14.0,1.23000001907348,1.0811906
S2018KS179106,KeCF1-3,39.2447102,-100.5427146,32.0,0.80000001192092,0.58987993
S2018KS179106,KeCF1-3,39.2447102,-100.5427146,61.5,0.56999999284744,0.404907
S2018KS179106,KeCF1-3,39.2447102,-100.5427146,86.0,0.47999998927116,0.29444474
S2018KS179106,KeCF1-3,39.2447102,-100.5427146,97.5,0.44999998807907,0.29868376
S2018KS179107,KeN1-1,39.249205,-100.56165313720705,2.5,3.1900000572204497,2.322752
S2018KS179107,KeN1-1,39.249205,-100.56165313720705,7.5,2.00999999046325,1.7931023
S2018KS179107,KeN1-1,39.249205,-100.56165313720705,16.5,1.67999994754791,0.9819899
S2018KS179107,KeN1-1,39.249205,-100.56165313720705,33.5,1.03999996185302,0.65734357
S2018KS179107,KeN1-1,39.249205,-100.56165313720705,56.0,0.68000000715255,0.48866647
S2018KS179107,KeN1-1,39.249205,-100.56165313720705,74.0,0.7900000214576699,0.3977874
S2018KS179107,KeN1-1,39.249205,-100.56165313720705,90.0,0.5299999713897701,0.2998514
S2018KS179108,KeN1-2,39.249205,-100.56165313720705,2.5,3.3699998855590803,2.322752
S2018KS179108,KeN1-2,39.249205,-100.56165313720705,7.5,1.89999997615814,1.7931023
S2018KS179108,KeN1-2,39.249205,-100.56165313720705,19.0,1.5900000333786,0.9499165
S2018KS179108,KeN1-2,39.249205,-100.56165313720705,35.0,0.8799999952316199,0.6503499
S2018KS179108,KeN1-2,39.249205,-100.56165313720705,53.0,0.60000002384185,0.49523944
S2018KS179108,KeN1-2,39.249205,-100.56165313720705,75.0,0.5299999713897701,0.37480414
S2018KS179108,KeN1-2,39.249205,-100.56165313720705,93.0,0.56000000238418,0.2998514
S2018KS179109,KeN1-3,39.249205,-100.56165313720705,2.5,3.5299999713897705,2.322752
S2018KS179109,KeN1-3,39.249205,-100.56165313720705,7.5,1.82000005245208,1.7931023
S2018KS179109,KeN1-3,39.249205,-100.56165313720705,18.0,1.30999994277954,0.9819899
S2018KS179109,KeN1-3,39.249205,-100.56165313720705,33.5,0.74000000953674,0.65734357
S2018KS179109,KeN1-3,39.249205,-100.56165313720705,50.0,0.58999997377395,0.5269832
S2018KS179109,KeN1-3,39.249205,-100.56165313720705,69.5,0.56000000238418,0.3982499
S2018KS179109,KeN1-3,39.249205,-100.56165313720705,90.0,0.4600000083446499,0.2998514
S2018KS179110,KeC1-1,39.244626,-100.557271,2.5,2.17000007629394,1.018734
S2018KS179110,KeC1-1,39.244626,-100.557271,7.5,1.89999997615814,0.96112466
S2018KS179110,KeC1-1,39.244626,-100.557271,16.5,1.61000001430511,0.7361684
S2018KS179110,KeC1-1,39.244626,-100.557271,29.5,1.13999998569488,0.535845
S2018KS179110,KeC1-1,39.244626,-100.557271,45.0,0.77999997138977,0.43742636
S2018KS179110,KeC1-1,39.244626,-100.557271,61.5,0.60000002384185,0.3458839
S2018KS179110,KeC1-1,39.244626,-100.557271,78.0,0.82999998331069,0.2729284
S2018KS179110,KeC1-1,39.244626,-100.557271,93.5,0.5299999713897701,0.22813453
S2018KS179111,KeC1-2,39.244626,-100.557271,2.5,2.0999999046325604,1.018734
S2018KS179111,KeC1-2,39.244626,-100.557271,7.5,1.74000000953674,0.96112466
S2018KS179111,KeC1-2,39.244626,-100.557271,17.5,1.14999997615814,0.7361684
S2018KS179111,KeC1-2,39.244626,-100.557271,30.5,0.75,0.53059715
S2018KS179111,KeC1-2,39.244626,-100.557271,47.5,0.58999997377395,0.4102549
S2018KS179111,KeC1-2,39.244626,-100.557271,68.5,0.63999998569488,0.31063426
S2018KS179111,KeC1-2,39.244626,-100.557271,89.0,0.6999999880790699,0.22813453
S2018KS179112,KeC1-3,39.244626,-100.557271,2.5,2.1199998855590803,1.018734
S2018KS179112,KeC1-3,39.244626,-100.557271,7.5,1.7799999713897698,0.96112466
S2018KS179112,KeC1-3,39.244626,-100.557271,17.0,1.40999996662139,0.7361684
S2018KS179112,KeC1-3,39.244626,-100.557271,31.0,0.9200000166893,0.53074485
S2018KS179112,KeC1-3,39.244626,-100.557271,49.5,0.63999998569488,0.4090597
S2018KS179112,KeC1-3,39.244626,-100.557271,70.5,0.63999998569488,0.30654898
S2018KS179112,KeC1-3,39.244626,-100.557271,90.0,0.6999999880790699,0.22813453
S2018KS193101,KeC2-1,39.3817794,-101.0631493,2.5,2.36999988555908,1.1323891
S2018KS193101,KeC2-1,39.3817794,-101.0631493,7.5,1.73000001907348,1.0710771
S2018KS193101,KeC2-1,39.3817794,-101.0631493,16.0,1.25999999046325,0.91002566
S2018KS193101,KeC2-1,39.3817794,-101.0631493,32.0,0.74000000953674,0.6524679
S2018KS193101,KeC2-1,39.3817794,-101.0631493,49.0,0.75,0.5216515
S2018KS193101,KeC2-1,39.3817794,-101.0631493,62.5,1.01999998092651,0.43301272
S2018KS193101,KeC2-1,39.3817794,-101.0631493,76.5,0.81999999284744,0.35390845
S2018KS193101,KeC2-1,39.3817794,-101.0631493,92.0,0.58999997377395,0.2903744
S2018KS193102,KeC2-2,39.3815262,-101.0632519,2.5,2.27999997138977,1.1295009
S2018KS193102,KeC2-2,39.3815262,-101.0632519,7.5,1.60000002384185,1.0658959
S2018KS193102,KeC2-2,39.3815262,-101.0632519,16.5,1.25,0.8940453
S2018KS193102,KeC2-2,39.3815262,-101.0632519,31.5,0.94999998807907,0.6483342
S2018KS193102,KeC2-2,39.3815262,-101.0632519,48.0,0.77999997138977,0.52364296
S2018KS193102,KeC2-2,39.3815262,-101.0632519,62.5,0.77999997138977,0.4294279
S2018KS193102,KeC2-2,39.3815262,-101.0632519,74.0,0.6999999880790699,0.37809566
S2018KS193102,KeC2-3,39.3816973,-101.0629297,89.5,0.77999997138977,0.2903744
S2018KS193103,KeC2-3,39.3816973,-101.0629297,2.5,2.08999991416931,1.1323891
S2018KS193103,KeC2-3,39.3816973,-101.0629297,7.5,1.52999997138977,1.0710771
S2018KS193103,KeC2-3,39.3816973,-101.0629297,18.0,1.21000003814697,0.8987955
S2018KS193103,KeC2-3,39.3816973,-101.0629297,33.0,0.88999998569488,0.6524679
S2018KS193103,KeC2-3,39.3816973,-101.0629297,46.0,0.95999997854232,0.5399183
S2018KS193103,KeC2-3,39.3816973,-101.0629297,59.0,1.23000001907348,0.45308965
S2018KS193103,KeC2-3,39.3816973,-101.0629297,73.5,1.25,0.38155174
S2018KS193103,KeC2-3,39.3816973,-101.0629297,90.5,0.8500000238418501,0.2903744
S2018KS193104,KeN2-1,39.3843208,-101.0636022,2.5,1.12000000476837,2.215481
S2018KS193104,KeN2-1,39.3843208,-101.0636022,7.5,1.8700000047683696,1.7377365
S2018KS193104,KeN2-1,39.3843208,-101.0636022,17.5,1.60000002384185,0.9470827
S2018KS193104,KeN2-1,39.3843208,-101.0636022,34.5,1.55999994277954,0.61116725
S2018KS193104,KeN2-1,39.3843208,-101.0636022,57.0,0.93000000715255,0.42027572
S2018KS193104,KeN2-1,39.3843208,-101.0636022,79.0,0.61000001430511,0.32702821
S2018KS193104,KeN2-1,39.3843208,-101.0636022,94.0,0.60000002384185,0.2822997
S2018KS193105,KeN2-2,39.3840397,-101.0636425,2.5,3.86999988555908,2.268849
S2018KS193105,KeN2-2,39.3840397,-101.0636425,7.5,2.44000005722045,1.7903357
S2018KS193105,KeN2-2,39.3840397,-101.0636425,18.0,1.55999994277954,1.0156835
S2018KS193105,KeN2-2,39.3840397,-101.0636425,36.0,1.71000003814697,0.6390333
S2018KS193105,KeN2-2,39.3840397,-101.0636425,57.5,1.21000003814697,0.46261796
S2018KS193105,KeN2-2,39.3840397,-101.0636425,81.0,0.68999999761581,0.32163543
S2018KS193105,KeN2-2,39.3840397,-101.0636425,96.5,0.5500000119209201,0.2849247
S2018KS193106,KeN2-3,39.384217,-101.063449,2.5,4.32999992370605,2.268849
S2018KS193106,KeN2-3,39.384217,-101.063449,7.5,2.1500000953674303,1.7903357
S2018KS193106,KeN2-3,39.384217,-101.063449,17.5,1.89999997615814,1.0156835
S2018KS193106,KeN2-3,39.384217,-101.063449,34.5,1.61000001430511,0.66780823
S2018KS193106,KeN2-3,39.384217,-101.063449,50.0,1.20000004768371,0.5164471
S2018KS193106,KeN2-3,39.384217,-101.063449,69.0,0.75999999046325,0.37958473
S2018KS193106,KeN2-3,39.384217,-101.063449,91.0,0.64999997615814,0.2849247
C1B,CeC1-2,35.73571014404297,-78.68135070800781,2.5,1.82000005245208,1.6938564
C1B,CeC1-2,35.73571014404297,-78.68135070800781,7.5,1.44000005722045,1.4194787
C1B,CeC1-2,35.73571014404297,-78.68135070800781,17.0,1.01999998092651,0.82771915
C1B,CeC1-2,35.73571014404297,-78.68135070800781,42.5,0.23999999463558,0.39716452
C1B,CeC1-2,35.73571014404297,-78.68135070800781,80.5,0.1400000005960399,0.1563936
C1C,CeC1-3,35.735939025878906,-78.68177032470703,2.5,1.45000004768371,1.8095288
C1C,CeC1-3,35.735939025878906,-78.68177032470703,7.5,1.16999995708465,1.5086882
C1C,CeC1-3,35.735939025878906,-78.68177032470703,15.5,0.81999999284744,0.96259034
C1C,CeC1-3,35.735939025878906,-78.68177032470703,38.0,0.38999998569488,0.484735
C1C,CeC1-3,35.735939025878906,-78.68177032470703,77.5,0.1400000005960399,0.18652576
C1Pit,CeC1-1,35.735469818115234,-78.68930053710938,2.5,1.8700000047683696,3.3613594
C1Pit,CeC1-1,35.735469818115234,-78.68930053710938,7.5,2.46000003814697,2.4067624
C1Pit,CeC1-1,35.735469818115234,-78.68930053710938,15.0,1.37000000476837,1.2319356
C1Pit,CeC1-1,35.735469818115234,-78.68930053710938,31.0,0.51999998092651,0.7294361
C1Pit,CeC1-1,35.735469818115234,-78.68930053710938,55.5,0.25999999046325,0.40676948
C1Pit,CeC1-1,35.735469818115234,-78.68930053710938,84.5,0.31999999284744,0.2385205
C2A,CeC2-1,35.727909088134766,-78.6749496459961,2.5,1.42999994754791,1.7647524
C2A,CeC2-1,35.727909088134766,-78.6749496459961,7.5,1.5800000429153398,1.4953951
C2A,CeC2-1,35.727909088134766,-78.6749496459961,17.5,0.66000002622604,0.86080205
C2A,CeC2-1,35.727909088134766,-78.6749496459961,34.0,0.83999997377395,0.5803773
C2A,CeC2-1,35.727909088134766,-78.6749496459961,71.5,0.31999999284744,0.20131727
C2B,CeC2-2,35.7276496887207,-78.67524719238281,2.5,1.8700000047683696,1.7460284
C2B,CeC2-2,35.7276496887207,-78.67524719238281,7.5,1.05999994277954,1.489798
C2B,CeC2-2,35.7276496887207,-78.67524719238281,22.0,0.6700000166893,0.7669743
C2B,CeC2-2,35.7276496887207,-78.67524719238281,49.0,0.2199999988079,0.35423082
C2B,CeC2-2,35.7276496887207,-78.67524719238281,82.0,0.23000000417232,0.16883433
C2C,CeC2-3,35.72739028930664,-78.67555236816406,2.5,1.7899999618530198,1.7460284
C2C,CeC2-3,35.72739028930664,-78.67555236816406,7.5,1.14999997615814,1.489798
C2C,CeC2-3,35.72739028930664,-78.67555236816406,18.0,1.20000004768371,0.8561756
C2C,CeC2-3,35.72739028930664,-78.67555236816406,36.0,0.4600000083446499,0.5010757
C2C,CeC2-3,35.72739028930664,-78.67555236816406,73.0,0.09000000357627,0.20366067
C3A,CeC3-1,35.724510192871094,-78.67194366455078,2.5,2.24000000953674,2.5752065
C3A,CeC3-1,35.724510192871094,-78.67194366455078,7.5,1.67999994754791,1.851504
C3A,CeC3-1,35.724510192871094,-78.67194366455078,29.5,1.3400000333786,0.68050283
C3A,CeC3-1,35.724510192871094,-78.67194366455078,64.0,0.4399999976158099,0.27808732
C3A,CeC3-1,35.724510192871094,-78.67194366455078,89.5,0.58999997377395,0.16840692
C3B,CeC3-2,35.72481155395508,-78.67194366455078,2.5,1.86000001430511,2.5752065
C3B,CeC3-2,35.72481155395508,-78.67194366455078,7.5,1.7200000286102202,1.851504
C3B,CeC3-2,35.72481155395508,-78.67194366455078,24.5,1.96000003814697,0.7735843
C3B,CeC3-2,35.72481155395508,-78.67194366455078,58.0,0.6999999880790699,0.31282738
C3B,CeC3-2,35.72481155395508,-78.67194366455078,85.5,0.44999998807907,0.16963007
C3C,CeC3-3,35.7251091003418,-78.67194366455078,2.5,1.91999995708465,2.5752065
C3C,CeC3-3,35.7251091003418,-78.67194366455078,7.5,1.96000003814697,1.851504
C3C,CeC3-3,35.7251091003418,-78.67194366455078,27.5,1.41999995708465,0.73507565
C3C,CeC3-3,35.7251091003418,-78.67194366455078,55.5,0.47999998927116,0.33465555
C3C,CeC3-3,35.7251091003418,-78.67194366455078,77.5,0.68999999761581,0.21110523
C3C,CeC3-3,35.7251091003418,-78.67194366455078,94.5,0.3400000035762699,0.16840692
F3B,CeF3-2,35.72618865966797,-78.66951751708984,2.5,1.95000004768371,3.043328
F3B,CeF3-2,35.72618865966797,-78.66951751708984,7.5,1.1799999475479102,2.2235193
F3B,CeF3-2,35.72618865966797,-78.66951751708984,25.0,0.37000000476837,0.81537527
F3B,CeF3-2,35.72618865966797,-78.66951751708984,50.0,0.20000000298023,0.4284279
F3B,CeF3-2,35.72618865966797,-78.66951751708984,80.0,0.1500000059604599,0.22408472
F3PIT,CeF3-1,35.72611999511719,-78.66969299316406,2.5,8.59000015258789,3.0117824
F3PIT,CeF3-1,35.72611999511719,-78.66969299316406,7.5,2.55999994277954,2.2235193
F3PIT,CeF3-1,35.72611999511719,-78.66969299316406,25.0,0.4900000095367399,0.81537527
F3PIT,CeF3-1,35.72611999511719,-78.66969299316406,55.0,0.15999999642372,0.36840513
F3PIT,CeF3-1,35.72611999511719,-78.66969299316406,85.0,0.1000000014901099,0.18721959
P1A,CeH1-1,35.73408889770508,-78.68048095703125,2.5,2.75999999046325,2.7892427
P1A,CeH1-1,35.73408889770508,-78.68048095703125,7.5,0.4399999976158099,2.0872905
P1A,CeH1-1,35.73408889770508,-78.68048095703125,27.0,0.41999998688697,0.74131525
P1A,CeH1-1,35.73408889770508,-78.68048095703125,59.5,0.23000000417232,0.31825504
P1A,CeH1-1,35.73408889770508,-78.68048095703125,87.5,0.20000000298023,0.18368866
P1B,CeH1-2,35.73442840576172,-78.680419921875,2.5,5.05000019073486,2.6828725
P1B,CeH1-2,35.73442840576172,-78.680419921875,7.5,2.1800000667572,1.9894518
P1B,CeH1-2,35.73442840576172,-78.680419921875,16.5,1.42999994754791,0.90357137
P1B,CeH1-2,35.73442840576172,-78.680419921875,36.0,0.54000002145767,0.53246117
P1B,CeH1-2,35.73442840576172,-78.680419921875,74.5,0.20000000298023,0.23217127
P1PIT,CeH1-3,35.734771728515625,-78.68035888671875,2.5,4.579999923706049,2.6828725
P1PIT,CeH1-3,35.734771728515625,-78.68035888671875,7.5,2.1900000572204497,1.9894518
P1PIT,CeH1-3,35.734771728515625,-78.68035888671875,13.0,1.38999998569488,1.2130866
P1PIT,CeH1-3,35.734771728515625,-78.68035888671875,38.5,0.54000002145767,0.5035221
P1PIT,CeH1-3,35.734771728515625,-78.68035888671875,80.5,0.18000000715255,0.19958033
P2A,CeH2-1,35.7287712097168,-78.67504119873047,2.5,1.83000004291534,2.599546
P2A,CeH2-1,35.7287712097168,-78.67504119873047,7.5,1.7200000286102202,2.0360594
P2A,CeH2-1,35.7287712097168,-78.67504119873047,20.0,0.6200000047683699,0.88199186
P2A,CeH2-1,35.7287712097168,-78.67504119873047,46.0,0.38999998569488,0.43288696
P2A,CeH2-1,35.7287712097168,-78.67504119873047,81.0,0.1500000059604599,0.21226273
P2B,CeH2-2,35.72871017456055,-78.6747817993164,2.5,2.1199998855590803,2.6204388
P2B,CeH2-2,35.72871017456055,-78.6747817993164,7.5,1.25999999046325,2.0269463
P2B,CeH2-2,35.72871017456055,-78.6747817993164,12.5,0.68999999761581,1.257065
P2B,CeH2-2,35.72871017456055,-78.6747817993164,36.5,0.44999998807907,0.54403406
P2B,CeH2-2,35.72871017456055,-78.6747817993164,79.0,0.25999999046325,0.21849535
P2C,CeH2-3,35.7286491394043,-78.67452239990234,2.5,2.6800000667572,2.6166544
P2C,CeH2-3,35.7286491394043,-78.67452239990234,7.5,1.48000001907348,2.0296037
P2C,CeH2-3,35.7286491394043,-78.67452239990234,16.0,1.25999999046325,1.0328379
P2C,CeH2-3,35.7286491394043,-78.67452239990234,37.0,0.73000001907348,0.5299335
P2C,CeH2-3,35.7286491394043,-78.67452239990234,76.0,0.12999999523162,0.21954443
P3A,CeH3-1,35.732460021972656,-78.67191314697266,2.5,3.0799999237060502,3.164703
P3A,CeH3-1,35.732460021972656,-78.67191314697266,7.5,1.67999994754791,2.45117
P3A,CeH3-1,35.732460021972656,-78.67191314697266,15.0,1.0900000333786,1.3076919
P3A,CeH3-1,35.732460021972656,-78.67191314697266,35.0,0.77999997138977,0.7666452
P3A,CeH3-1,35.732460021972656,-78.67191314697266,63.5,0.33000001311302,0.40113375
P3B,CeH3-2,35.73284912109375,-78.67204284667969,2.5,1.69000005722045,3.3112183
P3B,CeH3-2,35.73284912109375,-78.67204284667969,7.5,0.93000000715255,2.4451878
P3B,CeH3-2,35.73284912109375,-78.67204284667969,17.0,0.4399999976158099,1.1474621
P3B,CeH3-2,35.73284912109375,-78.67204284667969,34.0,0.43000000715255,0.7970957
P3C,CeH3-3,35.73324966430664,-78.67214965820312,2.5,2.1900000572204497,3.3112183
P3C,CeH3-3,35.73324966430664,-78.67214965820312,7.5,0.98000001907348,2.4451878
P3C,CeH3-3,35.73324966430664,-78.67214965820312,15.0,0.58999997377395,1.2860173
P3C,CeH3-3,35.73324966430664,-78.67214965820312,28.0,0.7200000286102199,0.92403114
P3C,CeH3-3,35.73324966430664,-78.67214965820312,68.0,0.1500000059604599,0.37342674
NAT_R1,NAT-1-1,32.060626,-102.406408,2.5,0.54000002145767,0.60848445
NAT_R1,NAT-1-1,32.060626,-102.406408,7.5,0.28000000119209,0.49394262
NAT_R1,NAT-1-1,32.060626,-102.406408,20.0,0.17000000178813,0.47978935
NAT_R1,NAT-1-1,32.060626,-102.406408,50.0,0.23999999463558,0.26993638
NAT_R1,NAT-1-1,32.060626,-102.406408,85.0,0.20999999344348,0.13143845
NAT_R2,NAT-2-2,33.059817,-102.406791,2.5,0.41999998688697,0.81546277
NAT_R2,NAT-2-2,33.059817,-102.406791,7.5,0.25,0.6915996
NAT_R2,NAT-2-2,33.059817,-102.406791,20.0,0.18000000715255,0.62176263
NAT_R2,NAT-2-2,33.059817,-102.406791,50.0,0.25,0.36446008
NAT_R2,NAT-2-2,33.059817,-102.406791,85.0,0.3000000119209199,0.17619555
NAT_R3,NAT-3-3,33.060119,-102.406186,2.5,0.51999998092651,0.7947074
NAT_R3,NAT-3-3,33.060119,-102.406186,7.5,0.3000000119209199,0.682534
NAT_R3,NAT-3-3,33.060119,-102.406186,20.0,0.20999999344348,0.62063503
NAT_R3,NAT-3-3,33.060119,-102.406186,50.0,0.15999999642372,0.37230805
NAT_R3,NAT-3-3,33.060119,-102.406186,85.0,0.28000000119209,0.18418376
P1_R1a,CVT-1-1,32.774177,-101.94719696044922,2.5,0.1500000059604599,0.681223
P1_R1a,CVT-1-1,32.774177,-101.94719696044922,7.5,0.1500000059604599,0.6421577
P1_R1a,CVT-1-1,32.774177,-101.94719696044922,22.5,0.17000000178813,0.5130616
P1_R1a,CVT-1-1,32.774177,-101.94719696044922,55.0,0.17000000178813,0.23736353
P1_R1a,CVT-1-1,32.774177,-101.94719696044922,87.5,0.10999999940395,0.11109083
P1_R1b,CVT-1-2,32.774177,-101.94719696044922,2.5,0.18000000715255,0.681223
P1_R1b,CVT-1-2,32.774177,-101.94719696044922,7.5,0.17000000178813,0.6421577
P1_R1b,CVT-1-2,32.774177,-101.94719696044922,22.5,0.1400000005960399,0.5130616
P1_R1b,CVT-1-2,32.774177,-101.94719696044922,55.0,0.20999999344348,0.23736353
P1_R1b,CVT-1-2,32.774177,-101.94719696044922,87.5,0.1500000059604599,0.11109083
P1_R1c,CVT-1-3,32.774177,-101.94719696044922,2.5,0.20999999344348,0.681223
P1_R1c,CVT-1-3,32.774177,-101.94719696044922,7.5,0.17000000178813,0.6421577
P1_R1c,CVT-1-3,32.774177,-101.94719696044922,22.5,0.17000000178813,0.5130616
P1_R1c,CVT-1-3,32.774177,-101.94719696044922,55.0,0.1500000059604599,0.23736353
P1_R1c,CVT-1-3,32.774177,-101.94719696044922,87.5,0.1500000059604599,0.11109083
P2_R1a,NTR-1-1,32.775007,-101.947399,2.5,0.61000001430511,0.6866775
P2_R1a,NTR-1-1,32.775007,-101.947399,7.5,0.43000000715255,0.6474855
P2_R1a,NTR-1-1,32.775007,-101.947399,22.5,0.12999999523162,0.5121793
P2_R1a,NTR-1-1,32.775007,-101.947399,55.0,0.18999999761581,0.23582552
P2_R1a,NTR-1-1,32.775007,-101.947399,87.5,0.1500000059604599,0.109709784
P2_R1b,NTR-1-2,32.775007,-101.947399,2.5,0.6200000047683699,0.6866775
P2_R1b,NTR-1-2,32.775007,-101.947399,7.5,0.3400000035762699,0.6474855
P2_R1b,NTR-1-2,32.775007,-101.947399,22.5,0.1500000059604599,0.5121793
P2_R1b,NTR-1-2,32.775007,-101.947399,55.0,0.17000000178813,0.23582552
P2_R1b,NTR-1-2,32.775007,-101.947399,87.5,0.17000000178813,0.109709784
P2_R1c,NTR-1-3,32.775007,-101.947399,2.5,0.68000000715255,0.6866775
P2_R1c,NTR-1-3,32.775007,-101.947399,7.5,0.3400000035762699,0.6474855
P2_R1c,NTR-1-3,32.775007,-101.947399,22.5,0.18000000715255,0.5121793
P2_R1c,NTR-1-3,32.775007,-101.947399,55.0,0.1500000059604599,0.23582552
P2_R1c,NTR-1-3,32.775007,-101.947399,87.5,0.20000000298023,0.109709784
P3_R1a,NTM-1-1,32.774275,-101.946881,2.5,0.6999999880790699,0.69081473
P3_R1a,NTM-1-1,32.774275,-101.946881,7.5,0.4900000095367399,0.65152633
P3_R1a,NTM-1-1,32.774275,-101.946881,22.5,0.15999999642372,0.51588845
P3_R1a,NTM-1-1,32.774275,-101.946881,55.0,0.11999999731779,0.2388568
P3_R1a,NTM-1-1,32.774275,-101.946881,87.5,0.10999999940395,0.112431705
P3_R1b,NTM-1-2,32.774275,-101.946881,2.5,0.57999998331069,0.69081473
P3_R1b,NTM-1-2,32.774275,-101.946881,7.5,0.3600000143051099,0.65152633
P3_R1b,NTM-1-2,32.774275,-101.946881,22.5,0.1400000005960399,0.51588845
P3_R1b,NTM-1-2,32.774275,-101.946881,55.0,0.1400000005960399,0.2388568
P3_R1b,NTM-1-2,32.774275,-101.946881,87.5,0.11999999731779,0.112431705
P3_R1c,NTM-1-3,32.774275,-101.946881,2.5,0.4699999988079,0.69081473
P3_R1c,NTM-1-3,32.774275,-101.946881,7.5,0.44999998807907,0.65152633
P3_R1c,NTM-1-3,32.774275,-101.946881,22.5,0.1400000005960399,0.51588845
P3_R1c,NTM-1-3,32.774275,-101.946881,55.0,0.2199999988079,0.2388568
P3_R1c,NTM-1-3,32.774275,-101.946881,87.5,0.15999999642372,0.112431705
P4_R2a,NTR-2-1,32.775007,-101.947399,2.5,0.66000002622604,0.6866775
P4_R2a,NTR-2-1,32.775007,-101.947399,7.5,0.25,0.6474855
P4_R2a,NTR-2-1,32.775007,-101.947399,22.5,0.1500000059604599,0.5121793
P4_R2a,NTR-2-1,32.775007,-101.947399,55.0,0.17000000178813,0.23582552
P4_R2a,NTR-2-1,32.775007,-101.947399,87.5,0.1500000059604599,0.109709784
P4_R2b,NTR-2-2,32.775007,-101.947399,2.5,0.60000002384185,0.6866775
P4_R2b,NTR-2-2,32.775007,-101.947399,7.5,0.4399999976158099,0.6474855
P4_R2b,NTR-2-2,32.775007,-101.947399,22.5,0.18999999761581,0.5121793
P4_R2b,NTR-2-2,32.775007,-101.947399,55.0,0.18000000715255,0.23582552
P4_R2b,NTR-2-2,32.775007,-101.947399,87.5,0.15999999642372,0.109709784
P4_R2c,NTR-2-3,32.775007,-101.947399,2.5,0.5299999713897701,0.6866775
P4_R2c,NTR-2-3,32.775007,-101.947399,7.5,0.37000000476837,0.6474855
P4_R2c,NTR-2-3,32.775007,-101.947399,22.5,0.1400000005960399,0.5121793
P4_R2c,NTR-2-3,32.775007,-101.947399,55.0,0.25,0.23582552
P4_R2c,NTR-2-3,32.775007,-101.947399,87.5,0.25999999046325,0.109709784
P5_R2a,NTM-2-1,32.775004,-101.947229,2.5,0.63999998569488,0.7304192
P5_R2a,NTM-2-1,32.775004,-101.947229,7.5,0.5500000119209201,0.67503685
P5_R2a,NTM-2-1,32.775004,-101.947229,22.5,0.1400000005960399,0.5276441
P5_R2a,NTM-2-1,32.775004,-101.947229,55.0,0.17000000178813,0.24380818
P5_R2a,NTM-2-1,32.775004,-101.947229,87.5,0.17000000178813,0.116877794
P5_R2b,NTM-2-2,32.775004,-101.947229,2.5,0.68000000715255,0.7304192
P5_R2b,NTM-2-2,32.775004,-101.947229,7.5,0.4399999976158099,0.67503685
P5_R2b,NTM-2-2,32.775004,-101.947229,22.5,0.15999999642372,0.5276441
P5_R2b,NTM-2-2,32.775004,-101.947229,55.0,0.20000000298023,0.24380818
P5_R2b,NTM-2-2,32.775004,-101.947229,87.5,0.1500000059604599,0.116877794
P5_R2c,NTM-2-3,32.775004,-101.947229,2.5,0.8500000238418501,0.7304192
P5_R2c,NTM-2-3,32.775004,-101.947229,7.5,0.4699999988079,0.67503685
P5_R2c,NTM-2-3,32.775004,-101.947229,22.5,0.15999999642372,0.5276441
P5_R2c,NTM-2-3,32.775004,-101.947229,55.0,0.20000000298023,0.24380818
P5_R2c,NTM-2-3,32.775004,-101.947229,87.5,0.17000000178813,0.116877794
P6_R2a,CVT-2-1,32.774988,-101.947051,2.5,0.2199999988079,0.7312613
P6_R2a,CVT-2-1,32.774988,-101.947051,7.5,0.2199999988079,0.67585206
P6_R2a,CVT-2-1,32.774988,-101.947051,22.5,0.20000000298023,0.5276441
P6_R2a,CVT-2-1,32.774988,-101.947051,55.0,0.18000000715255,0.24380818
P6_R2a,CVT-2-1,32.774988,-101.947051,87.5,0.1500000059604599,0.116877794
P6_R2b,CVT-2-2,32.774988,-101.947051,2.5,0.20999999344348,0.7312613
P6_R2b,CVT-2-2,32.774988,-101.947051,7.5,0.17000000178813,0.67585206
P6_R2b,CVT-2-2,32.774988,-101.947051,22.5,0.18000000715255,0.5276441
P6_R2b,CVT-2-2,32.774988,-101.947051,55.0,0.17000000178813,0.24380818
P6_R2b,CVT-2-2,32.774988,-101.947051,87.5,0.12999999523162,0.116877794
P6_R2c,CVT-2-3,32.774988,-101.947051,2.5,0.23999999463558,0.7312613
P6_R2c,CVT-2-3,32.774988,-101.947051,7.5,0.17000000178813,0.67585206
P6_R2c,CVT-2-3,32.774988,-101.947051,22.5,0.18000000715255,0.5276441
P6_R2c,CVT-2-3,32.774988,-101.947051,55.0,0.18000000715255,0.24380818
P6_R2c,CVT-2-3,32.774988,-101.947051,87.5,0.20999999344348,0.116877794
P7_R3a,NTM-3-1,32.775739,-101.94738006591795,2.5,0.76999998092651,0.716565
P7_R3a,NTM-3-1,32.775739,-101.94738006591795,7.5,0.43000000715255,0.6616261
P7_R3a,NTM-3-1,32.775739,-101.94738006591795,22.5,0.20000000298023,0.5154133
P7_R3a,NTM-3-1,32.775739,-101.94738006591795,55.0,0.23000000417232,0.23384984
P7_R3a,NTM-3-1,32.775739,-101.94738006591795,87.5,0.18000000715255,0.107935734
P7_R3b,NTM-3-2,32.775739,-101.94738006591795,2.5,1.08000004291534,0.716565
P7_R3b,NTM-3-2,32.775739,-101.94738006591795,7.5,0.6200000047683699,0.6616261
P7_R3b,NTM-3-2,32.775739,-101.94738006591795,22.5,0.11999999731779,0.5154133
P7_R3b,NTM-3-2,32.775739,-101.94738006591795,55.0,0.2199999988079,0.23384984
P7_R3b,NTM-3-2,32.775739,-101.94738006591795,87.5,0.37999999523162,0.107935734
P7_R3c,NTM-3-3,32.775739,-101.94738006591795,2.5,0.4900000095367399,0.716565
P7_R3c,NTM-3-3,32.775739,-101.94738006591795,7.5,0.23000000417232,0.6616261
P7_R3c,NTM-3-3,32.775739,-101.94738006591795,22.5,0.12999999523162,0.5154133
P7_R3c,NTM-3-3,32.775739,-101.94738006591795,55.0,0.12999999523162,0.23384984
P7_R3c,NTM-3-3,32.775739,-101.94738006591795,87.5,0.0700000002980199,0.107935734
P8_R3a,CVT-3-1,32.775733947753906,-101.947185,2.5,0.18999999761581,0.716565
P8_R3a,CVT-3-1,32.775733947753906,-101.947185,7.5,0.18000000715255,0.6616261
P8_R3a,CVT-3-1,32.775733947753906,-101.947185,22.5,0.2199999988079,0.5154133
P8_R3a,CVT-3-1,32.775733947753906,-101.947185,55.0,0.12999999523162,0.23384984
P8_R3a,CVT-3-1,32.775733947753906,-101.947185,87.5,0.1000000014901099,0.107935734
P8_R3b,CVT-3-2,32.775733947753906,-101.947185,2.5,0.31000000238418,0.716565
P8_R3b,CVT-3-2,32.775733947753906,-101.947185,7.5,0.33000001311302,0.6616261
P8_R3b,CVT-3-2,32.775733947753906,-101.947185,22.5,0.2199999988079,0.5154133
P8_R3b,CVT-3-2,32.775733947753906,-101.947185,55.0,0.2199999988079,0.23384984
P8_R3b,CVT-3-2,32.775733947753906,-101.947185,87.5,0.11999999731779,0.107935734
P8_R3c,CVT-3-3,32.775733947753906,-101.947185,2.5,0.20000000298023,0.716565
P8_R3c,CVT-3-3,32.775733947753906,-101.947185,7.5,0.37000000476837,0.6616261
P8_R3c,CVT-3-3,32.775733947753906,-101.947185,22.5,0.17000000178813,0.5154133
P8_R3c,CVT-3-3,32.775733947753906,-101.947185,55.0,0.2199999988079,0.23384984
P8_R3c,CVT-3-3,32.775733947753906,-101.947185,87.5,0.1500000059604599,0.107935734
P9_R3a,NTR-3-1,32.775683,-101.947009,,0.7200000286102199,0.36725998
P9_R3a,NTR-3-1,32.775683,-101.947009,,0.54000002145767,0.36725998
P9_R3a,NTR-3-1,32.775683,-101.947009,,0.2199999988079,0.36725998
P9_R3a,NTR-3-1,32.775683,-101.947009,,0.23000000417232,0.36725998
P9_R3a,NTR-3-1,32.775683,-101.947009,,0.18000000715255,0.36725998
P9_R3b,NTR-3-2,32.775683,-101.947009,,0.91000002622604,0.36725998
P9_R3b,NTR-3-2,32.775683,-101.947009,,0.61000001430511,0.36725998
P9_R3b,NTR-3-2,32.775683,-101.947009,,0.1500000059604599,0.36725998
P9_R3b,NTR-3-2,32.775683,-101.947009,,0.33000001311302,0.36725998
P9_R3b,NTR-3-2,32.775683,-101.947009,,0.23999999463558,0.36725998
P9_R3c,NTR-3-3,32.775683,-101.947009,,0.68999999761581,0.36725998
P9_R3c,NTR-3-3,32.775683,-101.947009,,0.33000001311302,0.36725998
P9_R3c,NTR-3-3,32.775683,-101.947009,,0.1400000005960399,0.36725998
P9_R3c,NTR-3-3,32.775683,-101.947009,,0.17000000178813,0.36725998
P9_R3c,NTR-3-3,32.775683,-101.947009,,0.1400000005960399,0.36725998
CK-1A-ASP2,ASP2-1,46.78188975,-117.0822114,2.5,2.85920000076293,1.5613253
CK-1A-ASP2,ASP2-1,46.78188975,-117.0822114,7.5,2.1884000301361,1.4530264
CK-1A-ASP2,ASP2-1,46.78188975,-117.0822114,19.5,1.88139998912811,1.1846504
CK-1A-ASP2,ASP2-1,46.78188975,-117.0822114,47.0,1.4542000293731598,0.64990205
CK-1A-ASP2,ASP2-1,46.78188975,-117.0822114,76.5,0.98111999034881,0.45277202
CK-1A-ASP2,ASP2-1,46.78188975,-117.0822114,105.0,0.72930997610092,0.3768553
CK-1B-ASP2,ASP2-2,46.78188975,-117.0822114,2.5,2.6851999759673997,1.5613253
CK-1B-ASP2,ASP2-2,46.78188975,-117.0822114,7.5,2.55450010299682,1.4530264
CK-1B-ASP2,ASP2-2,46.78188975,-117.0822114,21.0,1.4812999963760298,1.1165383
CK-1B-ASP2,ASP2-2,46.78188975,-117.0822114,54.5,0.96082997322082,0.6050418
CK-1B-ASP2,ASP2-2,46.78188975,-117.0822114,87.5,0.49107998609542,0.3968367
CK-1B-ASP2,ASP2-3,46.78188975,-117.0822114,110.0,0.28000000119209,0.3768553
CK-1C-ASP2,ASP2-3,46.78188975,-117.0822114,2.5,2.39619994163513,1.5613253
CK-1C-ASP2,ASP2-3,46.78188975,-117.0822114,7.5,2.73589992523193,1.4530264
CK-1C-ASP2,ASP2-3,46.78188975,-117.0822114,24.5,2.31900000572204,0.95958805
CK-1C-ASP2,ASP2-3,46.78188975,-117.0822114,51.5,1.54100000858306,0.6473811
CK-1C-ASP2,ASP2-3,46.78188975,-117.0822114,76.5,0.76323002576828,0.45277202
CK-1C-ASP2,ASP2-3,46.78188975,-117.0822114,98.5,0.39041000604629,0.3915103
CK-1C-ASP2,ASP2-3,46.78188975,-117.0822114,115.0,0.52572000026702,0.37139478
CK-2A-BAU9,BAU9-1,46.78188975,-117.0822114,2.5,1.48860001564025,1.5613253
CK-2A-BAU9,BAU9-1,46.78188975,-117.0822114,7.5,1.30780005455017,1.4530264
CK-2A-BAU9,BAU9-1,46.78188975,-117.0822114,21.5,1.17470002174377,1.1165383
CK-2A-BAU9,BAU9-1,46.78188975,-117.0822114,50.5,0.94564998149871,0.6473811
CK-2A-BAU9,BAU9-1,46.78188975,-117.0822114,78.5,0.6190800070762601,0.4485252
CK-2A-BAU9,BAU9-1,46.78188975,-117.0822114,97.5,0.37446001172065,0.3915103
CK-2A-BAU9,BAU9-1,46.78188975,-117.0822114,114.0,0.22639000415802,0.37139478
CK-2B-BAU9,BAU9-2,46.78188975,-117.0822114,2.5,1.5815999507904002,1.5613253
CK-2B-BAU9,BAU9-2,46.78188975,-117.0822114,7.5,1.50129997730255,1.4530264
CK-2B-BAU9,BAU9-2,46.78188975,-117.0822114,20.5,1.17340004444122,1.1846504
CK-2B-BAU9,BAU9-2,46.78188975,-117.0822114,45.5,0.86226999759674,0.6589229
CK-2B-BAU9,BAU9-2,46.78188975,-117.0822114,71.5,0.57908999919891,0.4872517
CK-2B-BAU9,BAU9-2,46.78188975,-117.0822114,93.0,0.56826001405715,0.3968367
CK-2B-BAU9,BAU9-2,46.78188975,-117.0822114,112.5,0.4277200102805999,0.3768553
CK-2C-BAU9,BAU9-3,46.78188975,-117.0822114,2.5,1.69079995155334,1.5613253
CK-2C-BAU9,BAU9-3,46.78188975,-117.0822114,7.5,1.5987999439239502,1.4530264
CK-2C-BAU9,BAU9-3,46.78188975,-117.0822114,20.0,1.3882999420166,1.1846504
CK-2C-BAU9,BAU9-3,46.78188975,-117.0822114,44.5,1.11530005931854,0.69552994
CK-2C-BAU9,BAU9-3,46.78188975,-117.0822114,72.5,0.64052999019622,0.4872517
CK-2C-BAU9,BAU9-3,46.78188975,-117.0822114,94.0,0.48216000199317,0.3968367
CK-2C-BAU9,BAU9-3,46.78188975,-117.0822114,112.0,0.27090001106262,0.3768553
JEA-1A-ASP10,ASP10-1,46.78836813,-117.4595977,2.5,2.1800000667572,1.8652055
JEA-1A-ASP10,ASP10-1,46.78836813,-117.4595977,7.5,1.37000000476837,1.4941556
JEA-1A-ASP10,ASP10-1,46.78836813,-117.4595977,21.5,1.12000000476837,0.7874102
JEA-1A-ASP10,ASP10-1,46.78836813,-117.4595977,46.5,0.47999998927116,0.46625915
JEA-1A-ASP10,ASP10-1,46.78836813,-117.4595977,71.0,0.3600000143051099,0.33788174
JEA-1A-ASP10,ASP10-1,46.78836813,-117.4595977,94.0,0.28000000119209,0.26756456
JEA-1A-ASP10,ASP10-1,46.78836813,-117.4595977,114.0,0.17000000178813,0.25239232
JEA-1B-ASP10,ASP10-2,46.788368,-117.4595978,2.5,1.62999999523162,1.8652055
JEA-1B-ASP10,ASP10-2,46.788368,-117.4595978,7.5,1.16999995708465,1.4941556
JEA-1B-ASP10,ASP10-2,46.788368,-117.4595978,21.0,1.0,0.7874102
JEA-1B-ASP10,ASP10-2,46.788368,-117.4595978,43.5,0.4399999976158099,0.47769836
JEA-1B-ASP10,ASP10-2,46.788368,-117.4595978,69.5,0.23000000417232,0.33832443
JEA-1B-ASP10,ASP10-2,46.788368,-117.4595978,96.0,0.15999999642372,0.26756456
JEA-1B-ASP10,ASP10-2,46.788368,-117.4595978,115.0,0.07999999821186,0.25239232
JEA-1C-ASP10,ASP10-3,46.78836851,-117.4595972,2.5,0.76999998092651,1.8652055
JEA-1C-ASP10,ASP10-3,46.78836851,-117.4595972,7.5,0.6700000166893,1.4941556
JEA-1C-ASP10,ASP10-3,46.78836851,-117.4595972,18.5,0.4600000083446499,0.8451371
JEA-1C-ASP10,ASP10-3,46.78836851,-117.4595972,39.0,0.10999999940395,0.48957744
JEA-1C-ASP10,ASP10-3,46.78836851,-117.4595972,64.5,0.07999999821186,0.37387717
JEA-1C-ASP10,ASP10-3,46.78836851,-117.4595972,91.5,0.0700000002980199,0.26756456
JEA-1C-ASP10,ASP10-3,46.78836851,-117.4595972,113.5,0.05000000074505,0.25239232
KUI-1A-ASP6,ASP6-1,46.78188975,-117.0822114,2.5,2.5799999237060502,1.5613253
KUI-1A-ASP6,ASP6-1,46.78188975,-117.0822114,7.5,1.69000005722045,1.4530264
KUI-1A-ASP6,ASP6-1,46.78188975,-117.0822114,19.0,1.5,1.1842911
KUI-1A-ASP6,ASP6-1,46.78188975,-117.0822114,38.0,0.68000000715255,0.7504434
KUI-1A-ASP6,ASP6-1,46.78188975,-117.0822114,60.0,0.40000000596046,0.56312394
KUI-1A-ASP6,ASP6-1,46.78188975,-117.0822114,82.0,0.25999999046325,0.4248095
KUI-1A-ASP6,ASP6-1,46.78188975,-117.0822114,107.0,0.20999999344348,0.3768553
KUI-1B-ASP6,ASP6-2,46.78188975,-117.0822114,2.5,2.41000008583068,1.5613253
KUI-1B-ASP6,ASP6-2,46.78188975,-117.0822114,7.5,2.03999996185302,1.4530264
KUI-1B-ASP6,ASP6-2,46.78188975,-117.0822114,21.5,1.50999999046325,1.1165383
KUI-1B-ASP6,ASP6-2,46.78188975,-117.0822114,45.0,0.97000002861022,0.6952717
KUI-1B-ASP6,ASP6-2,46.78188975,-117.0822114,72.5,0.64999997615814,0.4872517
KUI-1B-ASP6,ASP6-2,46.78188975,-117.0822114,97.0,0.5,0.3915103
KUI-1B-ASP6,ASP6-2,46.78188975,-117.0822114,114.0,0.37999999523162,0.37139478
KUI-1C-ASP6,ASP6-3,46.78188975,-117.0822114,2.5,2.69000005722045,1.5613253
KUI-1C-ASP6,ASP6-3,46.78188975,-117.0822114,7.5,1.8700000047683696,1.4530264
KUI-1C-ASP6,ASP6-3,46.78188975,-117.0822114,19.0,1.8400000333785995,1.1842911
KUI-1C-ASP6,ASP6-3,46.78188975,-117.0822114,44.5,1.30999994277954,0.69552994
KUI-1C-ASP6,ASP6-3,46.78188975,-117.0822114,74.5,0.97000002861022,0.48345754
KUI-1C-ASP6,ASP6-3,46.78188975,-117.0822114,98.5,0.68000000715255,0.3915103
KUI-1C-ASP6,ASP6-3,46.78188975,-117.0822114,115.5,0.31000000238418,0.37139478
KUI-2A-BAU3,BAU3-1,46.78188975,-117.0822114,2.5,2.0499999523162797,1.5613253
KUI-2A-BAU3,BAU3-1,46.78188975,-117.0822114,7.5,1.64999997615814,1.4530264
KUI-2A-BAU3,BAU3-1,46.78188975,-117.0822114,22.0,0.93000000715255,1.0872748
KUI-2A-BAU3,BAU3-1,46.78188975,-117.0822114,52.0,0.4699999988079,0.61327595
KUI-2A-BAU3,BAU3-1,46.78188975,-117.0822114,85.0,0.4399999976158099,0.39829904
KUI-2A-BAU3,BAU3-1,46.78188975,-117.0822114,111.0,0.40999999642372,0.3768553
KUI-2B-BAU3,BAU3-2,46.74504916,-117.4236809,2.5,1.7500000000000002,2.1597433
KUI-2B-BAU3,BAU3-2,46.74504916,-117.4236809,7.5,1.33000004291534,1.766235
KUI-2B-BAU3,BAU3-2,46.74504916,-117.4236809,24.0,0.83999997377395,0.78647155
KUI-2B-BAU3,BAU3-2,46.74504916,-117.4236809,56.5,0.56000000238418,0.5030352
KUI-2B-BAU3,BAU3-2,46.74504916,-117.4236809,89.0,0.50999999046325,0.34555748
KUI-2B-BAU3,BAU3-2,46.74504916,-117.4236809,112.5,0.20000000298023,0.33189428
KUI-2C-BAU3,BAU3-3,46.74504916,-117.4236809,2.5,1.89999997615814,2.1597433
KUI-2C-BAU3,BAU3-3,46.74504916,-117.4236809,7.5,1.44000005722045,1.766235
KUI-2C-BAU3,BAU3-3,46.74504916,-117.4236809,21.5,0.8600000143051101,0.93266755
KUI-2C-BAU3,BAU3-3,46.74504916,-117.4236809,52.5,0.50999999046325,0.5235787
KUI-2C-BAU3,BAU3-3,46.74504916,-117.4236809,83.0,0.3000000119209199,0.37458822
KUI-2C-BAU3,BAU3-3,46.74504916,-117.4236809,108.0,0.18000000715255,0.33189428
LYM-1A-BAU8,BAU8-1,46.74504916,-117.4236809,2.5,2.0569999217987,2.1597433
LYM-1A-BAU8,BAU8-1,46.74504916,-117.4236809,7.5,2.2149999141693097,1.766235
LYM-1A-BAU8,BAU8-1,46.74504916,-117.4236809,19.5,2.06680011749267,0.9877029
LYM-1A-BAU8,BAU8-1,46.74504916,-117.4236809,54.0,2.50180006027221,0.51196206
LYM-1A-BAU8,BAU8-1,46.74504916,-117.4236809,92.5,1.92499995231628,0.34555748
LYM-1A-BAU8,BAU8-1,46.74504916,-117.4236809,114.0,1.34309995174407,0.32945165
LYM-1B-BAU8,BAU8-2,46.74504915,-117.4236809,2.5,2.0434999465942303,2.1597433
LYM-1B-BAU8,BAU8-2,46.74504915,-117.4236809,7.5,1.9508999586105296,1.766235
LYM-1B-BAU8,BAU8-2,46.74504915,-117.4236809,18.0,1.81099998950958,1.0220804
LYM-1B-BAU8,BAU8-2,46.74504915,-117.4236809,41.0,1.92170000076293,0.5895637
LYM-1B-BAU8,BAU8-2,46.74504915,-117.4236809,66.5,2.62260007858276,0.4460302
LYM-1B-BAU8,BAU8-2,46.74504915,-117.4236809,86.5,2.19020009040832,0.34696618
LYM-1B-BAU8,BAU8-2,46.74504915,-117.4236809,109.0,1.07459998130798,0.33189428
LYM-1C-BAU8,BAU8-3,46.74504922,-117.4236808,2.5,2.42540001869201,2.1597433
LYM-1C-BAU8,BAU8-3,46.74504922,-117.4236808,7.5,2.1138999462127597,1.766235
LYM-1C-BAU8,BAU8-3,46.74504922,-117.4236808,17.0,1.94110000133514,1.0220804
LYM-1C-BAU8,BAU8-3,46.74504922,-117.4236808,43.0,1.9272999763488696,0.5895637
LYM-1C-BAU8,BAU8-3,46.74504922,-117.4236808,73.5,1.6068999767303398,0.4245787
LYM-1C-BAU8,BAU8-3,46.74504922,-117.4236808,96.5,1.13489997386932,0.34555748
LYM-1C-BAU8,BAU8-3,46.74504922,-117.4236808,115.0,0.8398699760437001,0.32945165
PCFS1-PGL7a,PGL7-7a,46.75739636,-117.1998969,2.5,1.8348000049591,2.2832365
PCFS1-PGL7a,PGL7-7a,46.75739636,-117.1998969,7.5,1.69369995594024,1.9230335
PCFS1-PGL7a,PGL7-7a,46.75739636,-117.1998969,15.0,1.2150000333786,1.2935982
PCFS1-PGL7a,PGL7-7a,46.75739636,-117.1998969,30.5,0.5415499806404099,0.83779496
PCFS1-PGL7a,PGL7-7a,46.75739636,-117.1998969,52.5,0.3779500126838599,0.6191936
PCFS1-PGL7a,PGL7-7a,46.75739636,-117.1998969,81.5,0.25637999176979,0.44190323
PCFS1-PGL7a,PGL7-7a,46.75739636,-117.1998969,110.5,0.14312000572681,0.40867877
PCFS1-PGL7b,PGL7-7b,46.75739636,-117.1998969,2.5,2.56389999389648,2.2832365
PCFS1-PGL7b,PGL7-7b,46.75739636,-117.1998969,7.5,1.90450000762939,1.9230335
PCFS1-PGL7b,PGL7-7b,46.75739636,-117.1998969,16.0,1.42139995098114,1.304562
PCFS1-PGL7b,PGL7-7b,46.75739636,-117.1998969,33.5,0.97935998439788,0.82739097
PCFS1-PGL7b,PGL7-7b,46.75739636,-117.1998969,56.0,0.4766399860382,0.6038477
PCFS1-PGL7b,PGL7-7b,46.75739636,-117.1998969,85.0,0.2996500134468,0.42281523
PCFS1-PGL7b,PGL7-7b,46.75739636,-117.1998969,112.5,0.24018999934196,0.40867877
PCFS1-PGL7c,PGL7-7c,46.75739636,-117.1998969,2.5,2.8043999671936,2.2832365
PCFS1-PGL7c,PGL7-7c,46.75739636,-117.1998969,7.5,1.9917999505996704,1.9230335
PCFS1-PGL7c,PGL7-7c,46.75739636,-117.1998969,16.5,1.61029994487762,1.2306786
PCFS1-PGL7c,PGL7-7c,46.75739636,-117.1998969,32.5,1.60179996490478,0.83183444
PCFS1-PGL7c,PGL7-7c,46.75739636,-117.1998969,53.5,0.95547997951507,0.6096711
PCFS1-PGL7c,PGL7-7c,46.75739636,-117.1998969,81.5,0.79110997915267,0.44190323
PCFS1-PGL7c,PGL7-7c,46.75739636,-117.1998969,110.0,0.33849999308586,0.40867877
PCFS3-1A-ASP9,ASP9-1,46.75757137,-117.2000596,2.5,3.07739996910095,2.2832365
PCFS3-1A-ASP9,ASP9-1,46.75757137,-117.2000596,7.5,2.17890000343322,1.9230335
PCFS3-1A-ASP9,ASP9-1,46.75757137,-117.2000596,20.0,1.5741000175476,1.1876004
PCFS3-1A-ASP9,ASP9-1,46.75757137,-117.2000596,46.5,1.77639997005462,0.6650077
PCFS3-1A-ASP9,ASP9-1,46.75757137,-117.2000596,83.5,1.38189995288848,0.44190323
PCFS3-1A-ASP9,ASP9-1,46.75757137,-117.2000596,113.0,1.10989999771118,0.40867877
PCFS3-1B-ASP9,ASP9-2,46.75757137,-117.2000596,2.5,2.58179998397827,2.2832365
PCFS3-1B-ASP9,ASP9-2,46.75757137,-117.2000596,7.5,2.19300007820129,1.9230335
PCFS3-1B-ASP9,ASP9-2,46.75757137,-117.2000596,21.5,1.58759999275207,1.1360902
PCFS3-1B-ASP9,ASP9-2,46.75757137,-117.2000596,45.0,1.2529000043869,0.7014907
PCFS3-1B-ASP9,ASP9-2,46.75757137,-117.2000596,72.0,0.91908997297287,0.5050946
PCFS3-1B-ASP9,ASP9-2,46.75757137,-117.2000596,98.0,0.5529500246047899,0.4158274
PCFS3-1B-ASP9,ASP9-2,46.75757137,-117.2000596,115.5,0.45849999785423,0.40609533
PCFS3-1C-ASP9,ASP9-3,46.74504918,-117.4236807,2.5,3.30019998550415,2.1597433
PCFS3-1C-ASP9,ASP9-3,46.74504918,-117.4236807,7.5,1.9376000165939304,1.766235
PCFS3-1C-ASP9,ASP9-3,46.74504918,-117.4236807,19.5,1.31379997730255,0.9877029
PCFS3-1C-ASP9,ASP9-3,46.74504918,-117.4236807,40.0,0.8727300167083699,0.5895637
PCFS3-1C-ASP9,ASP9-3,46.74504918,-117.4236807,66.5,0.63752001523971,0.4460302
PCFS3-1C-ASP9,ASP9-3,46.74504918,-117.4236807,94.0,0.40290999412536,0.34555748
PCFS3-1C-ASP9,ASP9-3,46.74504918,-117.4236807,114.0,0.1582999974489199,0.32945165
PCFS3-2A-PGL9,PGL9-1,46.75757146,-117.20005798339844,2.5,3.07739996910095,2.2832365
PCFS3-2A-PGL9,PGL9-1,46.75757146,-117.20005798339844,7.5,2.17890000343322,1.9230335
PCFS3-2A-PGL9,PGL9-1,46.75757146,-117.20005798339844,20.0,1.5741000175476,1.1876004
PCFS3-2A-PGL9,PGL9-1,46.75757146,-117.20005798339844,46.5,1.77639997005462,0.6650077
PCFS3-2A-PGL9,PGL9-1,46.75757146,-117.20005798339844,83.5,1.38189995288848,0.44190323
PCFS3-2A-PGL9,PGL9-1,46.75757146,-117.20005798339844,113.0,1.10989999771118,0.40867877
PCFS3-2B-PGL9,PGL9-2,46.75739636,-117.1998969,2.5,2.58179998397827,2.2832365
PCFS3-2B-PGL9,PGL9-2,46.75739636,-117.1998969,7.5,2.19300007820129,1.9230335
PCFS3-2B-PGL9,PGL9-2,46.75739636,-117.1998969,21.5,1.58759999275207,1.1360902
PCFS3-2B-PGL9,PGL9-2,46.75739636,-117.1998969,45.0,1.2529000043869,0.7014907
PCFS3-2B-PGL9,PGL9-2,46.75739636,-117.1998969,72.0,0.91908997297287,0.5050946
PCFS3-2B-PGL9,PGL9-2,46.75739636,-117.1998969,98.0,0.5529500246047899,0.4158274
PCFS3-2B-PGL9,PGL9-2,46.75739636,-117.1998969,115.5,0.45849999785423,0.40609533
PCFS3-2C-PGL9,PGL9-3,46.75739636,-117.1998969,2.5,3.30019998550415,2.2832365
PCFS3-2C-PGL9,PGL9-3,46.75739636,-117.1998969,7.5,1.9376000165939304,1.9230335
PCFS3-2C-PGL9,PGL9-3,46.75739636,-117.1998969,19.5,1.31379997730255,1.1876004
PCFS3-2C-PGL9,PGL9-3,46.75739636,-117.1998969,40.0,0.8727300167083699,0.70698744
PCFS3-2C-PGL9,PGL9-3,46.75739636,-117.1998969,66.5,0.63752001523971,0.5334216
PCFS3-2C-PGL9,PGL9-3,46.75739636,-117.1998969,94.0,0.40290999412536,0.4212469
PCFS3-2C-PGL9,PGL9-3,46.75739636,-117.1998969,114.0,0.1582999974489199,0.40609533
S2019MN99-A-CON,CON-1,43.7476806640625,-92.845294,2.5,2.8666000366210898,2.8592994
S2019MN99-A-CON,CON-1,43.7476806640625,-92.845294,7.5,2.7632999420166,2.674743
S2019MN99-A-CON,CON-1,43.7476806640625,-92.845294,18.0,2.59969997406005,1.991614
S2019MN99-A-CON,CON-1,43.7476806640625,-92.845294,38.0,0.8952999711036601,1.0236546
S2019MN99-A-CON,CON-1,43.7476806640625,-92.845294,80.0,0.37880000472068,0.56584144
S2019MN99-B-CON,CON-2,43.74790573120117,-92.845601,2.5,2.9268000125885,2.765305
S2019MN99-B-CON,CON-2,43.74790573120117,-92.845601,7.5,2.77189993858337,2.5856743
S2019MN99-B-CON,CON-2,43.74790573120117,-92.845601,21.0,2.41030001640319,1.7924534
S2019MN99-B-CON,CON-2,43.74790573120117,-92.845601,43.0,0.96410000324249,0.9576667
S2019MN99-B-CON,CON-2,43.74790573120117,-92.845601,65.5,0.42179998755455,0.65662074
S2019MN99-B-CON,CON-2,43.74790573120117,-92.845601,107.0,0.30989998579025,0.42069373
S2019MN99-C-CON,CON-3,43.74759292602539,-92.844985,2.5,2.76259994506835,2.8592994
S2019MN99-C-CON,CON-3,43.74759292602539,-92.844985,7.5,2.84069991111755,2.674743
S2019MN99-C-CON,CON-3,43.74759292602539,-92.844985,17.5,2.04879999160766,1.991614
S2019MN99-C-CON,CON-3,43.74759292602539,-92.844985,30.0,0.7833999991416899,1.262406
S2019MN99-C-CON,CON-3,43.74759292602539,-92.844985,47.5,0.57679998874664,0.8646448
S2019MN99-C-CON,CON-3,43.74759292602539,-92.844985,70.0,0.34430000185966,0.6260902
S2019MN99-C-CON,CON-3,43.74759292602539,-92.844985,95.0,0.16359999775886,0.4805636
S2019MN99-D-CON,CON-4,43.750483,-92.84107208251952,2.5,3.18510007858276,2.5992422
S2019MN99-D-CON,CON-4,43.750483,-92.84107208251952,7.5,2.79769992828369,2.4893005
S2019MN99-D-CON,CON-4,43.750483,-92.84107208251952,17.5,2.57389998435974,1.8873186
S2019MN99-D-CON,CON-4,43.750483,-92.84107208251952,36.0,1.00720000267028,1.0450677
S2019MN99-D-CON,CON-4,43.750483,-92.84107208251952,78.5,0.30129998922348,0.54495263
S2019MN99-E-CON,CON-5,43.7506217956543,-92.84133911132812,2.5,3.1333999633789,2.571202
S2019MN99-E-CON,CON-5,43.7506217956543,-92.84133911132812,7.5,2.99569988250732,2.4621167
S2019MN99-E-CON,CON-5,43.7506217956543,-92.84133911132812,16.0,2.56529998779296,1.9947336
S2019MN99-E-CON,CON-5,43.7506217956543,-92.84133911132812,37.5,0.94690001010894,0.9847632
S2019MN99-E-CON,CON-5,43.7506217956543,-92.84133911132812,66.5,0.47350001335144,0.6235511
S2019MN99-E-CON,CON-5,43.7506217956543,-92.84133911132812,95.0,0.18940000236034,0.43419954
S2019MN99-F-CON,CON-6,43.75033950805664,-92.84078216552734,2.5,3.16779994964599,2.6151755
S2019MN99-F-CON,CON-6,43.75033950805664,-92.84078216552734,7.5,2.97849988937377,2.4973302
S2019MN99-F-CON,CON-6,43.75033950805664,-92.84078216552734,17.5,2.49640011787414,1.8906007
S2019MN99-F-CON,CON-6,43.75033950805664,-92.84078216552734,33.5,1.01579999923706,1.1826636
S2019MN99-F-CON,CON-6,43.75033950805664,-92.84078216552734,64.5,0.34430000185966,0.6697868
S2019MN99-G-CON,CON-7,43.752220153808594,-92.84329223632812,2.5,2.53080010414123,2.6080678
S2019MN99-G-CON,CON-7,43.752220153808594,-92.84329223632812,7.5,2.73740005493164,2.4888742
S2019MN99-G-CON,CON-7,43.752220153808594,-92.84329223632812,15.0,2.66000008583068,2.0188067
S2019MN99-G-CON,CON-7,43.752220153808594,-92.84329223632812,27.0,0.9297000169754,1.3484591
S2019MN99-G-CON,CON-7,43.752220153808594,-92.84329223632812,52.0,0.66280001401901,0.7921558
S2019MN99-G-CON,CON-7,43.752220153808594,-92.84329223632812,76.5,0.27549999952316,0.561514
S2019MN99-G-CON,CON-7,43.752220153808594,-92.84329223632812,93.0,1.1104999780654898,0.44153172
S2019MN99-H-CON,CON-8,43.75217819213867,-92.843677,2.5,2.6858000755309996,2.594395
S2019MN99-H-CON,CON-8,43.75217819213867,-92.843677,7.5,2.62549996376037,2.4805825
S2019MN99-H-CON,CON-8,43.75217819213867,-92.843677,16.0,2.0229001045226997,1.9976288
S2019MN99-H-CON,CON-8,43.75217819213867,-92.843677,30.5,1.07599997520446,1.1966573
S2019MN99-H-CON,CON-8,43.75217819213867,-92.843677,52.0,0.52509999275207,0.7894025
S2019MN99-H-CON,CON-8,43.75217819213867,-92.843677,80.5,0.3959999978542299,0.5295841
S2019MN99-H-CON,CON-8,43.75217819213867,-92.843677,119.0,1.53229999542236,0.40478402
S2019MN99-I-CON,CON-9,43.752284,-92.842882,2.5,3.11619997024536,2.5445826
S2019MN99-I-CON,CON-9,43.752284,-92.842882,7.5,3.22810006141662,2.4274864
S2019MN99-I-CON,CON-9,43.752284,-92.842882,15.0,2.67720007896423,1.9652742
S2019MN99-I-CON,CON-9,43.752284,-92.842882,37.0,1.04159998893737,0.9615679
S2019MN99-I-CON,CON-9,43.752284,-92.842882,54.0,0.66280001401901,0.72970015
S2019MN99-I-CON,CON-9,43.752284,-92.842882,82.5,0.33570000529289,0.5008711
S2019MN99-A-ALT,ALT-1,43.74983978271485,-92.8546371459961,2.5,2.98709988594055,2.34599
S2019MN99-A-ALT,ALT-1,43.74983978271485,-92.8546371459961,7.5,2.5480000972747803,2.1826782
S2019MN99-A-ALT,ALT-1,43.74983978271485,-92.8546371459961,15.0,2.60829997062683,1.7340324
S2019MN99-A-ALT,ALT-1,43.74983978271485,-92.8546371459961,27.5,2.05739998817443,1.0959855
S2019MN99-A-ALT,ALT-1,43.74983978271485,-92.8546371459961,48.0,0.38740000128746,0.6106544
S2019MN99-A-ALT,ALT-1,43.74983978271485,-92.8546371459961,80.5,0.27549999952316,0.3830659
S2019MN99-B-ALT,ALT-2,43.74980926513672,-92.85498809814452,2.5,4.05450010299682,2.386969
S2019MN99-B-ALT,ALT-2,43.74980926513672,-92.85498809814452,7.5,3.46050000190734,2.2216573
S2019MN99-B-ALT,ALT-2,43.74980926513672,-92.85498809814452,16.0,3.45190000534057,1.7523293
S2019MN99-B-ALT,ALT-2,43.74980926513672,-92.85498809814452,31.0,1.60969996452331,0.95052385
S2019MN99-B-ALT,ALT-2,43.74980926513672,-92.85498809814452,55.0,0.86080002784729,0.54268783
S2019MN99-B-ALT,ALT-2,43.74980926513672,-92.85498809814452,90.0,0.77469998598098,0.33580068
S2019MN99-C-ALT,ALT-3,43.74953079223633,-92.85456848144533,2.5,2.55669999122619,2.357364
S2019MN99-C-ALT,ALT-3,43.74953079223633,-92.85456848144533,7.5,2.62549996376037,2.184425
S2019MN99-C-ALT,ALT-3,43.74953079223633,-92.85456848144533,16.0,2.05739998817443,1.720521
S2019MN99-C-ALT,ALT-3,43.74953079223633,-92.85456848144533,30.0,1.09329998493194,0.9585684
S2019MN99-C-ALT,ALT-3,43.74953079223633,-92.85456848144533,59.0,0.31850001215934,0.4983438
S2019MN99-C-ALT,ALT-3,43.74953079223633,-92.85456848144533,110.0,0.26690000295639,0.30359823
S2019MN99-D-ALT,ALT-4,43.74922180175781,-92.85453033447266,2.5,3.55520009994506,2.357364
S2019MN99-D-ALT,ALT-4,43.74922180175781,-92.85453033447266,7.5,2.969899892807,2.184425
S2019MN99-D-ALT,ALT-4,43.74922180175781,-92.85453033447266,17.5,2.96119999885559,1.6032009
S2019MN99-D-ALT,ALT-4,43.74922180175781,-92.85453033447266,32.5,1.53229999542236,0.9209521
S2019MN99-D-ALT,ALT-4,43.74922180175781,-92.85453033447266,50.5,0.76609998941421,0.59548885
S2019MN99-D-ALT,ALT-4,43.74922180175781,-92.85453033447266,80.5,0.2409999966621299,0.38890138
S2019MN99-E-ALT,ALT-5,43.74898910522461,-92.85466766357422,2.5,3.3989000320434495,2.3566012
S2019MN99-E-ALT,ALT-5,43.74898910522461,-92.85466766357422,7.5,3.33489990234375,2.1848378
S2019MN99-E-ALT,ALT-5,43.74898910522461,-92.85466766357422,18.0,2.85069990158081,1.6035383
S2019MN99-E-ALT,ALT-5,43.74898910522461,-92.85466766357422,36.0,2.43479990959167,0.80207384
S2019MN99-E-ALT,ALT-5,43.74898910522461,-92.85466766357422,62.0,0.40580001473426,0.49131355
S2019MN99-E-ALT,ALT-5,43.74898910522461,-92.85466766357422,97.0,0.22540000081062,0.3204803
S2019MN99-F-ALT,ALT-6,43.748931884765625,-92.85418701171876,2.5,3.39969992637634,2.6893542
S2019MN99-F-ALT,ALT-6,43.748931884765625,-92.85418701171876,7.5,3.04800009727478,2.4971967
S2019MN99-F-ALT,ALT-6,43.748931884765625,-92.85418701171876,16.5,2.594899892807,1.8731365
S2019MN99-F-ALT,ALT-6,43.748931884765625,-92.85418701171876,33.0,1.5329999923706,1.1047137
S2019MN99-F-ALT,ALT-6,43.748931884765625,-92.85418701171876,56.5,0.72140002250671,0.6661033
S2019MN99-F-ALT,ALT-6,43.748931884765625,-92.85418701171876,87.0,0.4147999882698,0.44727272
S2019MN99-G-ALT,ALT-7,43.74876022338867,-92.85347747802734,2.5,3.07909989356994,2.6893542
S2019MN99-G-ALT,ALT-7,43.74876022338867,-92.85347747802734,7.5,3.30949997901916,2.4971967
S2019MN99-G-ALT,ALT-7,43.74876022338867,-92.85347747802734,18.5,2.5248999595641997,1.8146927
S2019MN99-G-ALT,ALT-7,43.74876022338867,-92.85347747802734,41.5,1.4337999820709202,0.82868093
S2019MN99-G-ALT,ALT-7,43.74876022338867,-92.85347747802734,66.5,0.92879998683929,0.60460216
S2019MN99-G-ALT,ALT-7,43.74876022338867,-92.85347747802734,88.5,0.3246000111102999,0.44727272
S2019MN99-H-ALT,ALT-8,43.74855041503906,-92.8537368774414,2.5,3.02990007400512,2.6893542
S2019MN99-H-ALT,ALT-8,43.74855041503906,-92.8537368774414,7.5,3.21029996871948,2.4971967
S2019MN99-H-ALT,ALT-8,43.74855041503906,-92.8537368774414,16.5,2.33559989929199,1.8731365
S2019MN99-H-ALT,ALT-8,43.74855041503906,-92.8537368774414,32.0,1.36170005798339,1.1047137
S2019MN99-H-ALT,ALT-8,43.74855041503906,-92.8537368774414,63.0,0.28859999775886,0.6260853
S2019MN99-H-ALT,ALT-8,43.74855041503906,-92.8537368774414,101.0,0.21639999747276,0.4351608
S2019MN99-I-ALT,ALT-9,43.749000549316406,-92.85340881347656,2.5,3.02990007400512,2.6401947
S2019MN99-I-ALT,ALT-9,43.749000549316406,-92.85340881347656,7.5,3.19230008125305,2.4505975
S2019MN99-I-ALT,ALT-9,43.749000549316406,-92.85340881347656,15.5,2.5248999595641997,1.9684944
S2019MN99-I-ALT,ALT-9,43.749000549316406,-92.85340881347656,33.5,1.61419999599456,1.0680965
S2019MN99-I-ALT,ALT-9,43.749000549316406,-92.85340881347656,59.0,1.58710002899169,0.6218311
S2019MN99-I-ALT,ALT-9,43.749000549316406,-92.85340881347656,90.0,0.29760000109672,0.43152395
S2019MN99-A-REF,REF-1,43.746917,-92.845067,2.5,5.77129983901977,2.9851887
S2019MN99-A-REF,REF-1,43.746917,-92.845067,7.5,5.31139993667602,2.800205
S2019MN99-A-REF,REF-1,43.746917,-92.845067,17.0,4.34649991989135,2.0937521
S2019MN99-A-REF,REF-1,43.746917,-92.845067,33.0,4.21120023727417,1.2724097
S2019MN99-A-REF,REF-1,43.746917,-92.845067,56.0,3.48079991340637,0.7841652
S2019MN99-A-REF,REF-1,43.746917,-92.845067,81.0,1.78550004959106,0.59691066
S2019MN99-A-REF,REF-1,43.746917,-92.845067,126.5,0.5320000052452001,0.4698918
S2019MN99-B-REF,REF-2,43.74689865112305,-92.84539794921876,2.5,5.75330018997192,2.9851887
S2019MN99-B-REF,REF-2,43.74689865112305,-92.84539794921876,7.5,4.99580001831054,2.800205
S2019MN99-B-REF,REF-2,43.74689865112305,-92.84539794921876,18.0,4.79739999771118,2.0937521
S2019MN99-B-REF,REF-2,43.74689865112305,-92.84539794921876,44.0,4.05789995193481,0.97238445
S2019MN99-B-REF,REF-2,43.74689865112305,-92.84539794921876,81.0,1.650200009346,0.59691066
S2019MN99-C-REF,REF-3,43.746883392333984,-92.84465026855467,2.5,5.92460012435913,3.0113304
S2019MN99-C-REF,REF-3,43.746883392333984,-92.84465026855467,7.5,4.41870021820068,2.825133
S2019MN99-C-REF,REF-3,43.746883392333984,-92.84465026855467,23.0,4.15710020065307,1.8406681
S2019MN99-C-REF,REF-3,43.746883392333984,-92.84465026855467,49.0,3.80550003051757,0.8918863
S2019MN99-C-REF,REF-3,43.746883392333984,-92.84465026855467,72.5,1.7583999633789,0.66923386
S2019MN99-C-REF,REF-3,43.746883392333984,-92.84465026855467,88.0,0.92879998683929,0.5284087
S2019MN99-C-REF,REF-3,43.746883392333984,-92.84465026855467,121.5,0.24349999427795,0.47953382
S2019MN99-D-REF,REF-4,43.746883392333984,-92.8439483642578,2.5,6.38450002670288,3.0113304
S2019MN99-D-REF,REF-4,43.746883392333984,-92.8439483642578,7.5,5.25729990005493,2.825133
S2019MN99-D-REF,REF-4,43.746883392333984,-92.8439483642578,19.5,4.6079998016357395,2.0021005
S2019MN99-D-REF,REF-4,43.746883392333984,-92.8439483642578,40.0,3.34559988975524,0.98372847
S2019MN99-D-REF,REF-4,43.746883392333984,-92.8439483642578,60.5,2.3536000251769997,0.74645793
S2019MN99-D-REF,REF-4,43.746883392333984,-92.8439483642578,100.0,0.42379999160766,0.50712615
S2019MN99-E-REF,REF-5,43.74689865112305,-92.844333,2.5,7.01569986343383,3.0113304
S2019MN99-E-REF,REF-5,43.74689865112305,-92.844333,7.5,4.84250020980834,2.825133
S2019MN99-E-REF,REF-5,43.74689865112305,-92.844333,26.0,4.26539993286132,1.5980597
S2019MN99-E-REF,REF-5,43.74689865112305,-92.844333,60.0,2.34459996223449,0.7549186
S2019MN99-E-REF,REF-5,43.74689865112305,-92.844333,113.0,0.47789999842643,0.49137074
S2019MN99-F-REF,REF-6,43.746849060058594,-92.84359741210938,2.5,7.7732000350952095,3.0113304
S2019MN99-F-REF,REF-6,43.746849060058594,-92.84359741210938,7.5,4.8875999450683505,2.825133
S2019MN99-F-REF,REF-6,43.746849060058594,-92.84359741210938,29.5,4.53590011596679,1.3408228
S2019MN99-F-REF,REF-6,43.746849060058594,-92.84359741210938,60.5,1.97490000724792,0.74645793
S2019MN99-F-REF,REF-6,43.746849060058594,-92.84359741210938,78.0,1.10920000076293,0.6235278
S2019MN99-F-REF,REF-6,43.746849060058594,-92.84359741210938,108.5,0.49599999189376,0.49137074
S2019MN99-G-REF,REF-7,43.746849060058594,-92.84300231933594,2.5,6.27629995346069,3.0131326
S2019MN99-G-REF,REF-7,43.746849060058594,-92.84300231933594,7.5,4.82450008392334,2.8203154
S2019MN99-G-REF,REF-7,43.746849060058594,-92.84300231933594,22.5,4.03090000152587,1.9385182
S2019MN99-G-REF,REF-7,43.746849060058594,-92.84300231933594,47.5,3.49889993667602,0.97289515
S2019MN99-G-REF,REF-7,43.746849060058594,-92.84300231933594,70.0,2.98480010032653,0.67982745
S2019MN99-G-REF,REF-7,43.746849060058594,-92.84300231933594,106.0,0.29179999232292,0.47856092
S2019MN99-H-REF,REF-8,43.74689865112305,-92.84324645996094,2.5,6.66499996185302,2.9591115
S2019MN99-H-REF,REF-8,43.74689865112305,-92.84324645996094,7.5,5.47970008850097,2.7697816
S2019MN99-H-REF,REF-8,43.74689865112305,-92.84324645996094,21.5,4.44939994812011,1.8498462
S2019MN99-H-REF,REF-8,43.74689865112305,-92.84324645996094,42.5,3.10910010337829,0.9560932
S2019MN99-H-REF,REF-8,43.74689865112305,-92.84324645996094,62.0,2.17000007629394,0.7240673
S2019MN99-H-REF,REF-8,43.74689865112305,-92.84324645996094,93.5,0.67470002174377,0.5003601
S2019MN99-I-REF,REF-9,43.746867,-92.8426513671875,2.5,6.83820009231567,3.0131326
S2019MN99-I-REF,REF-9,43.746867,-92.8426513671875,7.5,5.28819990158081,2.8203154
S2019MN99-I-REF,REF-9,43.746867,-92.8426513671875,17.5,3.9570000171661297,2.1914208
S2019MN99-I-REF,REF-9,43.746867,-92.8426513671875,38.5,3.60150003433227,1.1787286
S2019MN99-I-REF,REF-9,43.746867,-92.8426513671875,61.5,1.70500004291534,0.76356125
S2019MN99-I-REF,REF-9,43.746867,-92.8426513671875,98.5,0.36469998955726,0.49751475
S2019OR003001,JoF1-1,44.6361175,-123.2972812,2.5,4.2529997825622505,3.7135642
S2019OR003001,JoF1-1,44.6361175,-123.2972812,7.5,3.41799998283386,3.1834464
S2019OR003001,JoF1-1,44.6361175,-123.2972812,19.5,3.09200000762939,2.8296263
S2019OR003001,JoF1-1,44.6361175,-123.2972812,37.0,2.0239999294281,1.5910914
S2019OR003001,JoF1-1,44.6361175,-123.2972812,72.5,0.6039999723434399,0.7083498
S2019OR003001,JoF1-2,44.6362175,-123.2973802,2.5,3.1710000038146897,3.7135642
S2019OR003001,JoF1-2,44.6362175,-123.2973802,7.5,3.45600008964538,3.1834464
S2019OR003001,JoF1-2,44.6362175,-123.2973802,19.5,3.65199995040893,2.8296263
S2019OR003001,JoF1-2,44.6362175,-123.2973802,37.0,2.50799989700317,1.5910914
S2019OR003001,JoF1-2,44.6362175,-123.2973802,72.5,0.7149999737739501,0.7083498
S2019OR003001,JoF1-3,44.6358175,-123.2974823,2.5,4.83199977874755,4.207572
S2019OR003001,JoF1-3,44.6358175,-123.2974823,7.5,4.10300016403198,3.560877
S2019OR003001,JoF1-3,44.6358175,-123.2974823,19.5,4.42799997329711,3.0904233
S2019OR003001,JoF1-3,44.6358175,-123.2974823,37.0,2.68499994277954,1.6651987
S2019OR003001,JoF1-3,44.6358175,-123.2974823,72.5,1.0900000333786,0.745587
S2019OR053002,JoF2-1,44.918413,-123.355451,2.5,4.55900001525878,4.7289953
S2019OR053002,JoF2-1,44.918413,-123.355451,7.5,3.24000000953674,4.1355276
S2019OR053002,JoF2-1,44.918413,-123.355451,20.0,2.28200006484985,3.7390177
S2019OR053002,JoF2-1,44.918413,-123.355451,41.0,1.48599994182586,1.6807138
S2019OR053002,JoF2-1,44.918413,-123.355451,76.0,0.9879999756813,0.8764857
S2019OR053002,JoF2-2,44.918544,-123.355551,2.5,4.77500009536743,4.7289953
S2019OR053002,JoF2-2,44.918544,-123.355551,7.5,4.15899991989135,4.1355276
S2019OR053002,JoF2-2,44.918544,-123.355551,20.0,3.608000040054319,3.7390177
S2019OR053002,JoF2-2,44.918544,-123.355551,41.0,1.78799998760223,1.6807138
S2019OR053002,JoF2-2,44.918544,-123.355551,76.0,1.35800004005432,0.8764857
S2019OR053002,JoF2-3,44.918514251708984,-123.355451,2.5,4.70300006866455,4.7289953
S2019OR053002,JoF2-3,44.918514251708984,-123.355451,7.5,4.47800016403198,4.1355276
S2019OR053002,JoF2-3,44.918514251708984,-123.355451,20.0,3.21600008010864,3.7390177
S2019OR053002,JoF2-3,44.918514251708984,-123.355451,41.0,1.85399997234344,1.6807138
S2019OR053002,JoF2-3,44.918514251708984,-123.355451,76.0,1.35300004482269,0.8764857
S2019OR053003,WoNT1-1,44.737333,-123.2709732055664,2.5,3.09400010108947,2.6306815
S2019OR053003,WoNT1-1,44.737333,-123.2709732055664,7.5,2.86100006103515,2.3616679
S2019OR053003,WoNT1-1,44.737333,-123.2709732055664,21.5,1.5440000295639,2.0145926
S2019OR053003,WoNT1-1,44.737333,-123.2709732055664,51.5,0.84700000286102,0.87569314
S2019OR053003,WoNT1-1,44.737333,-123.2709732055664,80.0,0.46399998664855,0.5134695
S2019OR053003,WoNT1-1,44.737333,-123.2709732055664,95.0,0.4399999976158099,0.4382972
S2019OR053003,WoNT1-2,44.737333,-123.27107238769533,2.5,2.90499997138977,2.6306815
S2019OR053003,WoNT1-2,44.737333,-123.27107238769533,7.5,2.88899993896484,2.3616679
S2019OR053003,WoNT1-2,44.737333,-123.27107238769533,21.5,1.29200005531311,2.0145926
S2019OR053003,WoNT1-2,44.737333,-123.27107238769533,51.5,0.58399999141693,0.87569314
S2019OR053003,WoNT1-2,44.737333,-123.27107238769533,80.0,0.44999998807907,0.5134695
S2019OR053003,WoNT1-2,44.737333,-123.27107238769533,95.0,0.54000002145767,0.4382972
S2019OR053003,WoNT1-3,44.73763275146485,-123.27076721191406,2.5,2.82500004768371,2.6306815
S2019OR053003,WoNT1-3,44.73763275146485,-123.27076721191406,7.5,2.33599996566772,2.3616679
S2019OR053003,WoNT1-3,44.73763275146485,-123.27076721191406,21.5,1.4809999465942298,2.0145926
S2019OR053003,WoNT1-3,44.73763275146485,-123.27076721191406,51.5,0.58300000429153,0.87569314
S2019OR053003,WoNT1-3,44.73763275146485,-123.27076721191406,80.0,0.4350000023841799,0.5134695
S2019OR053003,WoNT1-3,44.73763275146485,-123.27076721191406,95.0,0.4830000102519899,0.4382972
S2019OR071004,JoV1-1,45.24882125854492,-123.07115936279295,2.5,3.3640000820159903,3.7406778
S2019OR071004,JoV1-1,45.24882125854492,-123.07115936279295,7.5,2.52600002288818,3.0873477
S2019OR071004,JoV1-1,45.24882125854492,-123.07115936279295,15.5,2.05999994277954,2.1185658
S2019OR071004,JoV1-1,45.24882125854492,-123.07115936279295,31.5,1.47099995613098,1.2836398
S2019OR071004,JoV1-1,45.24882125854492,-123.07115936279295,54.5,1.32299995422363,0.76892453
S2019OR071004,JoV1-1,45.24882125854492,-123.07115936279295,83.5,0.84500002861022,0.51375127
S2019OR071004,JoV1-2,45.24882125854492,-123.07125854492188,2.5,3.95799994468688,3.7406778
S2019OR071004,JoV1-2,45.24882125854492,-123.07125854492188,7.5,2.92700004577636,3.0873477
S2019OR071004,JoV1-2,45.24882125854492,-123.07125854492188,15.5,2.09699988365173,2.1185658
S2019OR071004,JoV1-2,45.24882125854492,-123.07125854492188,31.5,1.77600002288818,1.2836398
S2019OR071004,JoV1-2,45.24882125854492,-123.07125854492188,54.5,1.0770000219345,0.76892453
S2019OR071004,JoV1-2,45.24882125854492,-123.07125854492188,83.5,0.91000002622604,0.51375127
S2019OR071004,JoV1-3,45.24911880493164,-123.07096099853516,2.5,2.10700011253356,3.7406778
S2019OR071004,JoV1-3,45.24911880493164,-123.07096099853516,7.5,2.62199997901916,3.0873477
S2019OR071004,JoV1-3,45.24911880493164,-123.07096099853516,15.5,2.1340000629425,2.1185658
S2019OR071004,JoV1-3,45.24911880493164,-123.07096099853516,31.5,1.73000001907348,1.2836398
S2019OR071004,JoV1-3,45.24911880493164,-123.07096099853516,54.5,1.10300004482269,0.76892453
S2019OR071004,JoV1-3,45.24911880493164,-123.07096099853516,83.5,1.67900002002716,0.51375127
S2019OR047005,WoH1-1,45.227901458740234,-122.96961212158205,2.5,5.15199995040893,3.056047
S2019OR047005,WoH1-1,45.227901458740234,-122.96961212158205,7.5,2.25999999046325,2.4047546
S2019OR047005,WoH1-1,45.227901458740234,-122.96961212158205,19.5,1.44599997997283,1.3495433
S2019OR047005,WoH1-1,45.227901458740234,-122.96961212158205,40.0,1.21399998664855,0.7657212
S2019OR047005,WoH1-1,45.227901458740234,-122.96961212158205,63.5,0.6230000257492,0.5591649
S2019OR047005,WoH1-1,45.227901458740234,-122.96961212158205,88.0,0.18000000715255,0.4141715
S2019OR047005,WoH1-2,45.22779846191406,-122.96961212158205,2.5,4.60900020599365,2.132414
S2019OR047005,WoH1-2,45.22779846191406,-122.96961212158205,7.5,2.34699988365173,1.8596084
S2019OR047005,WoH1-2,45.22779846191406,-122.96961212158205,19.5,1.81500005722045,1.2957183
S2019OR047005,WoH1-2,45.22779846191406,-122.96961212158205,40.0,0.51200002431869,0.7167971
S2019OR047005,WoH1-2,45.22779846191406,-122.96961212158205,63.5,0.28700000047683,0.49977052
S2019OR047005,WoH1-2,45.22779846191406,-122.96961212158205,88.0,0.25099998712539,0.35501724
S2019OR047005,WoH1-3,45.227901458740234,-122.96981048583984,2.5,3.80100011825561,2.132414
S2019OR047005,WoH1-3,45.227901458740234,-122.96981048583984,7.5,2.11800003051757,1.8596084
S2019OR047005,WoH1-3,45.227901458740234,-122.96981048583984,19.5,0.8420000076293901,1.2957183
S2019OR047005,WoH1-3,45.227901458740234,-122.96981048583984,40.0,0.35800001025199,0.7167971
S2019OR047005,WoH1-3,45.227901458740234,-122.96981048583984,63.5,0.28900000452995,0.49977052
S2019OR047005,WoH1-3,45.227901458740234,-122.96981048583984,88.0,0.15899999439716,0.35501724
S2019OR047006,WoCT1-1,45.231101989746094,-122.964818,2.5,1.93400001525878,2.4642239
S2019OR047006,WoCT1-1,45.231101989746094,-122.964818,7.5,1.82799994945526,2.014837
S2019OR047006,WoCT1-1,45.231101989746094,-122.964818,13.0,1.86300003528594,1.3635205
S2019OR047006,WoCT1-1,45.231101989746094,-122.964818,24.5,1.2020000219345,1.02278
S2019OR047006,WoCT1-1,45.231101989746094,-122.964818,49.0,0.45699998736381,0.5724423
S2019OR047006,WoCT1-1,45.231101989746094,-122.964818,77.5,0.30899998545646,0.3764178
S2019OR047006,WoCT1-1,45.231101989746094,-122.964818,95.0,0.21699999272823,0.3215328
S2019OR047006,WoCT1-2,45.231202,-122.964718,2.5,2.01200008392333,1.6171309
S2019OR047006,WoCT1-2,45.231202,-122.964718,7.5,1.7369999885559002,1.4744675
S2019OR047006,WoCT1-2,45.231202,-122.964718,13.0,1.52300000190734,1.1952134
S2019OR047006,WoCT1-2,45.231202,-122.964718,24.5,1.2829999923706,0.9459691
S2019OR047006,WoCT1-2,45.231202,-122.964718,49.0,0.45199999213218,0.5235082
S2019OR047006,WoCT1-2,45.231202,-122.964718,77.5,0.31099998950958,0.3261464
S2019OR047006,WoCT1-2,45.231202,-122.964718,95.0,0.22699999809265,0.27401894
S2019OR047006,WoCT1-3,45.231402,-122.964618,2.5,1.8380000591278,1.6171309
S2019OR047006,WoCT1-3,45.231402,-122.964618,7.5,1.73099994659423,1.4744675
S2019OR047006,WoCT1-3,45.231402,-122.964618,13.0,1.44799995422363,1.1952134
S2019OR047006,WoCT1-3,45.231402,-122.964618,24.5,1.125,0.9459691
S2019OR047006,WoCT1-3,45.231402,-122.964618,49.0,0.4259999990463199,0.5235082
S2019OR047006,WoCT1-3,45.231402,-122.964618,77.5,0.21799999475479,0.3261464
S2019OR047006,WoCT1-3,45.231402,-122.964618,95.0,0.29600000381469,0.27401894
S2019OR053007,WoNT2-1,45.07067108154297,-123.2136688232422,2.5,2.8190000057220397,3.366529
S2019OR053007,WoNT2-1,45.07067108154297,-123.2136688232422,7.5,2.0840001106262203,2.716391
S2019OR053007,WoNT2-1,45.07067108154297,-123.2136688232422,21.5,1.72599995136261,1.646142
S2019OR053007,WoNT2-1,45.07067108154297,-123.2136688232422,47.0,1.00899994373321,0.76600784
S2019OR053007,WoNT2-1,45.07067108154297,-123.2136688232422,70.0,0.59399998188018,0.50734013
S2019OR053007,WoNT2-1,45.07067108154297,-123.2136688232422,89.5,0.33500000834465,0.3676058
S2019OR053007,WoNT2-2,45.07057189941406,-123.2137680053711,2.5,2.27200007438659,3.25832
S2019OR053007,WoNT2-2,45.07057189941406,-123.2137680053711,7.5,2.17000007629394,2.6193018
S2019OR053007,WoNT2-2,45.07057189941406,-123.2137680053711,21.5,1.79999995231628,1.5329144
S2019OR053007,WoNT2-2,45.07057189941406,-123.2137680053711,47.0,0.87599998712539,0.67212945
S2019OR053007,WoNT2-2,45.07057189941406,-123.2137680053711,70.0,0.4600000083446499,0.46511516
S2019OR053007,WoNT2-2,45.07057189941406,-123.2137680053711,89.5,0.24899999797344,0.35935715
S2019OR053007,WoNT2-3,45.07096862792969,-123.2138671875,2.5,2.4019999504089298,3.5204706
S2019OR053007,WoNT2-3,45.07096862792969,-123.2138671875,7.5,1.46700000762939,3.022928
S2019OR053007,WoNT2-3,45.07096862792969,-123.2138671875,21.5,1.78199994564056,1.8542825
S2019OR053007,WoNT2-3,45.07096862792969,-123.2138671875,47.0,0.93199998140335,0.85552174
S2019OR053007,WoNT2-3,45.07096862792969,-123.2138671875,70.0,0.54600000381469,0.57455
S2019OR053007,WoNT2-3,45.07096862792969,-123.2138671875,89.5,0.2820000052451999,0.4073168
S2019OR053008,WoH2-1,45.074334,-123.213416,2.5,5.28900003433227,2.3240678
S2019OR053008,WoH2-1,45.074334,-123.213416,7.5,1.88100004196167,2.2425132
S2019OR053008,WoH2-1,45.074334,-123.213416,28.0,1.37100005149841,1.3092256
S2019OR053008,WoH2-1,45.074334,-123.213416,62.0,0.52399998903274,0.57944524
S2019OR053008,WoH2-1,45.074334,-123.213416,89.0,0.32400000095367,0.38204786
S2019OR053008,WoH2-2,45.074334,-123.213516,2.5,2.7349998950958203,2.3240678
S2019OR053008,WoH2-2,45.074334,-123.213516,7.5,1.47200000286102,2.2425132
S2019OR053008,WoH2-2,45.074334,-123.213516,28.0,1.28100001811981,1.3092256
S2019OR053008,WoH2-2,45.074334,-123.213516,62.0,0.64800000190734,0.57944524
S2019OR053008,WoH2-2,45.074334,-123.213516,89.0,0.31799998879432,0.38204786
S2019OR053008,WoH2-3,45.074334,-123.213616,2.5,2.24600005149841,2.3240678
S2019OR053008,WoH2-3,45.074334,-123.213616,7.5,1.5629999637603702,2.2425132
S2019OR053008,WoH2-3,45.074334,-123.213616,28.0,1.13399994373321,1.3092256
S2019OR053008,WoH2-3,45.074334,-123.213616,62.0,0.4650000035762699,0.57944524
S2019OR053008,WoH2-3,45.074334,-123.213616,89.0,0.30899998545646,0.38204786
S2019OR003009,JoXT1-1,44.43190002441406,-123.3352279663086,2.5,3.00600004196167,2.77399
S2019OR003009,JoXT1-1,44.43190002441406,-123.3352279663086,7.5,3.08500003814697,2.3028846
S2019OR003009,JoXT1-1,44.43190002441406,-123.3352279663086,17.5,2.71900010108947,1.8697467
S2019OR003009,JoXT1-1,44.43190002441406,-123.3352279663086,31.5,2.03699994087219,1.4140556
S2019OR003009,JoXT1-1,44.43190002441406,-123.3352279663086,53.5,0.91100001335144,0.7116454
S2019OR003009,JoXT1-1,44.43190002441406,-123.3352279663086,84.5,0.5500000119209201,0.36182353
S2019OR003009,JoXT1-2,44.43180084228515,-123.3353271484375,2.5,3.44799995422363,2.77399
S2019OR003009,JoXT1-2,44.43180084228515,-123.3353271484375,7.5,3.56999993324279,2.3028846
S2019OR003009,JoXT1-2,44.43180084228515,-123.3353271484375,17.5,3.16100001335144,1.8697467
S2019OR003009,JoXT1-2,44.43180084228515,-123.3353271484375,31.5,2.45199990272521,1.4140556
S2019OR003009,JoXT1-2,44.43180084228515,-123.3353271484375,53.5,1.49199998378753,0.7116454
S2019OR003009,JoXT1-2,44.43180084228515,-123.3353271484375,84.5,0.72299998998641,0.36182353
S2019OR003009,JoXT1-3,44.43159866333008,-123.33502960205078,2.5,3.5829999446868896,2.6585946
S2019OR003009,JoXT1-3,44.43159866333008,-123.33502960205078,7.5,3.5850000381469704,2.227343
S2019OR003009,JoXT1-3,44.43159866333008,-123.33502960205078,17.5,3.64800000190734,1.8755485
S2019OR003009,JoXT1-3,44.43159866333008,-123.33502960205078,31.5,2.51399993896484,1.3987205
S2019OR003009,JoXT1-3,44.43159866333008,-123.33502960205078,53.5,1.19000005722045,0.73288614
S2019OR003009,JoXT1-3,44.43159866333008,-123.33502960205078,84.5,0.57999998331069,0.36262593
S2019OR053010,JoF3-1,44.74261093139648,-123.41895294189452,2.5,5.00400018692016,3.8219087
S2019OR053010,JoF3-1,44.74261093139648,-123.41895294189452,7.5,3.96499991416931,3.3072324
S2019OR053010,JoF3-1,44.74261093139648,-123.41895294189452,26.5,2.7130000591278,2.2023404
S2019OR053010,JoF3-1,44.74261093139648,-123.41895294189452,54.0,1.28400003910064,0.9180225
S2019OR053010,JoF3-1,44.74261093139648,-123.41895294189452,82.5,0.46099999547004,0.5186474
S2019OR053010,JoF3-2,44.74261093139648,-123.41905212402344,2.5,5.60699987411499,3.8219087
S2019OR053010,JoF3-2,44.74261093139648,-123.41905212402344,7.5,5.1890001296997,3.3072324
S2019OR053010,JoF3-2,44.74261093139648,-123.41905212402344,26.5,4.6929998397827095,2.2023404
S2019OR053010,JoF3-2,44.74261093139648,-123.41905212402344,54.0,1.67900002002716,0.9180225
S2019OR053010,JoF3-2,44.74261093139648,-123.41905212402344,82.5,0.6039999723434399,0.5186474
S2019OR053010,JoF3-3,44.74261093139648,-123.4187469482422,2.5,5.94299983978271,3.974919
S2019OR053010,JoF3-3,44.74261093139648,-123.4187469482422,7.5,5.63999986648559,3.4053435
S2019OR053010,JoF3-3,44.74261093139648,-123.4187469482422,26.5,3.57800006866455,2.238398
S2019OR053010,JoF3-3,44.74261093139648,-123.4187469482422,54.0,1.6529999971389702,0.9445017
S2019OR053010,JoF3-3,44.74261093139648,-123.4187469482422,82.5,0.5189999938011101,0.53961295
S2019OR071011,JoV2-1,45.251054,-123.049801,2.5,3.57500004768371,3.2253845
S2019OR071011,JoV2-1,45.251054,-123.049801,7.5,2.39400005340576,2.6260405
S2019OR071011,JoV2-1,45.251054,-123.049801,17.5,1.5,1.6945536
S2019OR071011,JoV2-1,45.251054,-123.049801,37.0,0.6700000166893,0.89387053
S2019OR071011,JoV2-1,45.251054,-123.049801,66.5,0.41999998688697,0.50215155
S2019OR071011,JoV2-1,45.251054,-123.049801,92.0,0.4869999885559,0.3435246
S2019OR071011,JoV2-2,45.250953674316406,-123.049901,2.5,2.2039999961853,3.3167446
S2019OR071011,JoV2-2,45.250953674316406,-123.049901,7.5,2.20900011062622,2.6884327
S2019OR071011,JoV2-2,45.250953674316406,-123.049901,17.5,1.29900002479553,1.7461051
S2019OR071011,JoV2-2,45.250953674316406,-123.049901,37.0,0.76099997758865,0.9031989
S2019OR071011,JoV2-2,45.250953674316406,-123.049901,66.5,0.63999998569488,0.50766957
S2019OR071011,JoV2-2,45.250953674316406,-123.049901,92.0,0.6549999713897701,0.34474686
S2019OR071011,JoV2-3,45.2513542175293,-123.049601,2.5,2.32699990272521,3.4450812
S2019OR071011,JoV2-3,45.2513542175293,-123.049601,7.5,1.9190000295639005,2.7920172
S2019OR071011,JoV2-3,45.2513542175293,-123.049601,17.5,1.23199999332427,1.8169018
S2019OR053012,JoXT2-1,45.04996871948242,-123.13707733154295,2.5,2.5629999637603698,2.6422102
S2019OR053012,JoXT2-1,45.04996871948242,-123.13707733154295,7.5,2.44700002670288,2.2026534
S2019OR053012,JoXT2-1,45.04996871948242,-123.13707733154295,17.0,2.46600008010864,1.4470742
S2019OR053012,JoXT2-1,45.04996871948242,-123.13707733154295,40.5,2.04500007629394,0.8701936
S2019OR053012,JoXT2-1,45.04996871948242,-123.13707733154295,66.0,1.22000002861022,0.4887051
S2019OR053012,JoXT2-1,45.04996871948242,-123.13707733154295,87.5,0.63999998569488,0.3018012
S2019OR053012,JoXT2-2,45.04986953735352,-123.13717651367188,2.5,2.37299990653991,2.792108
S2019OR053012,JoXT2-2,45.04986953735352,-123.13717651367188,7.5,2.22300004959106,2.334461
S2019OR053012,JoXT2-2,45.04986953735352,-123.13717651367188,17.0,2.24399995803833,1.5233209
S2019OR053012,JoXT2-2,45.04986953735352,-123.13717651367188,40.5,1.8049999475479104,0.9281425
S2019OR053012,JoXT2-2,45.04986953735352,-123.13717651367188,66.0,1.54799997806549,0.5348335
S2019OR053012,JoXT2-2,45.04986953735352,-123.13717651367188,87.5,0.6819999814033499,0.34213826
S2019OR053012,JoXT2-3,45.04996871948242,-123.13687896728516,2.5,2.52500009536743,2.4369743
S2019OR053012,JoXT2-3,45.04996871948242,-123.13687896728516,7.5,2.4279999732971103,2.0537784
S2019OR053012,JoXT2-3,45.04996871948242,-123.13687896728516,17.0,2.11700010299682,1.3623426
S2019OR053012,JoXT2-3,45.04996871948242,-123.13687896728516,40.5,1.46800005435943,0.83702517
S2019OR053012,JoXT2-3,45.04996871948242,-123.13687896728516,66.0,0.8920000195503199,0.46361834
S2019OR053012,JoXT2-3,45.04996871948242,-123.13687896728516,87.5,0.5889999866485499,0.28183222
S2019OR047013,JoXT3-1,44.910377,-122.90908813476562,2.5,2.6630001068115203,3.306456
S2019OR047013,JoXT3-1,44.910377,-122.90908813476562,7.5,2.57299995422363,2.6998508
S2019OR047013,JoXT3-1,44.910377,-122.90908813476562,19.0,2.19499993324279,1.5206729
S2019OR047013,JoXT3-1,44.910377,-122.90908813476562,44.0,1.19700002670288,0.8807831
S2019OR047013,JoXT3-1,44.910377,-122.90908813476562,80.0,0.69300001859664,0.47864664
S2019OR047013,JoXT3-2,44.910277,-122.90898895263672,2.5,2.70199990272521,3.3347316
S2019OR047013,JoXT3-2,44.910277,-122.90898895263672,7.5,2.75500011444091,2.7241433
S2019OR047013,JoXT3-2,44.910277,-122.90898895263672,19.0,2.2149999141693097,1.537223
S2019OR047013,JoXT3-2,44.910277,-122.90898895263672,44.0,1.43900001049041,0.89313173
S2019OR047013,JoXT3-2,44.910277,-122.90898895263672,80.0,0.28600001335144,0.48835498
S2019OR047013,JoXT3-3,44.910077,-122.9088897705078,2.5,2.67600011825561,3.3347316
S2019OR047013,JoXT3-3,44.910077,-122.9088897705078,7.5,2.75300002098083,2.7241433
S2019OR047013,JoXT3-3,44.910077,-122.9088897705078,19.0,2.40100002288818,1.537223
S2019OR047013,JoXT3-3,44.910077,-122.9088897705078,44.0,1.52400004863739,0.89313173
S2019OR047013,JoXT3-3,44.910077,-122.9088897705078,80.0,0.64099997282028,0.48835498
S2019OR053014,JoV3-1,45.037101,-123.130763,2.5,4.3140001296997,3.3702407
S2019OR053014,JoV3-1,45.037101,-123.130763,7.5,2.93499994277954,2.8083272
S2019OR053014,JoV3-1,45.037101,-123.130763,33.0,1.8339999914169296,1.681299
S2019OR053014,JoV3-1,45.037101,-123.130763,65.0,1.30799996852874,0.63100463
S2019OR053014,JoV3-1,45.037101,-123.130763,87.0,0.9079999923706,0.40369213
S2019OR053014,JoV3-2,45.037201,-123.130863,2.5,3.85400009155273,3.3702407
S2019OR053014,JoV3-2,45.037201,-123.130863,7.5,2.6010000705718896,2.8083272
S2019OR053014,JoV3-2,45.037201,-123.130863,33.0,1.89100003242492,1.681299
S2019OR053014,JoV3-2,45.037201,-123.130863,65.0,1.1139999628067,0.63100463
S2019OR053014,JoV3-2,45.037201,-123.130863,87.0,1.02999997138977,0.40369213
S2019OR053014,JoV3-3,45.037101,-123.130563,2.5,4.3140001296997,3.3702407
S2019OR053014,JoV3-3,45.037101,-123.130563,7.5,2.84400010108947,2.8083272
S2019OR053014,JoV3-3,45.037101,-123.130563,33.0,1.95099997520446,1.681299
S2019OR053014,JoV3-3,45.037101,-123.130563,65.0,1.21000003814697,0.63100463
S2019OR053014,JoV3-3,45.037101,-123.130563,87.0,0.90200001001358,0.40369213
S2019OR047015,WoH3-1,44.948448181152344,-122.86279296875,2.5,1.8890000581741304,3.4027588
S2019OR047015,WoH3-1,44.948448181152344,-122.86279296875,7.5,1.38100004196166,2.8596013
S2019OR047015,WoH3-1,44.948448181152344,-122.86279296875,27.5,0.69400000572204,1.4793304
S2019OR047015,WoH3-1,44.948448181152344,-122.86279296875,70.0,0.2820000052451999,0.7312371
S2019OR047015,WoH3-1,44.948448181152344,-122.86279296875,97.5,0.19699999690055,0.5847889
S2019OR047015,WoH3-2,44.94855117797851,-122.8628921508789,2.5,3.52800011634826,2.9723845
S2019OR047015,WoH3-2,44.94855117797851,-122.8628921508789,7.5,2.31500005722045,2.6641757
S2019OR047015,WoH3-2,44.94855117797851,-122.8628921508789,27.5,0.66399997472763,1.6398306
S2019OR047015,WoH3-2,44.94855117797851,-122.8628921508789,70.0,0.23399999737739,0.6984641
S2019OR047015,WoH3-2,44.94855117797851,-122.8628921508789,97.5,0.23299999535083,0.53099924
S2019OR047015,WoH3-3,44.948150634765625,-122.86258697509766,2.5,4.8179998397827095,2.6151776
S2019OR047015,WoH3-3,44.948150634765625,-122.86258697509766,7.5,2.47699999809265,2.3810272
S2019OR047015,WoH3-3,44.948150634765625,-122.86258697509766,27.5,1.14900004863739,1.4467756
S2019OR047015,WoH3-3,44.948150634765625,-122.86258697509766,70.0,0.38499999046325,0.67806876
S2019OR047015,WoH3-3,44.948150634765625,-122.86258697509766,97.5,0.17000000178813,0.53873163
S2019OR047016,WoCT2-1,45.014134,-122.842842,2.5,1.90100002288818,2.226381
S2019OR047016,WoCT2-1,45.014134,-122.842842,7.5,1.90900003910064,2.0267935
S2019OR047016,WoCT2-1,45.014134,-122.842842,17.5,1.94099998474121,1.5875726
S2019OR047016,WoCT2-1,45.014134,-122.842842,41.5,0.98199999332427,0.9654082
S2019OR047016,WoCT2-1,45.014134,-122.842842,79.0,0.39800000190734,0.5642395
S2019OR047016,WoCT2-2,45.014034271240234,-122.842742,2.5,2.2579998970031703,2.226381
S2019OR047016,WoCT2-2,45.014034271240234,-122.842742,7.5,2.06699991226196,2.0267935
S2019OR047016,WoCT2-2,45.014034271240234,-122.842742,17.5,2.11800003051757,1.5875726
S2019OR047016,WoCT2-2,45.014034271240234,-122.842742,41.5,1.5219999551773,0.9654082
S2019OR047016,WoCT2-2,45.014034271240234,-122.842742,79.0,0.5479999780654901,0.5642395
S2019OR047016,WoCT2-3,45.013834,-122.843042,2.5,2.38800001144409,2.9979181
S2019OR047016,WoCT2-3,45.013834,-122.843042,7.5,2.32200002670288,2.5000877
S2019OR047016,WoCT2-3,45.013834,-122.843042,17.5,2.29699993133544,1.5831702
S2019OR047016,WoCT2-3,45.013834,-122.843042,41.5,1.31099998950958,0.945788
S2019OR047016,WoCT2-3,45.013834,-122.843042,79.0,0.41899999976158,0.5713084
S2019OR071017,WoCT3-1,45.125099182128906,-123.0616683959961,2.5,1.62800002098083,2.1782787
S2019OR071017,WoCT3-1,45.125099182128906,-123.0616683959961,7.5,1.59300005435943,1.9894761
S2019OR071017,WoCT3-1,45.125099182128906,-123.0616683959961,16.0,1.5549999475479102,1.6712264
S2019OR071017,WoCT3-1,45.125099182128906,-123.0616683959961,39.5,0.43200001120567,0.7185994
S2019OR071017,WoCT3-1,45.125099182128906,-123.0616683959961,78.5,0.2220000028610199,0.34656262
S2019OR071017,WoCT3-2,45.125099182128906,-123.06201171875,2.5,1.7979999780654898,2.1782787
S2019OR071017,WoCT3-2,45.125099182128906,-123.06201171875,7.5,1.53999996185302,1.9894761
S2019OR071017,WoCT3-2,45.125099182128906,-123.06201171875,16.0,1.45099997520446,1.6712264
S2019OR071017,WoCT3-2,45.125099182128906,-123.06201171875,39.5,0.50499999523162,0.7185994
S2019OR071017,WoCT3-2,45.125099182128906,-123.06201171875,78.5,0.22599999606609,0.34656262
S2019OR071017,WoCT3-3,45.12480163574219,-123.06134033203124,2.5,1.6649999618530202,2.1782787
S2019OR071017,WoCT3-3,45.12480163574219,-123.06134033203124,7.5,1.54700005054473,1.9894761
S2019OR071017,WoCT3-3,45.12480163574219,-123.06134033203124,16.0,1.41799998283386,1.6712264
S2019OR071017,WoCT3-3,45.12480163574219,-123.06134033203124,39.5,0.7839999794959999,0.7185994
S2019OR071017,WoCT3-3,45.12480163574219,-123.06134033203124,78.5,0.3009999990463199,0.34656262
S2019OR047018,WoNT3-1,44.950981,-122.8565444946289,2.5,3.09800004959106,3.4327016
S2019OR047018,WoNT3-1,44.950981,-122.8565444946289,7.5,2.23499989509582,2.7695575
S2019OR047018,WoNT3-1,44.950981,-122.8565444946289,15.5,1.66600000858306,1.7268049
S2019OR047018,WoNT3-1,44.950981,-122.8565444946289,45.5,0.49500000476837,0.9349514
S2019OR047018,WoNT3-1,44.950981,-122.8565444946289,85.0,0.21500000357627,0.4834856
S2019OR047018,WoNT3-2,44.950981,-122.856644,2.5,2.9530000686645503,3.4327016
S2019OR047018,WoNT3-2,44.950981,-122.856644,7.5,2.06699991226196,2.7695575
S2019OR047018,WoNT3-2,44.950981,-122.856644,15.5,1.7150000333786002,1.7268049
S2019OR047018,WoNT3-2,44.950981,-122.856644,45.5,0.5950000286102199,0.9349514
S2019OR047018,WoNT3-2,44.950981,-122.856644,85.0,0.22599999606609,0.4834856
S2019OR047018,WoNT3-3,44.950981,-122.856744,2.5,2.5420000553131104,3.4327016
S2019OR047018,WoNT3-3,44.950981,-122.856744,7.5,2.05399990081787,2.7695575
S2019OR047018,WoNT3-3,44.950981,-122.856744,15.5,1.45599997043609,1.7268049
S2019OR047018,WoNT3-3,44.950981,-122.856744,45.5,0.67100000381469,0.9349514
S2019OR047018,WoNT3-3,44.950981,-122.856744,85.0,0.23100000619888,0.4834856
IL-115-SW-WDFLD-001,IL-115-SW-WDFLD-001,39.86606216430664,-88.798131,2.5,2.57920002937316,2.200495
IL-115-SW-WDFLD-001,IL-115-SW-WDFLD-001,39.86606216430664,-88.798131,7.5,2.69350004196167,2.0341635
IL-115-SW-WDFLD-001,IL-115-SW-WDFLD-001,39.86606216430664,-88.798131,15.0,2.14849996566772,1.7151864
IL-115-SW-WDFLD-001,IL-115-SW-WDFLD-001,39.86606216430664,-88.798131,25.0,1.82519996166229,1.3284523
IL-115-SW-WDFLD-001,IL-115-SW-WDFLD-001,39.86606216430664,-88.798131,40.0,0.96310001611709,0.92365795
IL-115-SW-WDFLD-001,IL-115-SW-WDFLD-001,39.86606216430664,-88.798131,75.0,0.5345000028610201,0.5970908
IL-115-SW-WDFLD-002,IL-115-SW-WDFLD-002,39.86539459228515,-88.799917,2.5,3.10459995269775,2.0697796
IL-115-SW-WDFLD-002,IL-115-SW-WDFLD-002,39.86539459228515,-88.799917,7.5,2.40339994430541,1.8803121
IL-115-SW-WDFLD-002,IL-115-SW-WDFLD-002,39.86539459228515,-88.799917,15.0,2.09470009803771,1.5678958
IL-115-SW-WDFLD-002,IL-115-SW-WDFLD-002,39.86539459228515,-88.799917,25.0,2.15590000152587,1.2021405
IL-115-SW-WDFLD-002,IL-115-SW-WDFLD-002,39.86539459228515,-88.799917,40.0,1.26579999923706,0.78730917
IL-115-SW-WDFLD-002,IL-115-SW-WDFLD-002,39.86539459228515,-88.799917,75.0,0.54809999465942,0.47100598
IL-115-SW-WDFLD-003,IL-115-SW-WDFLD-003,39.868482,-88.798039,2.5,2.75629997253417,1.8718374
IL-115-SW-WDFLD-003,IL-115-SW-WDFLD-003,39.868482,-88.798039,7.5,2.59890007972717,1.7576576
IL-115-SW-WDFLD-003,IL-115-SW-WDFLD-003,39.868482,-88.798039,15.0,2.29609990119934,1.6547012
IL-115-SW-WDFLD-003,IL-115-SW-WDFLD-003,39.868482,-88.798039,25.0,1.984099984169,1.3465004
IL-115-SW-WDFLD-003,IL-115-SW-WDFLD-003,39.868482,-88.798039,40.0,1.13800001144409,0.94020545
IL-115-SW-WDFLD-003,IL-115-SW-WDFLD-003,39.868482,-88.798039,75.0,0.57380002737045,0.60888815
IL-115-SW-ETAL-001,IL-115-SW-ETAL-001,39.895068,-88.745608,2.5,2.65490007400512,2.173164
IL-115-SW-ETAL-001,IL-115-SW-ETAL-001,39.895068,-88.745608,7.5,2.49839997291564,1.9780424
IL-115-SW-ETAL-001,IL-115-SW-ETAL-001,39.895068,-88.745608,15.0,2.03290009498596,1.6322755
IL-115-SW-ETAL-001,IL-115-SW-ETAL-001,39.895068,-88.745608,25.0,2.0890998840332,1.2661358
IL-115-SW-ETAL-001,IL-115-SW-ETAL-001,39.895068,-88.745608,40.0,1.76209998130798,0.8505332
IL-115-SW-ETAL-001,IL-115-SW-ETAL-001,39.895068,-88.745608,75.0,0.75599998235702,0.5086771
IL-115-SW-ETAL-002,IL-115-SW-ETAL-002,39.895384,-88.746645,2.5,2.35439991950988,2.2566812
IL-115-SW-ETAL-002,IL-115-SW-ETAL-002,39.895384,-88.746645,7.5,2.02900004386901,2.045291
IL-115-SW-ETAL-002,IL-115-SW-ETAL-002,39.895384,-88.746645,15.0,1.57430005073547,1.6917146
IL-115-SW-ETAL-002,IL-115-SW-ETAL-002,39.895384,-88.746645,25.0,1.65149998664855,1.3173072
IL-115-SW-ETAL-002,IL-115-SW-ETAL-002,39.895384,-88.746645,40.0,1.37750005722045,0.89740413
IL-115-SW-ETAL-002,IL-115-SW-ETAL-002,39.895384,-88.746645,75.0,0.50470000505447,0.54688954
IL-115-SW-ETAL-003,IL-115-SW-ETAL-003,39.901458740234375,-88.746587,2.5,2.5469000339508,2.1151197
IL-115-SW-ETAL-003,IL-115-SW-ETAL-003,39.901458740234375,-88.746587,7.5,2.36490011215209,1.9195904
IL-115-SW-ETAL-003,IL-115-SW-ETAL-003,39.901458740234375,-88.746587,15.0,1.94889998435974,1.5644422
IL-115-SW-ETAL-003,IL-115-SW-ETAL-003,39.901458740234375,-88.746587,25.0,1.73609995841979,1.2058985
IL-115-SW-ETAL-003,IL-115-SW-ETAL-003,39.901458740234375,-88.746587,40.0,1.13329994678497,0.8354035
IL-115-SW-ETAL-003,IL-115-SW-ETAL-003,39.901458740234375,-88.746587,75.0,0.40329998731613,0.49114448
IL-147-SW-TS-001,IL-147-SW-TS-001,39.876683,-88.700021,2.5,3.06010007858276,2.1065357
IL-147-SW-TS-001,IL-147-SW-TS-001,39.876683,-88.700021,7.5,2.8926000595092702,2.0120149
IL-147-SW-TS-001,IL-147-SW-TS-001,39.876683,-88.700021,15.0,2.11759996414184,1.862661
IL-147-SW-TS-001,IL-147-SW-TS-001,39.876683,-88.700021,25.0,1.23619997501373,1.3917929
IL-147-SW-TS-001,IL-147-SW-TS-001,39.876683,-88.700021,40.0,0.7537000179290699,0.9858506
IL-147-SW-TS-001,IL-147-SW-TS-001,39.876683,-88.700021,75.0,0.35949999094009,0.65274924
IL-147-SW-TS-002,IL-147-SW-TS-002,39.878541,-88.700776,2.5,3.00289988517761,2.075593
IL-147-SW-TS-002,IL-147-SW-TS-002,39.878541,-88.700776,7.5,2.74909996986389,1.9792415
IL-147-SW-TS-002,IL-147-SW-TS-002,39.878541,-88.700776,15.0,2.44700002670288,1.8113701
IL-147-SW-TS-002,IL-147-SW-TS-002,39.878541,-88.700776,25.0,1.71770000457763,1.359407
IL-147-SW-TS-002,IL-147-SW-TS-002,39.878541,-88.700776,40.0,0.92019999027252,0.9978287
IL-147-SW-TS-002,IL-147-SW-TS-002,39.878541,-88.700776,75.0,0.5015000104904099,0.6370751
IL-147-SW-TS-003,IL-147-SW-TS-003,39.878261,-88.705988,2.5,3.3031001091003396,2.1332388
IL-147-SW-TS-003,IL-147-SW-TS-003,39.878261,-88.705988,7.5,2.84319996833801,1.9908192
IL-147-SW-TS-003,IL-147-SW-TS-003,39.878261,-88.705988,15.0,2.5826001167297297,1.8319126
IL-147-SW-TS-003,IL-147-SW-TS-003,39.878261,-88.705988,25.0,1.87329995632171,1.3717885
IL-147-SW-TS-003,IL-147-SW-TS-003,39.878261,-88.705988,40.0,0.90319997072219,0.9641489
IL-147-SW-TS-003,IL-147-SW-TS-003,39.878261,-88.705988,75.0,0.60170000791549,0.6289816
IL-147-SW-CRP-001,IL-147-SW-CRP-001,39.895694,-88.743611,2.5,2.57139992713928,1.7877307
IL-147-SW-CRP-001,IL-147-SW-CRP-001,39.895694,-88.743611,7.5,2.67149996757507,1.6549811
IL-147-SW-CRP-001,IL-147-SW-CRP-001,39.895694,-88.743611,15.0,1.92019999027252,1.5776976
IL-147-SW-CRP-001,IL-147-SW-CRP-001,39.895694,-88.743611,25.0,2.20449995994567,1.287304
IL-147-SW-CRP-001,IL-147-SW-CRP-001,39.895694,-88.743611,40.0,1.35730004310607,0.8744193
IL-147-SW-CRP-001,IL-147-SW-CRP-001,39.895694,-88.743611,75.0,0.5527999997138899,0.5308727
IL-147-SW-CRP-002,IL-147-SW-CRP-002,39.896889,-88.743611,2.5,2.48149991035461,1.5583955
IL-147-SW-CRP-002,IL-147-SW-CRP-002,39.896889,-88.743611,7.5,2.0058000087738,1.4611372
IL-147-SW-CRP-002,IL-147-SW-CRP-002,39.896889,-88.743611,15.0,1.81130003929138,1.3429315
IL-147-SW-CRP-002,IL-147-SW-CRP-002,39.896889,-88.743611,25.0,1.5634000301361,1.0638785
IL-147-SW-CRP-002,IL-147-SW-CRP-002,39.896889,-88.743611,40.0,1.56889998912811,0.6863144
IL-147-SW-CRP-002,IL-147-SW-CRP-002,39.896889,-88.743611,75.0,0.55709999799728,0.41637942
IL-147-SW-CRP-003,IL-147-SW-CRP-003,39.898194,-88.743333,2.5,2.15829992294311,1.5440778
IL-147-SW-CRP-003,IL-147-SW-CRP-003,39.898194,-88.743333,7.5,1.79139995574951,1.4473637
IL-147-SW-CRP-003,IL-147-SW-CRP-003,39.898194,-88.743333,15.0,1.73629999160766,1.3298197
IL-147-SW-CRP-003,IL-147-SW-CRP-003,39.898194,-88.743333,25.0,0.9801999926567,1.0523283
IL-147-SW-CRP-003,IL-147-SW-CRP-003,39.898194,-88.743333,40.0,0.74599999189376,0.67968434
IL-147-SW-CRP-003,IL-147-SW-CRP-003,39.898194,-88.743333,75.0,0.3932000100612599,0.4108108
IL-019-SW-ARBRTM-001,IL-019-SW-ARBRTM-001,40.0916401,-88.216396,2.5,5.45580005645751,2.8939357
IL-019-SW-ARBRTM-001,IL-019-SW-ARBRTM-001,40.0916401,-88.216396,15.0,2.79879999160766,1.2831639
IL-019-SW-ARBRTM-001,IL-019-SW-ARBRTM-001,40.0916401,-88.216396,25.0,2.34369993209838,0.99737304
IL-019-SW-ARBRTM-001,IL-019-SW-ARBRTM-001,40.0916401,-88.216396,40.0,1.11629998683929,0.651074
IL-019-SW-ARBRTM-001,IL-019-SW-ARBRTM-001,40.0916401,-88.216396,75.0,0.47659999132156,0.39777347
IL-019-SW-ARBRTM-002,IL-019-SW-ARBRTM-002,40.0918033,-88.2161899,2.5,5.70699977874755,2.8939357
IL-019-SW-ARBRTM-002,IL-019-SW-ARBRTM-002,40.0918033,-88.2161899,7.5,4.2529997825622505,2.1939921
IL-019-SW-ARBRTM-002,IL-019-SW-ARBRTM-002,40.0918033,-88.2161899,15.0,3.1905000209808296,1.2831639
IL-019-SW-ARBRTM-002,IL-019-SW-ARBRTM-002,40.0918033,-88.2161899,25.0,2.24140000343322,0.99737304
IL-019-SW-ARBRTM-002,IL-019-SW-ARBRTM-002,40.0918033,-88.2161899,40.0,1.29809999465942,0.651074
IL-019-SW-ARBRTM-002,IL-019-SW-ARBRTM-002,40.0918033,-88.2161899,75.0,0.44780001044273,0.39777347
IL-019-SW-ARBRTM-003,IL-019-SW-ARBRTM-003,40.0914285,-88.2159005,2.5,5.86159992218017,2.8939357
IL-019-SW-ARBRTM-003,IL-019-SW-ARBRTM-003,40.0914285,-88.2159005,7.5,3.8759000301361,2.1939921
IL-019-SW-ARBRTM-003,IL-019-SW-ARBRTM-003,40.0914285,-88.2159005,15.0,2.2836999893188397,1.2831639
IL-019-SW-ARBRTM-003,IL-019-SW-ARBRTM-003,40.0914285,-88.2159005,25.0,1.34109997749328,0.99737304
IL-019-SW-ARBRTM-003,IL-019-SW-ARBRTM-003,40.0914285,-88.2159005,40.0,1.34710001945495,0.651074
IL-019-SW-ARBRTM-003,IL-019-SW-ARBRTM-003,40.0914285,-88.2159005,75.0,0.5184999704360901,0.39777347
IL-019-SW-RTHRML-001,IL-019-SW-RTHRML-001,39.929500579833984,-88.0238037109375,2.5,3.2560999393463104,1.8395437
IL-019-SW-RTHRML-001,IL-019-SW-RTHRML-001,39.929500579833984,-88.0238037109375,7.5,2.30270004272461,1.7974732
IL-019-SW-RTHRML-001,IL-019-SW-RTHRML-001,39.929500579833984,-88.0238037109375,15.0,1.9708000421524,1.6851184
IL-019-SW-RTHRML-001,IL-019-SW-RTHRML-001,39.929500579833984,-88.0238037109375,25.0,1.26549994945526,1.4021689
IL-019-SW-RTHRML-001,IL-019-SW-RTHRML-001,39.929500579833984,-88.0238037109375,35.0,0.74620002508163,1.2765602
IL-019-SW-RTHRML-001,IL-019-SW-RTHRML-001,39.929500579833984,-88.0238037109375,70.0,0.49509999155998,0.6738702
IL-019-SW-RTHRML-002,IL-019-SW-RTHRML-002,39.929500579833984,-88.0238037109375,2.5,2.80979990959167,1.8395437
IL-019-SW-RTHRML-002,IL-019-SW-RTHRML-002,39.929500579833984,-88.0238037109375,7.5,2.1891999244689897,1.7974732
IL-019-SW-RTHRML-002,IL-019-SW-RTHRML-002,39.929500579833984,-88.0238037109375,15.0,2.02710008621215,1.6851184
IL-019-SW-RTHRML-002,IL-019-SW-RTHRML-002,39.929500579833984,-88.0238037109375,25.0,1.24059998989105,1.4021689
IL-019-SW-RTHRML-002,IL-019-SW-RTHRML-002,39.929500579833984,-88.0238037109375,35.0,0.7817999720573401,1.2765602
IL-019-SW-RTHRML-002,IL-019-SW-RTHRML-002,39.929500579833984,-88.0238037109375,70.0,2.3006999492645197,0.6738702
IL-019-SW-RTHRML-003,IL-019-SW-RTHRML-003,39.9254322,-88.0275783,2.5,3.98140001296997,1.8418397
IL-019-SW-RTHRML-003,IL-019-SW-RTHRML-003,39.9254322,-88.0275783,7.5,3.2604000568389804,1.7650955
IL-019-SW-RTHRML-003,IL-019-SW-RTHRML-003,39.9254322,-88.0275783,15.0,3.05830001831054,1.3914616
IL-019-SW-RTHRML-003,IL-019-SW-RTHRML-003,39.9254322,-88.0275783,25.0,2.71059989929199,1.061846
IL-019-SW-RTHRML-003,IL-019-SW-RTHRML-003,39.9254322,-88.0275783,35.0,1.68050003051757,0.98516107
IL-019-SW-RTHRML-003,IL-019-SW-RTHRML-003,39.9254322,-88.0275783,70.0,0.56599998474121,0.4896535
IL-019-SW-RTHRML-004,IL-019-SW-RTHRML-004,39.9254322,-88.0275783,2.5,2.40140008926391,1.8418397
IL-019-SW-RTHRML-004,IL-019-SW-RTHRML-004,39.9254322,-88.0275783,7.5,1.94029998779296,1.7650955
IL-019-SW-RTHRML-004,IL-019-SW-RTHRML-004,39.9254322,-88.0275783,15.0,1.79320001602172,1.3914616
IL-019-SW-RTHRML-004,IL-019-SW-RTHRML-004,39.9254322,-88.0275783,25.0,1.65820002555847,1.061846
IL-019-SW-RTHRML-004,IL-019-SW-RTHRML-004,39.9254322,-88.0275783,35.0,1.16040003299713,0.98516107
IL-019-SW-RTHRML-004,IL-019-SW-RTHRML-004,39.9254322,-88.0275783,70.0,0.42629998922348,0.4896535
IL-115-SW-WDFLD-001A,IL-115-SW-WDFLD-001A,39.86606216430664,-88.798131,7.5,2.05669999122619,2.1259665
IL-115-SW-WDFLD-001A,IL-115-SW-WDFLD-001A,39.86606216430664,-88.798131,23.0,1.54320001602172,1.7051725
IL-115-SW-WDFLD-001A,IL-115-SW-WDFLD-001A,39.86606216430664,-88.798131,39.5,1.05289995670318,1.0119742
IL-115-SW-WDFLD-001A,IL-115-SW-WDFLD-001A,39.86606216430664,-88.798131,57.5,0.68760001659393,0.7517155
IL-115-SW-WDFLD-001A,IL-115-SW-WDFLD-001A,39.86606216430664,-88.798131,80.5,0.32159999012947,0.5432059
IL-115-SW-WDFLD-001A,IL-115-SW-WDFLD-001A,39.86606216430664,-88.798131,110.0,0.21570000052452,0.47867268
IL-115-SW-WDFLD-001A,IL-115-SW-WDFLD-001A,39.86606216430664,-88.798131,136.0,0.18389999866485,0.4573905
IL-115-SW-WDFLD-001A,IL-115-SW-WDFLD-001A,39.86606216430664,-88.798131,161.0,0.25549998879432,0.4573905
IL-115-SW-ETAL-001A,IL-115-SW-ETAL-001A,39.895068,-88.745608,6.5,2.26230001449584,2.1592834
IL-115-SW-ETAL-001A,IL-115-SW-ETAL-001A,39.895068,-88.745608,21.0,1.84379994869232,1.7026582
IL-115-SW-ETAL-001A,IL-115-SW-ETAL-001A,39.895068,-88.745608,39.5,1.9232000112533496,0.95690465
IL-115-SW-ETAL-001A,IL-115-SW-ETAL-001A,39.895068,-88.745608,63.5,0.97600001096725,0.6135957
IL-115-SW-ETAL-001A,IL-115-SW-ETAL-001A,39.895068,-88.745608,92.0,0.59140002727508,0.43097454
IL-115-SW-ETAL-001A,IL-115-SW-ETAL-001A,39.895068,-88.745608,122.0,0.5533999800682,0.39996776
IL-115-SW-ETAL-001A,IL-115-SW-ETAL-001A,39.895068,-88.745608,159.0,0.2664999961853,0.39996776
IL-115-SW-ETAL-001A,IL-115-SW-ETAL-001A,39.895068,-88.745608,210.5,0.09749999642372,0.39996776
IL-147-SW-TS-003A,IL-147-SW-TS-003A,39.878261,-88.705988,11.5,2.63940000534057,2.0276854
IL-147-SW-TS-003A,IL-147-SW-TS-003A,39.878261,-88.705988,32.0,1.35549998283386,1.3302051
IL-147-SW-TS-003A,IL-147-SW-TS-003A,39.878261,-88.705988,50.5,0.68349999189376,0.90821165
IL-147-SW-TS-003A,IL-147-SW-TS-003A,39.878261,-88.705988,70.5,0.49239999055862,0.64510256
IL-147-SW-TS-003A,IL-147-SW-TS-003A,39.878261,-88.705988,98.0,0.35269999504089,0.5101531
IL-147-SW-TS-003A,IL-147-SW-TS-003A,39.878261,-88.705988,124.5,0.3609000146389,0.46957913
IL-147-SW-TS-003A,IL-147-SW-TS-003A,39.878261,-88.705988,148.5,0.1904000043869,0.46957913
IL-147-SW-TS-003A,IL-147-SW-TS-003A,39.878261,-88.705988,194.0,0.15590000152587,0.46957913
IL-147-SW-CRP-001A,IL-147-SW-CRP-001A,39.895694,-88.743611,8.0,2.59380006790161,1.9931393
IL-147-SW-CRP-001A,IL-147-SW-CRP-001A,39.895694,-88.743611,23.5,1.97269999980926,1.4808944
IL-147-SW-CRP-001A,IL-147-SW-CRP-001A,39.895694,-88.743611,42.0,1.3969999551773,0.91459954
IL-147-SW-CRP-001A,IL-147-SW-CRP-001A,39.895694,-88.743611,60.0,1.06180000305175,0.6769038
IL-147-SW-CRP-001A,IL-147-SW-CRP-001A,39.895694,-88.743611,89.5,0.5654000043869,0.45247015
IL-147-SW-CRP-001A,IL-147-SW-CRP-001A,39.895694,-88.743611,127.0,0.47150000929832,0.41796255
IL-147-SW-CRP-001A,IL-147-SW-CRP-001A,39.895694,-88.743611,162.5,0.3068000078201199,0.41796255
IL-147-SW-CRP-001A,IL-147-SW-CRP-001A,39.895694,-88.743611,197.0,0.21230000257492,0.41796255
IL-019-SW-RTHRML-001A,IL-019-SW-RTHRML-001A,39.929500579833984,-88.0238037109375,3.5,2.59820008277893,1.8222027
IL-019-SW-RTHRML-001A,IL-019-SW-RTHRML-001A,39.929500579833984,-88.0238037109375,10.5,2.10030007362365,1.7358454
IL-019-SW-RTHRML-001A,IL-019-SW-RTHRML-001A,39.929500579833984,-88.0238037109375,20.0,1.28509998321533,1.7169484
IL-019-SW-RTHRML-001A,IL-019-SW-RTHRML-001A,39.929500579833984,-88.0238037109375,33.5,0.94370001554489,1.30125
IL-019-SW-RTHRML-001A,IL-019-SW-RTHRML-001A,39.929500579833984,-88.0238037109375,60.0,0.4990000128745999,0.7415576
IL-019-SW-RTHRML-001A,IL-019-SW-RTHRML-001A,39.929500579833984,-88.0238037109375,92.5,0.2470999956130899,0.493909
IL-019-SW-RTHRML-001A,IL-019-SW-RTHRML-001A,39.929500579833984,-88.0238037109375,121.0,0.2347999960184,0.45919472
IL-019-SW-RTHRML-004A,IL-019-SW-RTHRML-004A,39.925411224365234,-88.027589,2.5,3.1638998985290496,1.9157029
IL-019-SW-RTHRML-004A,IL-019-SW-RTHRML-004A,39.925411224365234,-88.027589,14.0,2.11150002479553,1.601629
IL-019-SW-RTHRML-004A,IL-019-SW-RTHRML-004A,39.925411224365234,-88.027589,29.5,1.5716999769210802,1.0875226
IL-019-SW-RTHRML-004A,IL-019-SW-RTHRML-004A,39.925411224365234,-88.027589,51.5,1.13349997997283,0.67835355
IL-019-SW-RTHRML-004A,IL-019-SW-RTHRML-004A,39.925411224365234,-88.027589,82.0,0.52189999818801,0.4204963
IL-019-SW-RTHRML-004A,IL-019-SW-RTHRML-004A,39.925411224365234,-88.027589,110.0,0.4760999977588599,0.37113383
IL-019-SW-RTHRML-004A,IL-019-SW-RTHRML-004A,39.925411224365234,-88.027589,136.0,0.2664999961853,0.35139942
TX-AX1-1-CON,AX1-1,26.371829986572266,-97.86128997802734,2.5,1.45000004768371,1.0718571
TX-AX1-1-CON,AX1-1,26.371829986572266,-97.86128997802734,7.5,1.29999995231628,0.95435363
TX-AX1-1-CON,AX1-1,26.371829986572266,-97.86128997802734,20.0,1.21000003814697,0.7728637
TX-AX1-1-CON,AX1-1,26.371829986572266,-97.86128997802734,40.0,1.28999996185302,0.4582653
TX-AX1-1-CON,AX1-1,26.371829986572266,-97.86128997802734,65.0,1.0499999523162802,0.33360612
TX-AX1-1-CON,AX1-1,26.371829986572266,-97.86128997802734,90.0,1.00999999046325,0.20877242
TX-AX1-2-CON,AX1-2,26.376803,-97.861285,2.5,1.8700000047683696,1.2347391
TX-AX1-2-CON,AX1-2,26.376803,-97.861285,7.5,1.83000004291534,1.0860102
TX-AX1-2-CON,AX1-2,26.376803,-97.861285,20.0,1.8400000333785995,0.84063965
TX-AX1-2-CON,AX1-2,26.376803,-97.861285,40.0,1.6699999570846498,0.50559765
TX-AX1-2-CON,AX1-2,26.376803,-97.861285,65.0,1.55999994277954,0.37688178
TX-AX1-2-CON,AX1-2,26.376803,-97.861285,90.0,1.45000004768371,0.24841154
TX-AX1-3-CON,AX1-3,26.381147384643555,-97.861396,2.5,1.91999995708465,0.96672475
TX-AX1-3-CON,AX1-3,26.381147384643555,-97.861396,7.5,1.64999997615814,0.89602953
TX-AX1-3-CON,AX1-3,26.381147384643555,-97.861396,20.0,1.41999995708465,0.7440825
TX-AX1-3-CON,AX1-3,26.381147384643555,-97.861396,40.0,1.21000003814697,0.4383691
TX-AX1-3-CON,AX1-3,26.381147384643555,-97.861396,65.0,2.13000011444091,0.36619115
TX-AX1-3-CON,AX1-3,26.381147384643555,-97.861396,90.0,1.21000003814697,0.25321108
TX-AX2-1-CON,AX2-1,26.372257232666016,-97.860439,2.5,1.35000002384185,0.9912713
TX-AX2-1-CON,AX2-1,26.372257232666016,-97.860439,7.5,1.25,0.9235448
TX-AX2-1-CON,AX2-1,26.372257232666016,-97.860439,20.0,1.2400000095367398,0.76239103
TX-AX2-1-CON,AX2-1,26.372257232666016,-97.860439,40.0,1.15999996662139,0.44481158
TX-AX2-1-CON,AX2-1,26.372257232666016,-97.860439,65.0,1.0499999523162802,0.32130253
TX-AX2-1-CON,AX2-1,26.372257232666016,-97.860439,90.0,0.70999997854232,0.1976205
TX-AX2-2-CON,AX2-2,26.372359,-97.854799,2.5,0.93999999761581,0.9620584
TX-AX2-2-CON,AX2-2,26.372359,-97.854799,7.5,0.99000000953674,0.88645643
TX-AX2-2-CON,AX2-2,26.372359,-97.854799,20.0,1.25,0.7084148
TX-AX2-2-CON,AX2-2,26.372359,-97.854799,40.0,0.98000001907348,0.4065266
TX-AX2-2-CON,AX2-2,26.372359,-97.854799,65.0,0.93000000715255,0.29060876
TX-AX2-2-CON,AX2-2,26.372359,-97.854799,90.0,0.81999999284744,0.17327957
TX-AX2-3-CON,AX2-3,26.372348,-97.841816,2.5,1.91999995708465,1.1796253
TX-AX2-3-CON,AX2-3,26.372348,-97.841816,7.5,1.76999998092651,1.110539
TX-AX2-3-CON,AX2-3,26.372348,-97.841816,20.0,1.64999997615814,1.0105666
TX-AX2-3-CON,AX2-3,26.372348,-97.841816,40.0,1.48000001907348,0.54602516
TX-AX2-3-CON,AX2-3,26.372348,-97.841816,65.0,1.22000002861022,0.3830744
TX-AX2-3-CON,AX2-3,26.372348,-97.841816,90.0,1.0900000333786,0.2500098
TX-AX3-1-CON,AX3-1,26.449237,-97.845711,2.5,1.36000001430511,0.99138016
TX-AX3-1-CON,AX3-1,26.449237,-97.845711,7.5,1.28999996185302,0.86807835
TX-AX3-1-CON,AX3-1,26.449237,-97.845711,20.0,1.42999994754791,0.7336644
TX-AX3-1-CON,AX3-1,26.449237,-97.845711,40.0,1.76999998092651,0.43443674
TX-AX3-1-CON,AX3-1,26.449237,-97.845711,65.0,1.62999999523162,0.32525435
TX-AX3-1-CON,AX3-1,26.449237,-97.845711,90.0,1.49000000953674,0.20588669
TX-AX3-2-CON,AX3-2,26.45138326,-97.84310718,2.5,2.29999995231628,1.08453
TX-AX3-2-CON,AX3-2,26.45138326,-97.84310718,7.5,2.03999996185302,1.0528048
TX-AX3-2-CON,AX3-2,26.45138326,-97.84310718,20.0,1.97000002861022,0.954574
TX-AX3-2-CON,AX3-2,26.45138326,-97.84310718,40.0,1.71000003814697,0.5351343
TX-AX3-2-CON,AX3-2,26.45138326,-97.84310718,65.0,1.63999998569488,0.34697208
TX-AX3-2-CON,AX3-2,26.45138326,-97.84310718,90.0,1.33000004291534,0.23322776
TX-AX3-3-CON,AX3-3,26.451224,-97.842418,2.5,1.22000002861022,1.1049367
TX-AX3-3-CON,AX3-3,26.451224,-97.842418,7.5,1.21000003814697,1.072901
TX-AX3-3-CON,AX3-3,26.451224,-97.842418,20.0,1.0,0.9715898
TX-AX3-3-CON,AX3-3,26.451224,-97.842418,40.0,0.91000002622604,0.5501627
TX-AX3-3-CON,AX3-3,26.451224,-97.842418,65.0,0.66000002622604,0.36752793
TX-AX3-3-CON,AX3-3,26.451224,-97.842418,90.0,0.41999998688697,0.25204778
TX-AY1-1-INT,AY1-1,26.429164,-97.87774658203124,2.5,0.93999999761581,0.97302365
TX-AY1-1-INT,AY1-1,26.429164,-97.87774658203124,7.5,0.87000000476837,0.8756176
TX-AY1-1-INT,AY1-1,26.429164,-97.87774658203124,20.0,0.63999998569488,0.6903964
TX-AY1-1-INT,AY1-1,26.429164,-97.87774658203124,40.0,0.60000002384185,0.38901296
TX-AY1-1-INT,AY1-1,26.429164,-97.87774658203124,65.0,0.54000002145767,0.28102565
TX-AY1-1-INT,AY1-1,26.429164,-97.87774658203124,90.0,0.3400000035762699,0.16184115
TX-AY1-2-INT,AY1-2,26.428431,-97.876675,2.5,0.95999997854232,0.94828236
TX-AY1-2-INT,AY1-2,26.428431,-97.876675,7.5,0.8500000238418501,0.8206645
TX-AY1-2-INT,AY1-2,26.428431,-97.876675,20.0,0.31000000238418,0.6654892
TX-AY1-2-INT,AY1-2,26.428431,-97.876675,40.0,0.40999999642372,0.39081752
TX-AY1-2-INT,AY1-2,26.428431,-97.876675,65.0,0.56999999284744,0.28496507
TX-AY1-2-INT,AY1-2,26.428431,-97.876675,90.0,0.75,0.17072377
TX-AY1-3-INT,AY1-3,26.423498153686523,-97.878012,2.5,1.0,0.96956605
TX-AY1-3-INT,AY1-3,26.423498153686523,-97.878012,7.5,0.99000000953674,0.89170486
TX-AY1-3-INT,AY1-3,26.423498153686523,-97.878012,20.0,0.8799999952316199,0.7390043
TX-AY1-3-INT,AY1-3,26.423498153686523,-97.878012,40.0,0.5299999713897701,0.46460062
TX-AY1-3-INT,AY1-3,26.423498153686523,-97.878012,65.0,0.40999999642372,0.34389666
TX-AY1-3-INT,AY1-3,26.423498153686523,-97.878012,90.0,0.37000000476837,0.21646711
TX-AY2-1-INT,AY2-1,26.417867,-97.87735748291016,2.5,0.89999997615814,0.83831537
TX-AY2-1-INT,AY2-1,26.417867,-97.87735748291016,7.5,1.0499999523162802,0.74955803
TX-AY2-1-INT,AY2-1,26.417867,-97.87735748291016,20.0,0.7900000214576699,0.6590062
TX-AY2-1-INT,AY2-1,26.417867,-97.87735748291016,40.0,0.7900000214576699,0.39729565
TX-AY2-1-INT,AY2-1,26.417867,-97.87735748291016,65.0,0.60000002384185,0.2821386
TX-AY2-1-INT,AY2-1,26.417867,-97.87735748291016,90.0,0.60000002384185,0.16523583
TX-AY2-2-INT,AY2-2,26.408338,-97.877546,2.5,0.87000000476837,0.84232724
TX-AY2-2-INT,AY2-2,26.408338,-97.877546,7.5,1.26999998092651,0.7176532
TX-AY2-2-INT,AY2-2,26.408338,-97.877546,20.0,0.89999997615814,0.6373909
TX-AY2-2-INT,AY2-2,26.408338,-97.877546,40.0,0.61000001430511,0.3965225
TX-AY2-2-INT,AY2-2,26.408338,-97.877546,65.0,0.20000000298023,0.2904801
TX-AY2-2-INT,AY2-2,26.408338,-97.877546,90.0,0.4900000095367399,0.18344334
TX-AY2-3-INT,AY2-3,26.408107,-97.867819,2.5,0.8500000238418501,1.0007426
TX-AY2-3-INT,AY2-3,26.408107,-97.867819,7.5,0.97000002861022,0.89804167
TX-AY2-3-INT,AY2-3,26.408107,-97.867819,20.0,1.1799999475479102,0.7221191
TX-AY2-3-INT,AY2-3,26.408107,-97.867819,40.0,0.83999997377395,0.41466334
TX-AY2-3-INT,AY2-3,26.408107,-97.867819,65.0,0.6700000166893,0.29807493
TX-AY2-3-INT,AY2-3,26.408107,-97.867819,90.0,0.5500000119209201,0.17600887
TX-AY3-1-INT,AY3-1,26.378011,-97.894115,2.5,0.8500000238418501,1.2531117
TX-AY3-1-INT,AY3-1,26.378011,-97.894115,7.5,1.2400000095367398,1.1762112
TX-AY3-1-INT,AY3-1,26.378011,-97.894115,20.0,1.0900000333786,1.0681046
TX-AY3-1-INT,AY3-1,26.378011,-97.894115,40.0,0.73000001907348,0.54510343
TX-AY3-1-INT,AY3-1,26.378011,-97.894115,65.0,0.6700000166893,0.37024143
TX-AY3-1-INT,AY3-1,26.378011,-97.894115,90.0,0.47999998927116,0.22744165
TX-AY3-2-INT,AY3-2,26.371559,-97.882158,2.5,0.91000002622604,0.99671155
TX-AY3-2-INT,AY3-2,26.371559,-97.882158,7.5,0.8600000143051101,0.90222716
TX-AY3-2-INT,AY3-2,26.371559,-97.882158,20.0,1.07000005245208,0.701359
TX-AY3-2-INT,AY3-2,26.371559,-97.882158,40.0,1.01999998092651,0.3552808
TX-AY3-2-INT,AY3-2,26.371559,-97.882158,65.0,0.75,0.25328076
TX-AY3-2-INT,AY3-2,26.371559,-97.882158,90.0,0.56000000238418,0.1584498
TX-AY3-3-INT,AY3-3,26.371856,-97.88148498535156,2.5,0.95999997854232,0.97259575
TX-AY3-3-INT,AY3-3,26.371856,-97.88148498535156,7.5,0.9200000166893,0.90808153
TX-AY3-3-INT,AY3-3,26.371856,-97.88148498535156,20.0,1.0900000333786,0.75489044
TX-AY3-3-INT,AY3-3,26.371856,-97.88148498535156,40.0,0.75,0.41211554
TX-AY3-3-INT,AY3-3,26.371856,-97.88148498535156,65.0,0.56000000238418,0.3000022
TX-AY3-3-INT,AY3-3,26.371856,-97.88148498535156,90.0,0.63999998569488,0.18795148
TX-AZ1-1-STR,AZ1-1,26.442916,-97.81415557861328,2.5,1.51999998092651,0.9388032
TX-AZ1-1-STR,AZ1-1,26.442916,-97.81415557861328,7.5,1.37000000476837,0.8594429
TX-AZ1-1-STR,AZ1-1,26.442916,-97.81415557861328,20.0,1.07000005245208,0.7038184
TX-AZ1-1-STR,AZ1-1,26.442916,-97.81415557861328,40.0,0.75,0.39693975
TX-AZ1-1-STR,AZ1-1,26.442916,-97.81415557861328,65.0,0.0700000002980199,0.27773055
TX-AZ1-1-STR,AZ1-1,26.442916,-97.81415557861328,90.0,0.25,0.15687907
TX-AZ1-2-STR,AZ1-2,26.440373,-97.81413269042967,2.5,1.16999995708465,1.0107772
TX-AZ1-2-STR,AZ1-2,26.440373,-97.81413269042967,7.5,1.16999995708465,0.9256544
TX-AZ1-2-STR,AZ1-2,26.440373,-97.81413269042967,20.0,0.68000000715255,0.75524956
TX-AZ1-2-STR,AZ1-2,26.440373,-97.81413269042967,40.0,0.31999999284744,0.39565024
TX-AZ1-2-STR,AZ1-2,26.440373,-97.81413269042967,65.0,0.3400000035762699,0.271382
TX-AZ1-2-STR,AZ1-2,26.440373,-97.81413269042967,90.0,0.31999999284744,0.15577291
TX-AZ1-3-STR,AZ1-3,26.441953659057617,-97.814157,2.5,0.8799999952316199,1.0115443
TX-AZ1-3-STR,AZ1-3,26.441953659057617,-97.814157,7.5,0.60000002384185,0.9292066
TX-AZ1-3-STR,AZ1-3,26.441953659057617,-97.814157,20.0,0.87000000476837,0.7532401
TX-AZ1-3-STR,AZ1-3,26.441953659057617,-97.814157,40.0,0.47999998927116,0.39693975
TX-AZ1-3-STR,AZ1-3,26.441953659057617,-97.814157,65.0,0.33000001311302,0.28077024
TX-AZ1-3-STR,AZ1-3,26.441953659057617,-97.814157,90.0,0.1400000005960399,0.1609822
TX-AZ2-1-STR,AZ2-1,26.35834312438965,-97.857232,2.5,0.8600000143051101,1.0428343
TX-AZ2-1-STR,AZ2-1,26.35834312438965,-97.857232,7.5,0.6999999880790699,1.0626858
TX-AZ2-1-STR,AZ2-1,26.35834312438965,-97.857232,20.0,0.76999998092651,0.98910344
TX-AZ2-1-STR,AZ2-1,26.35834312438965,-97.857232,40.0,0.37000000476837,0.6686615
TX-AZ2-1-STR,AZ2-1,26.35834312438965,-97.857232,65.0,0.28999999165534,0.45889473
TX-AZ2-1-STR,AZ2-1,26.35834312438965,-97.857232,90.0,0.10999999940395,0.2910556
TX-AZ2-2-STR,AZ2-2,26.358388,-97.846311,2.5,0.94999998807907,1.0781345
TX-AZ2-2-STR,AZ2-2,26.358388,-97.846311,7.5,0.81999999284744,1.0020876
TX-AZ2-2-STR,AZ2-2,26.358388,-97.846311,20.0,0.74000000953674,0.9748194
TX-AZ2-2-STR,AZ2-2,26.358388,-97.846311,40.0,0.47999998927116,0.56812125
TX-AZ2-2-STR,AZ2-2,26.358388,-97.846311,65.0,0.3600000143051099,0.38429204
TX-AZ2-2-STR,AZ2-2,26.358388,-97.846311,90.0,0.23000000417232,0.25634766
TX-AZ2-3-STR,AZ2-3,26.365039825439453,-97.85823822021484,2.5,1.11000001430511,1.308231
TX-AZ2-3-STR,AZ2-3,26.365039825439453,-97.85823822021484,7.5,1.19000005722045,1.2435089
TX-AZ2-3-STR,AZ2-3,26.365039825439453,-97.85823822021484,20.0,0.89999997615814,1.1426595
TX-AZ2-3-STR,AZ2-3,26.365039825439453,-97.85823822021484,40.0,0.97000002861022,0.64151937
TX-AZ2-3-STR,AZ2-3,26.365039825439453,-97.85823822021484,65.0,0.75,0.43731928
TX-AZ2-3-STR,AZ2-3,26.365039825439453,-97.85823822021484,90.0,0.6200000047683699,0.28955397
TX-AZ3-1-STR,AZ3-1,26.389298,-97.852623,2.5,1.36000001430511,1.0514661
TX-AZ3-1-STR,AZ3-1,26.389298,-97.852623,7.5,1.0499999523162802,1.0075748
TX-AZ3-1-STR,AZ3-1,26.389298,-97.852623,20.0,1.08000004291534,0.81031334
TX-AZ3-1-STR,AZ3-1,26.389298,-97.852623,40.0,0.73000001907348,0.45823225
TX-AZ3-1-STR,AZ3-1,26.389298,-97.852623,65.0,0.75,0.28463975
TX-AZ3-1-STR,AZ3-1,26.389298,-97.852623,90.0,0.60000002384185,0.20513497
TX-AZ3-2-STR,AZ3-2,26.387731,-97.852666,2.5,1.23000001907348,1.220678
TX-AZ3-2-STR,AZ3-2,26.387731,-97.852666,7.5,0.87000000476837,1.1158057
TX-AZ3-2-STR,AZ3-2,26.387731,-97.852666,20.0,0.81999999284744,0.7120357
TX-AZ3-2-STR,AZ3-2,26.387731,-97.852666,40.0,0.6200000047683699,0.40327066
TX-AZ3-2-STR,AZ3-2,26.387731,-97.852666,65.0,0.3600000143051099,0.26458523
TX-AZ3-2-STR,AZ3-2,26.387731,-97.852666,90.0,0.3000000119209199,0.18388163
TX-AZ3-3-STR,AZ3-3,26.38783264160156,-97.849146,2.5,1.15999996662139,1.0019355
TX-AZ3-3-STR,AZ3-3,26.38783264160156,-97.849146,7.5,0.98000001907348,0.978519
TX-AZ3-3-STR,AZ3-3,26.38783264160156,-97.849146,20.0,0.8600000143051101,0.6665232
TX-AZ3-3-STR,AZ3-3,26.38783264160156,-97.849146,40.0,1.28999996185302,0.38830855
TX-AZ3-3-STR,AZ3-3,26.38783264160156,-97.849146,65.0,0.57999998331069,0.25110185
TX-AZ3-3-STR,AZ3-3,26.38783264160156,-97.849146,90.0,0.3400000035762699,0.16122322
TX-AR2-1-REF,AR2-1,26.309165954589844,-98.203663,2.5,0.97000002861022,1.5516363
TX-AR2-1-REF,AR2-1,26.309165954589844,-98.203663,7.5,0.97000002861022,1.3442621
TX-AR2-1-REF,AR2-1,26.309165954589844,-98.203663,20.0,0.57999998331069,0.7813357
TX-AR2-1-REF,AR2-1,26.309165954589844,-98.203663,40.0,0.89999997615814,0.49924827
TX-AR2-1-REF,AR2-1,26.309165954589844,-98.203663,65.0,0.58999997377395,0.38998502
TX-AR2-1-REF,AR2-1,26.309165954589844,-98.203663,90.0,0.38999998569488,0.28512296
TX-AR2-2-REF,AR2-2,26.30907954,-98.20307159423828,2.5,1.33000004291534,1.6080579
TX-AR2-2-REF,AR2-2,26.30907954,-98.20307159423828,7.5,1.14999997615814,1.3791019
TX-AR2-2-REF,AR2-2,26.30907954,-98.20307159423828,20.0,1.39999997615814,0.82068115
TX-AR2-2-REF,AR2-2,26.30907954,-98.20307159423828,40.0,0.87000000476837,0.49933296
TX-AR2-2-REF,AR2-2,26.30907954,-98.20307159423828,65.0,0.7200000286102199,0.39212888
TX-AR2-2-REF,AR2-2,26.30907954,-98.20307159423828,90.0,0.6999999880790699,0.28710508
TX-AR2-3-REF,AR2-3,26.3089599609375,-98.202272,2.5,2.78999996185302,1.6080579
TX-AR2-3-REF,AR2-3,26.3089599609375,-98.202272,7.5,2.03999996185302,1.3791019
TX-AR2-3-REF,AR2-3,26.3089599609375,-98.202272,20.0,0.91000002622604,0.82068115
TX-AR2-3-REF,AR2-3,26.3089599609375,-98.202272,40.0,0.43000000715255,0.49933296
TX-AR2-3-REF,AR2-3,26.3089599609375,-98.202272,65.0,0.89999997615814,0.39212888
TX-AR2-3-REF,AR2-3,26.3089599609375,-98.202272,90.0,0.73000001907348,0.28710508
TX-AR3-1-REF,AR3-1,26.425935745239254,-97.865571,2.5,3.17000007629394,1.5510793
TX-AR3-1-REF,AR3-1,26.425935745239254,-97.865571,7.5,2.16000008583068,1.3202462
TX-AR3-1-REF,AR3-1,26.425935745239254,-97.865571,20.0,3.4700000286102197,0.7858058
TX-AR3-1-REF,AR3-1,26.425935745239254,-97.865571,40.0,2.38000011444091,0.41212475
TX-AR3-1-REF,AR3-1,26.425935745239254,-97.865571,65.0,1.15999996662139,0.29784173
TX-AR3-1-REF,AR3-1,26.425935745239254,-97.865571,90.0,1.11000001430511,0.2009531
TX-AR3-2-REF,AR3-2,26.425750732421875,-97.86554718017578,2.5,3.45000004768371,1.6369658
TX-AR3-2-REF,AR3-2,26.425750732421875,-97.86554718017578,7.5,1.90999996662139,1.3643929
TX-AR3-2-REF,AR3-2,26.425750732421875,-97.86554718017578,20.0,1.39999997615814,0.83493453
TX-AR3-2-REF,AR3-2,26.425750732421875,-97.86554718017578,40.0,1.02999997138977,0.46352574
TX-AR3-2-REF,AR3-2,26.425750732421875,-97.86554718017578,65.0,0.43000000715255,0.3399251
TX-AR3-2-REF,AR3-2,26.425750732421875,-97.86554718017578,90.0,0.6200000047683699,0.22505033
TX-AR3-3-REF,AR3-3,26.425912,-97.863987,2.5,8.82999992370605,1.54407
TX-AR3-3-REF,AR3-3,26.425912,-97.863987,7.5,2.9300000667572,1.3540628
TX-AR3-3-REF,AR3-3,26.425912,-97.863987,20.0,2.5799999237060502,0.83044624
TX-AR3-3-REF,AR3-3,26.425912,-97.863987,40.0,1.45000004768371,0.43842888
TX-AR3-3-REF,AR3-3,26.425912,-97.863987,65.0,0.56999999284744,0.30622062
TX-AR3-3-REF,AR3-3,26.425912,-97.863987,90.0,0.2199999988079,0.19715866
S2020CT013001,PaN1-1,41.797167,-72.22985076904297,2.5,7.031554344,4.555127
S2020CT013001,PaN1-1,41.797167,-72.22985076904297,7.5,3.964311551,3.918238
S2020CT013001,PaN1-1,41.797167,-72.22985076904297,16.5,4.056773071,1.9278541
S2020CT013001,PaN1-1,41.797167,-72.22985076904297,36.0,0.91268098354339,0.8746923
S2020CT013001,PaN1-1,41.797167,-72.22985076904297,62.5,0.696030744,0.39134216
S2020CT013001,PaN1-1,41.797167,-72.22985076904297,83.0,0.250600667,0.31077734
S2020CT013001,PaN1-1,41.797167,-72.22985076904297,101.5,0.0,0.25091177
S2020CT013002,PaT1-1,41.79724884033203,-72.229722,2.5,3.237992445,4.555127
S2020CT013002,PaT1-1,41.79724884033203,-72.229722,7.5,2.337853183,3.918238
S2020CT013002,PaT1-1,41.79724884033203,-72.229722,17.0,2.34364884099999,1.9278541
S2020CT013002,PaT1-1,41.79724884033203,-72.229722,31.0,0.70616603499999,1.1118608
S2020CT013002,PaT1-1,41.79724884033203,-72.229722,45.0,0.608638077,0.71852297
S2020CT013002,PaT1-1,41.79724884033203,-72.229722,62.0,0.423149367,0.39620513
S2020CT013002,PaT1-1,41.79724884033203,-72.229722,94.0,0.213025745,0.26089126
S2020CT013003,PaT1-2,41.797389,-72.2300556,2.5,3.335775061,4.555127
S2020CT013003,PaT1-2,41.797389,-72.2300556,7.5,2.496328928,3.918238
S2020CT013003,PaT1-2,41.797389,-72.2300556,19.5,2.193573979,1.7200874
S2020CT013003,PaT1-2,41.797389,-72.2300556,34.5,0.618046972,1.006313
S2020CT013003,PaT1-2,41.797389,-72.2300556,56.5,0.252476742,0.45847282
S2020CT013003,PaT1-2,41.797389,-72.2300556,80.0,0.166794631,0.31077734
S2020CT013003,PaT1-2,41.797389,-72.2300556,101.0,0.13767209,0.25091177
S2020CT013004,PaN1-2,41.7975278,-72.2302474975586,2.5,3.909415971,4.555127
S2020CT013004,PaN1-2,41.7975278,-72.2302474975586,7.5,3.20750435,3.918238
S2020CT013004,PaN1-2,41.7975278,-72.2302474975586,16.0,2.88691415899999,2.1349666
S2020CT013004,PaN1-2,41.7975278,-72.2302474975586,28.0,0.785478365,1.3059736
S2020CT013004,PaN1-2,41.7975278,-72.2302474975586,48.5,0.4591418419999999,0.61062104
S2020CT013004,PaN1-2,41.7975278,-72.2302474975586,83.5,0.2700636939999999,0.31077734
S2020CT013006,PaN1-3,41.79774856567383,-72.2305556,2.5,4.73296816199999,4.555127
S2020CT013006,PaN1-3,41.79774856567383,-72.2305556,7.5,3.208573464,3.918238
S2020CT013006,PaN1-3,41.79774856567383,-72.2305556,19.0,3.190376569,1.7456229
S2020CT013006,PaN1-3,41.79774856567383,-72.2305556,29.5,0.910741875,1.176114
S2020CT013006,PaN1-3,41.79774856567383,-72.2305556,48.0,0.405053037,0.62577754
S2020CT013006,PaN1-3,41.79774856567383,-72.2305556,70.5,0.248381755,0.35738277
S2020CT013006,PaN1-3,41.79774856567383,-72.2305556,93.0,0.2089194689999999,0.26089126
S2020CT013005,PaT1-3,41.7975833,-72.2303333,2.5,2.805161836,4.555127
S2020CT013005,PaT1-3,41.7975833,-72.2303333,7.5,1.793886891,3.918238
S2020CT013005,PaT1-3,41.7975833,-72.2303333,17.5,1.6644052459999998,1.9278541
S2020CT013005,PaT1-3,41.7975833,-72.2303333,28.0,0.657202944,1.3059736
S2020CT013005,PaT1-3,41.7975833,-72.2303333,46.0,0.275113774,0.6765863
S2020CT013005,PaT1-3,41.7975833,-72.2303333,76.0,0.219489621,0.32723996
S2020CT013005,PaT1-3,41.7975833,-72.2303333,101.5,0.206026268,0.25091177
S2020CT013007,PaM1-1,41.8184833,-72.2374496459961,2.5,6.721915284999989,5.8158765
S2020CT013007,PaM1-1,41.8184833,-72.2374496459961,7.5,1.7376337039999998,4.654929
S2020CT013007,PaM1-1,41.8184833,-72.2374496459961,16.0,0.808262236,2.5934277
S2020CT013008,PaM1-2,41.81850051879883,-72.2377833,2.5,5.030954708,5.8158765
S2020CT013008,PaM1-2,41.81850051879883,-72.2377833,7.5,5.345057977,4.654929
S2020CT013008,PaM1-2,41.81850051879883,-72.2377833,21.0,1.565592414,2.1010613
S2020CT013008,PaM1-2,41.81850051879883,-72.2377833,41.0,0.587295329,0.8909906
S2020CT013008,PaM1-2,41.81850051879883,-72.2377833,63.5,0.35386000499999,0.492985
S2020CT013008,PaM1-2,41.81850051879883,-72.2377833,90.0,0.276627219,0.36142004
S2020CT013009,PaU1-1,41.8184333,-72.2388333,2.5,10.77628316,5.0276036
S2020CT013009,PaU1-1,41.8184333,-72.2388333,7.5,6.469539688,3.9996748
S2020CT013009,PaU1-1,41.8184333,-72.2388333,17.0,4.54304060299999,2.0501819
S2020CT013009,PaU1-1,41.8184333,-72.2388333,30.0,1.207888611,1.1405357
S2020CT013009,PaU1-1,41.8184333,-72.2388333,53.0,0.49210928199999,0.4741701
S2020CT013009,PaU1-1,41.8184333,-72.2388333,83.5,0.278990781,0.30385944
S2020CT013009,PaU1-1,41.8184333,-72.2388333,103.5,0.2752313939999999,0.26479855
S2020CT013010,PaU1-2,41.818491,-72.238939,2.5,10.14722681,5.0276036
S2020CT013010,PaU1-2,41.818491,-72.238939,7.5,6.609356507,3.9996748
S2020CT013010,PaU1-2,41.818491,-72.238939,12.0,5.18967881299999,2.749028
S2020CT013010,PaU1-2,41.818491,-72.238939,22.5,0.948840849,1.7394263
S2020CT013010,PaU1-2,41.818491,-72.238939,44.5,0.475505136,0.6808636
S2020CT013011,PaM2-1,41.8207833,-72.25135040283203,2.5,8.747855917999999,5.63773
S2020CT013011,PaM2-1,41.8207833,-72.25135040283203,7.5,2.805649042,4.4117384
S2020CT013011,PaM2-1,41.8207833,-72.25135040283203,16.5,1.7193932589999998,2.166611
S2020CT013011,PaM2-1,41.8207833,-72.25135040283203,37.5,0.498345573,0.8320002
S2020CT013011,PaM2-1,41.8207833,-72.25135040283203,56.5,0.355003811,0.50776774
S2020CT013011,PaM2-1,41.8207833,-72.25135040283203,71.0,0.227165749,0.40775293
S2020CT013011,PaM2-1,41.8207833,-72.25135040283203,89.5,0.2410333529999999,0.31996188
S2020CT013012,PaM2-2,41.82099914550781,-72.2543056,2.5,8.877070975999999,5.45644
S2020CT013012,PaM2-2,41.82099914550781,-72.2543056,7.5,2.414188239,4.4714646
S2020CT013012,PaM2-2,41.82099914550781,-72.2543056,14.5,1.59431540966033,2.396737
S2020CT013012,PaM2-2,41.82099914550781,-72.2543056,26.5,0.777297209,1.2865609
S2020CT013012,PaM2-2,41.82099914550781,-72.2543056,41.5,0.529595599,0.6683244
S2020CT013012,PaM2-2,41.82099914550781,-72.2543056,58.0,0.341156403,0.38204232
S2020CT013013,PaU2-1,41.8216111,-72.2532778,2.5,19.45659489,6.006321
S2020CT013013,PaU2-1,41.8216111,-72.2532778,7.5,5.857052498,4.7641506
S2020CT013013,PaU2-1,41.8216111,-72.2532778,17.5,3.314152209,2.2960608
S2020CT013013,PaU2-1,41.8216111,-72.2532778,36.0,0.895834511,0.95741814
S2020CT013013,PaU2-1,41.8216111,-72.2532778,56.5,0.52151594599999,0.48787156
S2020CT013013,PaU2-1,41.8216111,-72.2532778,76.5,0.3944773179999999,0.34772706
S2020CT013013,PaU2-1,41.8216111,-72.2532778,103.5,0.282204515,0.2826504
S2020CT013014,PaU2-2,41.82161667,-72.25332641601562,2.5,9.251728345,6.006321
S2020CT013014,PaU2-2,41.82161667,-72.25332641601562,7.5,3.753917667,4.7641506
S2020CT013014,PaU2-2,41.82161667,-72.25332641601562,16.5,3.130043319,2.2960608
S2020CT013014,PaU2-2,41.82161667,-72.25332641601562,30.0,1.056321996,1.279819
S2020CT013014,PaU2-2,41.82161667,-72.25332641601562,41.5,0.726544751,0.7788441
S2020CT013014,PaU2-2,41.82161667,-72.25332641601562,53.0,0.470811977,0.5172056
S2020CT013015,PaL1-1,41.7995278,-72.188333,2.5,3.792445631,5.8828664
S2020CT013015,PaL1-1,41.7995278,-72.188333,7.5,1.829307158,4.4786286
S2020CT013015,PaL1-1,41.7995278,-72.188333,19.0,2.6390568319999996,2.1648798
S2020CT013015,PaL1-1,41.7995278,-72.188333,36.0,0.6838367359999901,0.94235694
S2020CT013015,PaL1-1,41.7995278,-72.188333,59.0,0.328016852,0.45344278
S2020CT013015,PaL1-1,41.7995278,-72.188333,84.0,0.303083163,0.34599832
S2020CT013015,PaL1-1,41.7995278,-72.188333,103.0,0.209386168,0.30429527
S2020CT013016,PaL1-2,41.7995556,-72.18838889,2.5,5.884748524,5.8828664
S2020CT013016,PaL1-2,41.7995556,-72.18838889,7.5,3.938851398,4.4786286
S2020CT013016,PaL1-2,41.7995556,-72.18838889,17.0,3.14162539,2.3404777
S2020CT013016,PaL1-2,41.7995556,-72.18838889,32.0,0.795029977,1.1650071
S2020CT013016,PaL1-2,41.7995556,-72.18838889,48.5,0.528499763,0.65388024
S2020CT013017,PaL2-1,41.800011,-72.189595,2.5,5.998677646,6.0083194
S2020CT013017,PaL2-1,41.800011,-72.189595,7.5,2.55288761899999,4.661655
S2020CT013017,PaL2-1,41.800011,-72.189595,27.0,1.487573099,1.4847873
S2020CT013017,PaL2-1,41.800011,-72.189595,47.5,0.511138236,0.711841
S2020CT013017,PaL2-1,41.800011,-72.189595,62.0,0.396488806,0.46116856
S2020CT013017,PaL2-1,41.800011,-72.189595,88.0,0.14923554899999,0.3407553
S2020CT013018,PaL2-2,41.8000602722168,-72.18949890136719,2.5,3.002090063,6.0083194
S2020CT013018,PaL2-2,41.8000602722168,-72.18949890136719,7.5,2.458639706,4.661655
S2020CT013018,PaL2-2,41.8000602722168,-72.18949890136719,19.5,1.585302854,2.0968914
S2020CT013018,PaL2-2,41.8000602722168,-72.18949890136719,36.5,1.721872947,0.9512065
S2020CT013018,PaL2-2,41.8000602722168,-72.18949890136719,52.0,0.664276677,0.60043645
S2020CT015004,PaH1-1,41.96549987792969,-71.9745277,2.5,4.23735408599999,2.8630881
S2020CT015004,PaH1-1,41.96549987792969,-71.9745277,7.5,2.94490492399999,2.7789772
S2020CT015004,PaH1-1,41.96549987792969,-71.9745277,21.5,2.252333094,1.878753
S2020CT015004,PaH1-1,41.96549987792969,-71.9745277,42.5,0.693876897,0.65985185
S2020CT015004,PaH1-1,41.96549987792969,-71.9745277,62.5,0.4872179259999999,0.3518912
S2020CT015004,PaH1-1,41.96549987792969,-71.9745277,86.0,0.2692011869999999,0.24629532
S2020CT015005,PaH1-2,41.96552778,-71.9745556,2.5,3.835557236,2.8630881
S2020CT015005,PaH1-2,41.96552778,-71.9745556,7.5,3.384569908,2.7789772
S2020CT015005,PaH1-2,41.96552778,-71.9745556,19.0,2.383247174,2.0600476
S2020CT015005,PaH1-2,41.96552778,-71.9745556,35.5,0.706508901,0.9134857
S2020CT015005,PaH1-2,41.96552778,-71.9745556,58.0,0.552285444,0.38039842
S2020CT015001,PaN2-1,41.9655556,-71.9746667,2.5,2.573148752,2.843492
S2020CT015001,PaN2-1,41.9655556,-71.9746667,7.5,2.155375584,2.767939
S2020CT015001,PaN2-1,41.9655556,-71.9746667,25.0,1.665478825,1.5113102
S2020CT015001,PaN2-1,41.9655556,-71.9746667,44.5,0.698546533,0.65993613
S2020CT015001,PaN2-1,41.9655556,-71.9746667,70.5,0.458093309,0.3230454
S2020CT015001,PaN2-1,41.9655556,-71.9746667,97.0,0.215061047,0.24063954
S2020CT015002,PaN2-2,41.9654722,-71.97463889,2.5,2.792303223,2.843492
S2020CT015002,PaN2-2,41.9654722,-71.97463889,7.5,2.088570876,2.767939
S2020CT015002,PaN2-2,41.9654722,-71.97463889,25.5,2.020406784,1.5113102
S2020CT015002,PaN2-2,41.9654722,-71.97463889,43.0,0.887870911,0.66394764
S2020CT015003,PaN2-3,41.96552778,-71.9746667,2.5,2.704091718,2.843492
S2020CT015003,PaN2-3,41.96552778,-71.9746667,7.5,2.002675188,2.767939
S2020CT015003,PaN2-3,41.96552778,-71.9746667,28.5,1.838591059,1.1838576
S2020CT015003,PaN2-3,41.96552778,-71.9746667,48.0,0.775993637,0.552621
S2020CT013019,PaH2-1,41.7541111,-72.2346389,2.5,5.204555577,3.440607
S2020CT013019,PaH2-1,41.7541111,-72.2346389,7.5,4.828478964,3.0615182
S2020CT013019,PaH2-1,41.7541111,-72.2346389,14.5,1.056756115,2.3477738
S2020CT013019,PaH2-1,41.7541111,-72.2346389,25.5,0.749686681,1.4222115
S2020CT013019,PaH2-1,41.7541111,-72.2346389,36.5,0.603136309,0.7403315
S2020CT013019,PaH2-1,41.7541111,-72.2346389,48.0,0.205852363,0.5561842
S2020CT013019,PaH2-1,41.7541111,-72.2346389,65.0,0.159286397,0.36606404
S2020CT013020,PaH2-2,41.7541389,-72.2345833,2.5,4.928644241,3.440607
S2020CT013020,PaH2-2,41.7541389,-72.2345833,7.5,4.463469933,3.0615182
S2020CT013020,PaH2-2,41.7541389,-72.2345833,17.5,2.687520207,2.2230682
S2020CT013020,PaH2-2,41.7541389,-72.2345833,30.5,0.87572049799999,1.0401901
S2020CT013020,PaH2-2,41.7541389,-72.2345833,44.0,0.62992894649505,0.6192421
S2020CT013021,PaT2-1,41.7537778,-72.2351944,2.5,2.450860701,3.440607
S2020CT013021,PaT2-1,41.7537778,-72.2351944,7.5,2.213197213,3.0615182
S2020CT013021,PaT2-1,41.7537778,-72.2351944,14.5,2.121857958,2.3477738
S2020CT013021,PaT2-1,41.7537778,-72.2351944,24.5,0.445939031,1.4313492
S2020CT013021,PaT2-1,41.7537778,-72.2351944,37.5,0.357056565,0.7175059
S2020CT013021,PaT2-1,41.7537778,-72.2351944,53.5,0.24769505858421,0.45117563
S2020CT013021,PaT2-1,41.7537778,-72.2351944,71.0,0.241645804,0.3380698
S2020CT013021,PaT2-1,41.7537778,-72.2351944,87.0,0.23357184231281,0.25542414
S2020CT013021,PaT2-1,41.7537778,-72.2351944,105.0,0.232326585,0.24826166
S2020CT013022,PaT2-2,41.75379943847656,-72.2351833,2.5,2.10045338599999,3.440607
S2020CT013022,PaT2-2,41.75379943847656,-72.2351833,7.5,2.36069923499999,3.0615182
S2020CT013022,PaT2-2,41.75379943847656,-72.2351833,22.0,1.942484735,1.8125726
S2020CT013022,PaT2-2,41.75379943847656,-72.2351833,34.0,0.919779866,0.97776467
S2020CT013022,PaT2-2,41.75379943847656,-72.2351833,47.5,0.397621372,0.5561842
S2020CT013023,PaT2-3,41.7537833,-72.23521667,2.5,2.48992711299999,3.440607
S2020CT013023,PaT2-3,41.7537833,-72.23521667,7.5,2.157530711,3.0615182
S2020CT013023,PaT2-3,41.7537833,-72.23521667,21.5,0.7494407159999901,1.8709505
S2020CT013023,PaT2-3,41.7537833,-72.23521667,32.0,0.35048972499999,0.99024606
S2020CT013023,PaT2-3,41.7537833,-72.23521667,44.5,0.33778217199999,0.6192421
