DSP_Pedon,DSP_Pedon_ID,final_lat,final_lon,z_mid,observed_SOC_pct,predicted_SOC_pct,predicted_absolute_error,half_width_90,lower_90,upper_90
S2018KS153101,KeCF3-1,39.9519869,-100.89697265625,2.5,1.298786803,1.2045908,0.15302092,0.3262596,0.8783312,1.5308504
S2018KS153101,KeCF3-1,39.9519869,-100.89697265625,7.5,1.347896905,1.3370675,0.13309905,0.2837837,1.0532838,1.6208512
S2018KS153101,KeCF3-1,39.9519869,-100.89697265625,16.5,1.394038814,1.4820102,0.1103408,0.23526028,1.24675,1.7172705
S2018KS153101,KeCF3-1,39.9519869,-100.89697265625,31.5,1.358523671,1.4834559,0.10888237,0.23215073,1.2513051,1.7156067
S2018KS153101,KeCF3-1,39.9519869,-100.89697265625,48.5,1.30281053,1.4879909,0.10726374,0.22869961,1.2592913,1.7166904
S2018KS153101,KeCF3-1,39.9519869,-100.89697265625,65.5,1.370904369,1.3920475,0.17414944,0.37130824,1.0207393,1.7633557
S2018KS153101,KeCF3-1,39.9519869,-100.89697265625,87.0,1.017617978,1.3315585,0.18647873,0.39759582,0.93396264,1.7291543
S2018KS153102,KeCF3-2,39.9521612,-100.8967806,2.5,0.859426784,1.2043204,0.1550835,0.3306573,0.8736631,1.5349777
S2018KS153102,KeCF3-2,39.9521612,-100.8967806,7.5,1.422439024,1.3367809,0.13396163,0.28562284,1.0511581,1.6224037
S2018KS153102,KeCF3-2,39.9521612,-100.8967806,15.5,1.393180246,1.4806885,0.1103408,0.23526028,1.2454282,1.7159487
S2018KS153102,KeCF3-2,39.9521612,-100.8967806,28.5,1.199981955,1.4831514,0.1103408,0.23526028,1.2478912,1.7184117
S2018KS153102,KeCF3-2,39.9521612,-100.8967806,44.0,1.353542374,1.4876858,0.10726374,0.22869961,1.2589862,1.7163854
S2018KS153102,KeCF3-2,39.9521612,-100.8967806,63.5,1.244338646,1.4306061,0.16372624,0.34908468,1.0815215,1.7796907
S2018KS153102,KeCF3-2,39.9521612,-100.8967806,87.5,1.237749962,1.3272061,0.19355915,0.41269216,0.91451395,1.7398983
S2018KS153103,KeCF3-3,39.9521612,-100.8967806,2.5,1.114623921,1.2043204,0.1550835,0.3306573,0.8736631,1.5349777
S2018KS153103,KeCF3-3,39.9521612,-100.8967806,7.5,1.454009804,1.3367809,0.13396163,0.28562284,1.0511581,1.6224037
S2018KS153103,KeCF3-3,39.9521612,-100.8967806,15.5,0.788611771,1.4806885,0.1103408,0.23526028,1.2454282,1.7159487
S2018KS153103,KeCF3-3,39.9521612,-100.8967806,29.0,1.274615425,1.4831514,0.1103408,0.23526028,1.2478912,1.7184117
S2018KS153103,KeCF3-3,39.9521612,-100.8967806,43.5,1.268902496,1.4876858,0.10726374,0.22869961,1.2589862,1.7163854
S2018KS153103,KeCF3-3,39.9521612,-100.8967806,66.5,1.281685964,1.3884662,0.17503335,0.37319282,1.0152735,1.761659
S2018KS153104,KeC3-1,39.978288,-100.868944,2.5,1.3557896,1.2330678,0.14856628,0.31676176,0.916306,1.5498295
S2018KS153104,KeC3-1,39.978288,-100.868944,7.5,1.3557896,1.3566387,0.13926148,0.29692277,1.0597159,1.6535615
S2018KS153104,KeC3-1,39.978288,-100.868944,16.5,1.319496695,1.4490566,0.1244247,0.26528892,1.1837677,1.7143456
S2018KS153104,KeC3-1,39.978288,-100.868944,31.0,1.267764127,1.4517467,0.1244247,0.26528892,1.1864578,1.7170357
S2018KS153104,KeC3-1,39.978288,-100.868944,48.0,1.21216204,1.4590611,0.12130861,0.25864503,1.2004161,1.7177062
S2018KS153104,KeC3-1,39.978288,-100.868944,67.0,1.325972752,1.375958,0.1659991,0.35393068,1.0220273,1.7298887
S2018KS153104,KeC3-1,39.978288,-100.868944,88.5,1.268741182,1.3038616,0.1756508,0.37450933,0.9293523,1.678371
S2018KS153105,KeC3-2,39.978452,-100.868986,2.5,1.316326125,1.2330678,0.14856628,0.31676176,0.916306,1.5498295
S2018KS153105,KeC3-2,39.978452,-100.868986,7.5,1.332111515,1.3566387,0.13926148,0.29692277,1.0597159,1.6535615
S2018KS153105,KeC3-2,39.978452,-100.868986,12.5,1.282124447,1.4354991,0.12927033,0.2756204,1.1598787,1.7111194
S2018KS153105,KeC3-2,39.978452,-100.868986,20.5,1.477289268,1.4495752,0.1244247,0.26528892,1.1842862,1.7148641
S2018KS153105,KeC3-2,39.978452,-100.868986,30.5,1.372451956,1.4517467,0.1244247,0.26528892,1.1864578,1.7170357
S2018KS153105,KeC3-2,39.978452,-100.868986,45.0,1.27401251,1.4590611,0.12130861,0.25864503,1.2004161,1.7177062
S2018KS153105,KeC3-2,39.978452,-100.868986,70.5,1.313044574,1.3711717,0.16831607,0.35887074,1.012301,1.7300425
S2018KS153105,KeC3-2,39.978452,-100.868986,93.0,1.334554492,1.297414,0.17522658,0.37360483,0.9238091,1.6710188
S2018KS153106,KeC3-3,39.9783659,-100.8687585,2.5,1.252307599,1.2330678,0.14894201,0.31756285,0.91550493,1.5506306
S2018KS153106,KeC3-3,39.9783659,-100.8687585,7.5,1.210213226,1.3566387,0.13963418,0.2977174,1.0589213,1.654356
S2018KS153106,KeC3-3,39.9783659,-100.8687585,14.0,1.258446362,1.4455196,0.12499629,0.26650763,1.179012,1.7120272
S2018KS153106,KeC3-3,39.9783659,-100.8687585,23.5,1.427461648,1.4511725,0.12479254,0.2660732,1.1850992,1.7172457
S2018KS153106,KeC3-3,39.9783659,-100.8687585,35.0,1.348335388,1.4536252,0.12306708,0.2623943,1.1912309,1.7160195
S2018KS153106,KeC3-3,39.9783659,-100.8687585,49.0,1.303390875,1.4590611,0.121675424,0.2594271,1.1996341,1.7184882
S2018KS153106,KeC3-3,39.9783659,-100.8687585,66.5,1.313141353,1.375958,0.16506769,0.3519448,1.0240132,1.7279028
S2018KS153106,KeC3-3,39.9783659,-100.8687585,88.0,1.225194731,1.3091826,0.17435922,0.3717555,0.93742716,1.6809381
S2018KS153107,KeN3-1,39.9736474,-100.8692162,2.5,1.056744158,1.2423894,0.16914299,0.36063385,0.8817556,1.6030233
S2018KS153107,KeN3-1,39.9736474,-100.8692162,7.5,1.420685092,1.3656976,0.16040358,0.34200037,1.0236973,1.707698
S2018KS153107,KeN3-1,39.9736474,-100.8692162,17.5,1.254736121,1.494565,0.13592786,0.28981507,1.20475,1.7843801
S2018KS153107,KeN3-1,39.9736474,-100.8692162,34.0,1.301668263,1.4998579,0.13448624,0.28674138,1.2131165,1.7865993
S2018KS153107,KeN3-1,39.9736474,-100.8692162,50.0,1.35582614,1.5053962,0.13291322,0.28338748,1.2220087,1.7887838
S2018KS153107,KeN3-1,39.9736474,-100.8692162,70.0,1.164903311,1.403973,0.18312162,0.39043805,1.0135349,1.7944111
S2018KS153107,KeN3-1,39.9736474,-100.8692162,91.5,1.348993112,1.3346674,0.19149093,0.40828246,0.926385,1.74295
S2018KS153108,KeN3-2,39.9739409,-100.8692095,2.5,0.686664461,1.2423894,0.16914299,0.36063385,0.8817556,1.6030233
S2018KS153108,KeN3-2,39.9739409,-100.8692095,7.5,1.275985684,1.3656976,0.16040358,0.34200037,1.0236973,1.707698
S2018KS153108,KeN3-2,39.9739409,-100.8692095,17.5,1.297909837,1.494565,0.13592786,0.28981507,1.20475,1.7843801
S2018KS153108,KeN3-2,39.9739409,-100.8692095,35.0,1.330169661,1.4998579,0.13448624,0.28674138,1.2131165,1.7865993
S2018KS153108,KeN3-2,39.9739409,-100.8692095,58.0,1.348136077,1.4921678,0.14244792,0.30371666,1.1884512,1.7958845
S2018KS153108,KeN3-2,39.9739409,-100.8692095,78.0,1.431647168,1.3744063,0.18679413,0.39826828,0.97613806,1.7726746
S2018KS153108,KeN3-2,39.9739409,-100.8692095,92.5,1.33862612,1.3346674,0.19149093,0.40828246,0.926385,1.74295
S2018KS153109,KeN3-3,39.9737363,-100.8690184,2.5,0.734897597,1.1815972,0.1617421,0.34485427,0.836743,1.5264515
S2018KS153109,KeN3-3,39.9737363,-100.8690184,7.5,1.158472226,1.3053561,0.15331408,0.32688466,0.9784715,1.6322408
S2018KS153109,KeN3-3,39.9737363,-100.8690184,18.0,1.290236383,1.4302775,0.13673879,0.29154408,1.1387334,1.7218215
S2018KS153109,KeN3-3,39.9737363,-100.8690184,35.0,1.237691498,1.435434,0.13422303,0.28618017,1.1492538,1.7216141
S2018KS153109,KeN3-3,39.9737363,-100.8690184,54.5,1.301807464,1.4325023,0.14200139,0.3027646,1.1297376,1.7352669
S2018KS153109,KeN3-3,39.9737363,-100.8690184,72.0,1.30271227,1.3223612,0.19345272,0.4124652,0.909896,1.7348264
S2018KS153109,KeN3-3,39.9737363,-100.8690184,89.5,1.189385281,1.2803589,0.19988552,0.42618075,0.8541782,1.7065396
S2018KS179104,KeCF1-1,39.2447359,-100.5431538,2.5,1.495227211,1.1792558,0.1503704,0.32060838,0.85864747,1.4998642
S2018KS179104,KeCF1-1,39.2447359,-100.5431538,7.5,1.26107726,1.3038814,0.1420379,0.30284244,1.001039,1.6067238
S2018KS179104,KeCF1-1,39.2447359,-100.5431538,14.0,1.396568524,1.4357646,0.124074884,0.26454306,1.1712215,1.7003076
S2018KS179104,KeCF1-1,39.2447359,-100.5431538,22.5,1.426531532,1.440416,0.122957885,0.2621615,1.1782545,1.7025775
S2018KS179104,KeCF1-1,39.2447359,-100.5431538,32.0,1.518466812,1.4413205,0.12165308,0.25937948,1.181941,1.7007
S2018KS179104,KeCF1-1,39.2447359,-100.5431538,48.0,1.168358026,1.4446414,0.12010758,0.2560843,1.188557,1.7007257
S2018KS179104,KeCF1-1,39.2447359,-100.5431538,79.5,1.149574228,1.3358982,0.16711053,0.3563004,0.97959775,1.6921985
S2018KS179105,KeCF1-2,39.2450134,-100.5430643,2.5,1.275108718,1.180338,0.14420307,0.30745885,0.87287915,1.4877969
S2018KS179105,KeCF1-2,39.2450134,-100.5430643,7.5,1.3557896,1.3038814,0.13761388,0.29340988,1.0104716,1.5972912
S2018KS179105,KeCF1-2,39.2450134,-100.5430643,14.0,1.470562539,1.4357646,0.12054357,0.25701386,1.1787508,1.6927783
S2018KS179105,KeCF1-2,39.2450134,-100.5430643,25.0,1.24811069,1.4413205,0.119430035,0.25463966,1.1866809,1.6959602
S2018KS179105,KeCF1-2,39.2450134,-100.5430643,38.5,1.282731577,1.4421324,0.11659904,0.24860363,1.1935288,1.6907359
S2018KS179105,KeCF1-2,39.2450134,-100.5430643,55.5,1.019368697,1.4376497,0.12342485,0.2631571,1.1744926,1.7008069
S2018KS179105,KeCF1-2,39.2450134,-100.5430643,83.0,1.077352861,1.3281319,0.16826186,0.35875517,0.96937674,1.686887
S2018KS179106,KeCF1-3,39.2447102,-100.5427146,2.5,1.06288292,1.1792558,0.1503704,0.32060838,0.85864747,1.4998642
S2018KS179106,KeCF1-3,39.2447102,-100.5427146,7.5,1.259323328,1.3038814,0.1420379,0.30284244,1.001039,1.6067238
S2018KS179106,KeCF1-3,39.2447102,-100.5427146,14.0,1.093467113,1.4357646,0.124074884,0.26454306,1.1712215,1.7003076
S2018KS179106,KeCF1-3,39.2447102,-100.5427146,61.5,1.265377223,1.4152184,0.1572184,0.33520913,1.0800092,1.7504275
S2018KS179106,KeCF1-3,39.2447102,-100.5427146,86.0,1.411671829,1.3196802,0.16991435,0.3622785,0.95740175,1.6819587
S2018KS179106,KeCF1-3,39.2447102,-100.5427146,97.5,1.571523262,1.3122605,0.16985953,0.3621616,0.9500989,1.6744221
S2018KS179107,KeN1-1,39.249205,-100.56165313720705,2.5,1.153210429,1.1675766,0.15401071,0.32836998,0.8392066,1.4959465
S2018KS179107,KeN1-1,39.249205,-100.56165313720705,7.5,1.247045803,1.2731822,0.14606372,0.31142598,0.96175617,1.5846081
S2018KS179107,KeN1-1,39.249205,-100.56165313720705,16.5,0.795992902,1.3978037,0.13328831,0.28418723,1.1136165,1.6819909
S2018KS179107,KeN1-1,39.249205,-100.56165313720705,33.5,1.210944031,1.3998141,0.13182478,0.2810668,1.1187474,1.6808809
S2018KS179107,KeN1-1,39.249205,-100.56165313720705,56.0,1.239654231,1.3859041,0.1386642,0.2956493,1.0902548,1.6815534
S2018KS179107,KeN1-1,39.249205,-100.56165313720705,74.0,0.988779284,1.2801911,0.18432583,0.39300555,0.8871855,1.6731966
S2018KS179107,KeN1-1,39.249205,-100.56165313720705,90.0,1.109362124,1.2514759,0.18338232,0.39099386,0.8604821,1.6424698
S2018KS179108,KeN1-2,39.249205,-100.56165313720705,2.5,0.885735767,1.1675766,0.15401071,0.32836998,0.8392066,1.4959465
S2018KS179108,KeN1-2,39.249205,-100.56165313720705,7.5,1.083053141,1.2731822,0.14606372,0.31142598,0.96175617,1.5846081
S2018KS179108,KeN1-2,39.249205,-100.56165313720705,19.0,1.180688701,1.3978037,0.13328831,0.28418723,1.1136165,1.6819909
S2018KS179108,KeN1-2,39.249205,-100.56165313720705,35.0,1.234768277,1.3998141,0.13182478,0.2810668,1.1187474,1.6808809
S2018KS179108,KeN1-2,39.249205,-100.56165313720705,53.0,1.099749226,1.3872179,0.1386642,0.2956493,1.0915686,1.6828672
S2018KS179108,KeN1-2,39.249205,-100.56165313720705,75.0,1.16479891,1.2801911,0.18432583,0.39300555,0.8871855,1.6731966
S2018KS179108,KeN1-2,39.249205,-100.56165313720705,93.0,1.148240955,1.2581491,0.18338232,0.39099386,0.8671553,1.649143
S2018KS179109,KeN1-3,39.249205,-100.56165313720705,2.5,0.848903191,1.1675766,0.15401071,0.32836998,0.8392066,1.4959465
S2018KS179109,KeN1-3,39.249205,-100.56165313720705,7.5,1.210213226,1.2731822,0.14606372,0.31142598,0.96175617,1.5846081
S2018KS179109,KeN1-3,39.249205,-100.56165313720705,18.0,1.181437776,1.3978037,0.13328831,0.28418723,1.1136165,1.6819909
S2018KS179109,KeN1-3,39.249205,-100.56165313720705,33.5,1.201199963,1.3998141,0.13182478,0.2810668,1.1187474,1.6808809
S2018KS179109,KeN1-3,39.249205,-100.56165313720705,50.0,0.991180501,1.4030786,0.13025546,0.2777208,1.1253577,1.6807994
S2018KS179109,KeN1-3,39.249205,-100.56165313720705,69.5,1.177640199,1.3001448,0.18005534,0.38390034,0.91624445,1.6840451
S2018KS179109,KeN1-3,39.249205,-100.56165313720705,90.0,1.096207632,1.2514759,0.18338232,0.39099386,0.8604821,1.6424698
S2018KS179110,KeC1-1,39.244626,-100.557271,2.5,1.11023909,1.2393117,0.1479187,0.31538105,0.92393064,1.5546927
S2018KS179110,KeC1-1,39.244626,-100.557271,7.5,1.420685092,1.355421,0.1385043,0.29530835,1.0601126,1.6507293
S2018KS179110,KeC1-1,39.244626,-100.557271,16.5,1.269239791,1.4468125,0.119927056,0.25569937,1.1911131,1.7025119
S2018KS179110,KeC1-1,39.244626,-100.557271,29.5,1.277334863,1.4490399,0.119927056,0.25569937,1.1933405,1.7047393
S2018KS179110,KeC1-1,39.244626,-100.557271,45.0,1.324462422,1.4533246,0.116930015,0.24930932,1.2040153,1.7026339
S2018KS179110,KeC1-1,39.244626,-100.557271,61.5,1.403438092,1.4246118,0.15575092,0.3320803,1.0925314,1.7566922
S2018KS179110,KeC1-1,39.244626,-100.557271,78.0,1.287678566,1.3327483,0.17266962,0.36815307,0.9645952,1.7009014
S2018KS179110,KeC1-1,39.244626,-100.557271,93.5,1.111048597,1.2933105,0.18077861,0.38544244,0.9078681,1.6787529
S2018KS179111,KeC1-2,39.244626,-100.557271,2.5,1.268092989,1.2393117,0.1479187,0.31538105,0.92393064,1.5546927
S2018KS179111,KeC1-2,39.244626,-100.557271,7.5,1.313695227,1.355421,0.1385043,0.29530835,1.0601126,1.6507293
S2018KS179111,KeC1-2,39.244626,-100.557271,17.5,1.305217888,1.4468125,0.119927056,0.25569937,1.1911131,1.7025119
S2018KS179111,KeC1-2,39.244626,-100.557271,30.5,1.313456054,1.4490399,0.119927056,0.25569937,1.1933405,1.7047393
S2018KS179111,KeC1-2,39.244626,-100.557271,47.5,1.327269137,1.4533246,0.116930015,0.24930932,1.2040153,1.7026339
S2018KS179111,KeC1-2,39.244626,-100.557271,68.5,1.201212785,1.3728768,0.16525863,0.35235193,1.0205249,1.7252287
S2018KS179111,KeC1-2,39.244626,-100.557271,89.0,1.077273137,1.3055704,0.17797185,0.3794581,0.9261123,1.6850284
S2018KS179112,KeC1-3,39.244626,-100.557271,2.5,0.989217767,1.2393117,0.1479187,0.31538105,0.92393064,1.5546927
S2018KS179112,KeC1-3,39.244626,-100.557271,7.5,1.182150311,1.355421,0.1385043,0.29530835,1.0601126,1.6507293
S2018KS179112,KeC1-3,39.244626,-100.557271,17.0,1.181085423,1.4468125,0.119927056,0.25569937,1.1911131,1.7025119
S2018KS179112,KeC1-3,39.244626,-100.557271,31.0,1.235582603,1.4490399,0.119927056,0.25569937,1.1933405,1.7047393
S2018KS193101,KeC2-1,39.3817794,-101.0631493,2.5,0.933968903,1.2088364,0.14672394,0.31283367,0.89600277,1.5216701
S2018KS193101,KeC2-1,39.3817794,-101.0631493,7.5,1.140932904,1.3352423,0.13770512,0.2936044,1.0416379,1.6288466
S2018KS193101,KeC2-1,39.3817794,-101.0631493,16.0,1.221540705,1.4241792,0.12901337,0.27507254,1.1491066,1.6992518
S2018KS193101,KeC2-1,39.3817794,-101.0631493,32.0,1.319614748,1.4268419,0.12551577,0.26761523,1.1592267,1.694457
S2018KS193101,KeC2-1,39.3817794,-101.0631493,49.0,1.382474426,1.4310876,0.122005515,0.2601309,1.1709567,1.6912185
S2018KS193101,KeC2-1,39.3817794,-101.0631493,62.5,1.368067125,1.3967992,0.16040106,0.34199497,1.0548042,1.7387942
S2018KS193101,KeC2-1,39.3817794,-101.0631493,76.5,1.256107786,1.310604,0.17387854,0.37073064,0.93987334,1.6813346
S2018KS193101,KeC2-1,39.3817794,-101.0631493,92.0,1.242825403,1.2654628,0.1802857,0.38439152,0.8810712,1.6498543
S2018KS193102,KeC2-2,39.3815262,-101.0632519,2.5,1.382098583,1.2059586,0.15119879,0.32237458,0.883584,1.5283332
S2018KS193102,KeC2-2,39.3815262,-101.0632519,7.5,1.451378905,1.3234982,0.1456028,0.31044325,1.013055,1.6339415
S2018KS193102,KeC2-2,39.3815262,-101.0632519,16.5,1.447331369,1.4143131,0.1336666,0.2849938,1.1293193,1.6993068
S2018KS193102,KeC2-2,39.3815262,-101.0632519,31.5,1.266184298,1.416965,0.1320034,0.28144765,1.1355174,1.6984127
S2018KS193102,KeC2-2,39.3815262,-101.0632519,48.0,1.334358741,1.4211935,0.12925337,0.27558425,1.1456093,1.6967777
S2018KS193102,KeC2-2,39.3815262,-101.0632519,62.5,1.224716896,1.3871491,0.16429454,0.35029638,1.0368527,1.7374455
S2018KS193102,KeC2-2,39.3815262,-101.0632519,74.0,1.274231752,1.3041663,0.18283853,0.38983446,0.91433185,1.6940007
S2018KS193102,KeC2-3,39.3816973,-101.0629297,89.5,1.297544434,1.2675717,0.1802857,0.38439152,0.88318014,1.6519632
S2018KS193103,KeC2-3,39.3816973,-101.0629297,2.5,1.15759526,1.2088364,0.14672394,0.31283367,0.89600277,1.5216701
S2018KS193103,KeC2-3,39.3816973,-101.0629297,7.5,1.404899702,1.3352423,0.13770512,0.2936044,1.0416379,1.6288466
S2018KS193103,KeC2-3,39.3816973,-101.0629297,18.0,1.356008841,1.4241792,0.12901337,0.27507254,1.1491066,1.6992518
S2018KS193103,KeC2-3,39.3816973,-101.0629297,33.0,1.28694776,1.4268419,0.12542823,0.26742855,1.1594133,1.6942704
S2018KS193103,KeC2-3,39.3816973,-101.0629297,46.0,1.357105049,1.4310876,0.122005515,0.2601309,1.1709567,1.6912185
S2018KS193103,KeC2-3,39.3816973,-101.0629297,59.0,1.372765158,1.4195653,0.13696122,0.29201832,1.127547,1.7115836
S2018KS193103,KeC2-3,39.3816973,-101.0629297,73.5,1.328019006,1.310604,0.17387854,0.37073064,0.93987334,1.6813346
S2018KS193103,KeC2-3,39.3816973,-101.0629297,90.5,1.334373164,1.2614827,0.1802857,0.38439152,0.87709117,1.6458743
S2018KS193104,KeN2-1,39.3843208,-101.0636022,2.5,0.917306547,1.166966,0.1650035,0.35180795,0.815158,1.5187739
S2018KS193104,KeN2-1,39.3843208,-101.0636022,7.5,1.208459294,1.2860763,0.1501367,0.32011008,0.9659662,1.6061864
S2018KS193104,KeN2-1,39.3843208,-101.0636022,17.5,1.205828396,1.4256207,0.13555676,0.28902385,1.1365968,1.7146446
S2018KS193104,KeN2-1,39.3843208,-101.0636022,34.5,1.196135612,1.4289062,0.13099886,0.27930585,1.1496004,1.708212
S2018KS193104,KeN2-1,39.3843208,-101.0636022,57.0,1.228764432,1.4262495,0.13973656,0.2979357,1.1283138,1.7241852
S2018KS193104,KeN2-1,39.3843208,-101.0636022,79.0,1.274280472,1.3095065,0.19419245,0.41404244,0.89546406,1.723549
S2018KS193104,KeN2-1,39.3843208,-101.0636022,94.0,1.414107846,1.2890399,0.1944756,0.41464615,0.8743937,1.703686
S2018KS193105,KeN2-2,39.3840397,-101.0636425,2.5,0.81294758,1.1637139,0.16352965,0.3486655,0.81504846,1.5123794
S2018KS193105,KeN2-2,39.3840397,-101.0636425,7.5,1.010264954,1.2826455,0.1517996,0.3236556,0.95898986,1.6063011
S2018KS193105,KeN2-2,39.3840397,-101.0636425,18.0,1.251321012,1.4219804,0.12372896,0.2638055,1.1581749,1.6857859
S2018KS193105,KeN2-2,39.3840397,-101.0636425,36.0,1.242880214,1.4257314,0.12138449,0.2588068,1.1669246,1.6845382
S2018KS193105,KeN2-2,39.3840397,-101.0636425,57.5,1.157023325,1.4191651,0.13057122,0.27839404,1.1407712,1.6975591
S2018KS193105,KeN2-2,39.3840397,-101.0636425,81.0,1.333901987,1.2874917,0.19690077,0.41981688,0.8676748,1.7073085
S2018KS193105,KeN2-2,39.3840397,-101.0636425,96.5,1.425069922,1.2590495,0.20179488,0.43025175,0.8287978,1.6893013
S2018KS193106,KeN2-3,39.384217,-101.063449,2.5,0.755067817,1.1637139,0.16352965,0.3486655,0.81504846,1.5123794
S2018KS193106,KeN2-3,39.384217,-101.063449,7.5,1.274231752,1.2826455,0.1517996,0.3236556,0.95898986,1.6063011
S2018KS193106,KeN2-3,39.384217,-101.063449,17.5,1.104977293,1.4219804,0.12372896,0.2638055,1.1581749,1.6857859
S2018KS193106,KeN2-3,39.384217,-101.063449,34.5,1.008049461,1.4252611,0.121610425,0.25928852,1.1659726,1.6845497
S2018KS193106,KeN2-3,39.384217,-101.063449,50.0,1.129093861,1.429504,0.117610276,0.25075972,1.1787443,1.6802638
S2018KS193106,KeN2-3,39.384217,-101.063449,69.0,1.31662969,1.3231354,0.20386417,0.43466374,0.8884716,1.7577991
S2018KS193106,KeN2-3,39.384217,-101.063449,91.0,1.292306998,1.2561578,0.20179488,0.43025175,0.82590604,1.6864095
C1B,CeC1-2,35.73571014404297,-78.68135070800781,2.5,1.536133195,1.3833954,0.17168853,0.36606127,1.0173342,1.7494566
C1B,CeC1-2,35.73571014404297,-78.68135070800781,7.5,1.83819412,1.3860273,0.17168853,0.36606127,1.0199661,1.7520885
C1B,CeC1-2,35.73571014404297,-78.68135070800781,17.0,0.859146172,1.4310417,0.15809576,0.3370798,1.093962,1.7681215
C1B,CeC1-2,35.73571014404297,-78.68135070800781,42.5,1.706353197,1.4324207,0.15206794,0.32422775,1.1081929,1.7566485
C1B,CeC1-2,35.73571014404297,-78.68135070800781,80.5,1.891973333,1.123412,0.23176654,0.49415505,0.62925696,1.6175671
C1C,CeC1-3,35.735939025878906,-78.68177032470703,2.5,1.537952109,1.3660876,0.17660186,0.37653708,0.9895505,1.7426246
C1C,CeC1-3,35.735939025878906,-78.68177032470703,7.5,1.678978546,1.3687004,0.17660186,0.37653708,0.9921633,1.7452375
C1C,CeC1-3,35.735939025878906,-78.68177032470703,38.0,1.656120865,1.4111273,0.16560635,0.3530933,1.0580341,1.7642206
C1C,CeC1-3,35.735939025878906,-78.68177032470703,77.5,1.764467487,1.1079259,0.23182309,0.4942756,0.6136503,1.6022015
C1Pit,CeC1-1,35.735469818115234,-78.68930053710938,2.5,0.870713957,1.2462301,0.19558449,0.41701043,0.8292197,1.6632406
C1Pit,CeC1-1,35.735469818115234,-78.68930053710938,7.5,1.541044262,1.2791756,0.19440842,0.4145029,0.8646728,1.6936785
C1Pit,CeC1-1,35.735469818115234,-78.68930053710938,31.0,1.582248168,1.3681517,0.18776459,0.4003374,0.96781427,1.7684891
C1Pit,CeC1-1,35.735469818115234,-78.68930053710938,55.5,1.668044854,1.3283256,0.21219493,0.45242596,0.8758997,1.7807516
C1Pit,CeC1-1,35.735469818115234,-78.68930053710938,84.5,1.912587688,0.9718387,0.2549265,0.54353493,0.42830378,1.5153737
C2A,CeC2-1,35.727909088134766,-78.6749496459961,2.5,1.182778907,1.3516091,0.17714109,0.3776868,0.9739223,1.729296
C2A,CeC2-1,35.727909088134766,-78.6749496459961,7.5,1.31531708,1.3556228,0.17704707,0.37748635,0.9781364,1.7331091
C2A,CeC2-1,35.727909088134766,-78.6749496459961,17.5,1.687951854,1.3972088,0.169013,0.3603567,1.0368521,1.7575655
C2A,CeC2-1,35.727909088134766,-78.6749496459961,71.5,1.865538455,1.1053718,0.23741238,0.5061927,0.59917915,1.6115645
C2B,CeC2-2,35.7276496887207,-78.67524719238281,2.5,1.67946359,1.354834,0.17714109,0.3776868,0.97714716,1.7325208
C2B,CeC2-2,35.7276496887207,-78.67524719238281,7.5,1.67146037,1.3588532,0.17704707,0.37748635,0.9813669,1.7363396
C2B,CeC2-2,35.7276496887207,-78.67524719238281,49.0,1.838436642,1.4021894,0.16698475,0.35603222,1.0461571,1.7582216
C2B,CeC2-2,35.7276496887207,-78.67524719238281,82.0,1.811880503,1.0971998,0.23628221,0.50378305,0.59341675,1.6009829
C2C,CeC2-3,35.72739028930664,-78.67555236816406,2.5,1.404807631,1.354834,0.17714109,0.3776868,0.97714716,1.7325208
C2C,CeC2-3,35.72739028930664,-78.67555236816406,7.5,1.570935076,1.3588532,0.17704707,0.37748635,0.9813669,1.7363396
C2C,CeC2-3,35.72739028930664,-78.67555236816406,36.0,1.636415967,1.4001174,0.16836956,0.35898483,1.0411326,1.7591022
C2C,CeC2-3,35.72739028930664,-78.67555236816406,73.0,1.767317119,1.1100715,0.2388171,0.5091877,0.60088384,1.6192592
C3A,CeC3-1,35.724510192871094,-78.67194366455078,2.5,1.445915079,1.3463311,0.19413483,0.41391957,0.93241155,1.7602507
C3A,CeC3-1,35.724510192871094,-78.67194366455078,7.5,1.696318856,1.3499303,0.19413483,0.41391957,0.9360107,1.7638499
C3A,CeC3-1,35.724510192871094,-78.67194366455078,29.5,1.758586333,1.3877965,0.1908066,0.40682337,0.9809731,1.7946199
C3B,CeC3-2,35.72481155395508,-78.67194366455078,2.5,1.597733737,1.3463311,0.19413483,0.41391957,0.93241155,1.7602507
C3B,CeC3-2,35.72481155395508,-78.67194366455078,7.5,1.520005495,1.3499303,0.19413483,0.41391957,0.9360107,1.7638499
C3B,CeC3-2,35.72481155395508,-78.67194366455078,24.5,1.841468164,1.3877965,0.1908066,0.40682337,0.9809731,1.7946199
C3C,CeC3-3,35.7251091003418,-78.67194366455078,2.5,1.703715772,1.3463311,0.19413483,0.41391957,0.93241155,1.7602507
C3C,CeC3-3,35.7251091003418,-78.67194366455078,7.5,1.843044556,1.3499303,0.19413483,0.41391957,0.9360107,1.7638499
C3C,CeC3-3,35.7251091003418,-78.67194366455078,94.5,1.774532143,0.98080325,0.2574923,0.54900557,0.43179768,1.5298088
F3B,CeF3-2,35.72618865966797,-78.66951751708984,2.5,1.667216238,1.229557,0.19018076,0.405489,0.82406807,1.635046
F3B,CeF3-2,35.72618865966797,-78.66951751708984,7.5,1.986738733,1.2672186,0.18696275,0.39862782,0.8685908,1.6658463
F3PIT,CeF3-1,35.72611999511719,-78.66969299316406,2.5,0.311519275,1.2459315,0.18764073,0.40007332,0.8458582,1.6460048
F3PIT,CeF3-1,35.72611999511719,-78.66969299316406,7.5,1.276998633,1.2699548,0.18647248,0.39758247,0.8723723,1.6675372
F3PIT,CeF3-1,35.72611999511719,-78.66969299316406,25.0,1.448764711,1.3581624,0.1750404,0.37320787,0.98495454,1.7313702
F3PIT,CeF3-1,35.72611999511719,-78.66969299316406,55.0,1.686981766,1.3196725,0.19840808,0.42303067,0.8966418,1.7427032
F3PIT,CeF3-1,35.72611999511719,-78.66969299316406,85.0,1.733727847,1.0257769,0.23971577,0.5111038,0.51467305,1.5368807
P1A,CeH1-1,35.73408889770508,-78.68048095703125,2.5,1.052908473,1.3244536,0.17898223,0.38161233,0.9428413,1.7060659
P1A,CeH1-1,35.73408889770508,-78.68048095703125,7.5,1.676189545,1.339253,0.17620362,0.37568802,0.96356493,1.714941
P1A,CeH1-1,35.73408889770508,-78.68048095703125,87.5,1.965214922,1.0551124,0.22382522,0.47722316,0.5778892,1.5323355
P1B,CeH1-2,35.73442840576172,-78.680419921875,2.5,0.898058292,1.3345094,0.17620362,0.37568802,0.95882136,1.7101974
P1B,CeH1-2,35.73442840576172,-78.680419921875,7.5,1.457919909,1.3433213,0.17620362,0.37568802,0.9676333,1.7190094
P1B,CeH1-2,35.73442840576172,-78.680419921875,16.5,1.52723451,1.3925643,0.1670235,0.35611483,1.0364494,1.7486792
P1B,CeH1-2,35.73442840576172,-78.680419921875,36.0,1.689649506,1.3921866,0.16388763,0.3494288,1.0427579,1.7416154
P1B,CeH1-2,35.73442840576172,-78.680419921875,74.5,1.616589809,1.0969827,0.22995985,0.49030295,0.6066798,1.5872856
P1PIT,CeH1-3,35.734771728515625,-78.68035888671875,2.5,1.380434188,1.3345094,0.17620362,0.37568802,0.95882136,1.7101974
P1PIT,CeH1-3,35.734771728515625,-78.68035888671875,7.5,1.801755217,1.3433213,0.17620362,0.37568802,0.9676333,1.7190094
P1PIT,CeH1-3,35.734771728515625,-78.68035888671875,38.5,1.78073767,1.3921866,0.16250813,0.34648752,1.0456991,1.7386742
P2A,CeH2-1,35.7287712097168,-78.67504119873047,2.5,1.25529293,1.3130335,0.18225005,0.38857976,0.92445374,1.7016132
P2A,CeH2-1,35.7287712097168,-78.67504119873047,7.5,1.796116584,1.3221465,0.1821879,0.38844723,0.9336993,1.7105937
P2A,CeH2-1,35.7287712097168,-78.67504119873047,46.0,1.83558701,1.3685395,0.1733778,0.369663,0.99887645,1.7382025
P2B,CeH2-2,35.72871017456055,-78.6747817993164,2.5,1.386861016,1.3107332,0.18225005,0.38857976,0.9221535,1.6993129
P2B,CeH2-2,35.72871017456055,-78.6747817993164,7.5,1.728574258,1.3198372,0.1821879,0.38844723,0.93139,1.7082844
P2B,CeH2-2,35.72871017456055,-78.6747817993164,36.5,1.859111627,1.3675442,0.1744865,0.3720269,0.99551725,1.7395711
P2B,CeH2-2,35.72871017456055,-78.6747817993164,79.0,1.693893638,1.0405855,0.23606442,0.50331867,0.53726685,1.5439042
P2C,CeH2-3,35.7286491394043,-78.67452239990234,2.5,1.221097354,1.3099803,0.18244992,0.3890059,0.9209744,1.6989862
P2C,CeH2-3,35.7286491394043,-78.67452239990234,7.5,1.552867201,1.3190812,0.18244992,0.3890059,0.9300753,1.7080871
P2C,CeH2-3,35.7286491394043,-78.67452239990234,16.0,1.938355631,1.3671463,0.17744565,0.37833616,0.98881006,1.7454824
P2C,CeH2-3,35.7286491394043,-78.67452239990234,37.0,1.563841313,1.3667727,0.17374422,0.37044424,0.9963284,1.737217
P2C,CeH2-3,35.7286491394043,-78.67452239990234,76.0,1.73421289,1.0349928,0.23707697,0.50547755,0.52951527,1.5404704
P3A,CeH3-1,35.732460021972656,-78.67191314697266,2.5,1.531282759,1.2962172,0.17443168,0.37191,0.9243072,1.6681272
P3A,CeH3-1,35.732460021972656,-78.67191314697266,7.5,1.756585528,1.3062718,0.17064857,0.36384395,0.9424279,1.6701157
P3A,CeH3-1,35.732460021972656,-78.67191314697266,35.0,1.688073115,1.3525306,0.16747373,0.3570748,0.9954558,1.7096055
P3A,CeH3-1,35.732460021972656,-78.67191314697266,63.5,1.879786612,1.1723961,0.2223855,0.4741535,0.69824255,1.6465496
P3B,CeH3-2,35.73284912109375,-78.67204284667969,2.5,1.366367923,1.2965616,0.1784175,0.3804083,0.9161533,1.6769699
P3B,CeH3-2,35.73284912109375,-78.67204284667969,7.5,1.602462913,1.3066176,0.17611739,0.37550414,0.9311135,1.6821218
P3B,CeH3-2,35.73284912109375,-78.67204284667969,17.0,1.957064457,1.3503702,0.17364569,0.37023416,0.98013604,1.7206043
P3B,CeH3-2,35.73284912109375,-78.67204284667969,34.0,1.619852829,1.3499992,0.171554,0.36577442,0.9842248,1.7157736
P3C,CeH3-3,35.73324966430664,-78.67214965820312,2.5,1.565720857,1.2965616,0.1784175,0.3804083,0.9161533,1.6769699
P3C,CeH3-3,35.73324966430664,-78.67214965820312,7.5,1.722511213,1.3066176,0.17611739,0.37550414,0.9311135,1.6821218
P3C,CeH3-3,35.73324966430664,-78.67214965820312,15.0,1.884394526,1.3511981,0.17364569,0.37023416,0.98096395,1.7214322
P3C,CeH3-3,35.73324966430664,-78.67214965820312,28.0,1.381085966,1.3499992,0.17364569,0.37023416,0.97976506,1.7202333
P3C,CeH3-3,35.73324966430664,-78.67214965820312,68.0,1.915255428,1.0693138,0.2323866,0.4954771,0.5738367,1.5647908
NAT_R1,NAT-1-1,32.060626,-102.406408,2.5,1.54,1.3628392,0.13407041,0.28585476,1.0769844,1.648694
NAT_R1,NAT-1-1,32.060626,-102.406408,7.5,1.58,1.3808594,0.13129617,0.27993974,1.1009196,1.6607991
NAT_R1,NAT-1-1,32.060626,-102.406408,20.0,1.64,1.4401143,0.11537075,0.24598476,1.1941295,1.686099
NAT_R1,NAT-1-1,32.060626,-102.406408,50.0,1.6,1.4420813,0.11146134,0.23764943,1.2044319,1.6797308
NAT_R1,NAT-1-1,32.060626,-102.406408,85.0,1.57,1.2786701,0.16286391,0.34724608,0.931424,1.6259161
NAT_R2,NAT-2-2,33.059817,-102.406791,2.5,1.63,1.3454043,0.14135304,0.30138224,1.0440221,1.6467865
NAT_R2,NAT-2-2,33.059817,-102.406791,7.5,1.71,1.3611423,0.14126189,0.3011879,1.0599544,1.6623302
NAT_R2,NAT-2-2,33.059817,-102.406791,20.0,1.27,1.4192251,0.1296914,0.2765182,1.1427069,1.6957433
NAT_R2,NAT-2-2,33.059817,-102.406791,50.0,1.7,1.4211755,0.12573183,0.26807585,1.1530997,1.6892513
NAT_R2,NAT-2-2,33.059817,-102.406791,85.0,1.5,1.2451961,0.17576976,0.37476295,0.87043315,1.6199591
NAT_R3,NAT-3-3,33.060119,-102.406186,2.5,1.83,1.3479582,0.14031658,0.29917237,1.0487858,1.6471306
NAT_R3,NAT-3-3,33.060119,-102.406186,7.5,1.52,1.3637134,0.1402255,0.29897818,1.0647352,1.6626916
NAT_R3,NAT-3-3,33.060119,-102.406186,20.0,1.58,1.4218595,0.1284754,0.2739255,1.147934,1.695785
NAT_R3,NAT-3-3,33.060119,-102.406186,50.0,1.64,1.4238119,0.12429719,0.26501703,1.1587949,1.688829
NAT_R3,NAT-3-3,33.060119,-102.406186,85.0,1.54,1.2448939,0.1743594,0.3717559,0.873138,1.6166499
P1_R1a,CVT-1-1,32.774177,-101.94719696044922,2.5,1.11,1.4025604,0.14031184,0.29916227,1.1033981,1.7017226
P1_R1a,CVT-1-1,32.774177,-101.94719696044922,7.5,1.15,1.42086,0.13851066,0.29532194,1.1255381,1.716182
P1_R1a,CVT-1-1,32.774177,-101.94719696044922,22.5,1.43,1.4833204,0.11144205,0.2376083,1.245712,1.7209287
P1_R1a,CVT-1-1,32.774177,-101.94719696044922,55.0,1.44,1.4807215,0.12027954,0.25645092,1.2242706,1.7371724
P1_R1a,CVT-1-1,32.774177,-101.94719696044922,87.5,1.37,1.3108917,0.1870038,0.39871535,0.9121764,1.7096071
P1_R1b,CVT-1-2,32.774177,-101.94719696044922,2.5,1.13,1.4025604,0.14031184,0.29916227,1.1033981,1.7017226
P1_R1b,CVT-1-2,32.774177,-101.94719696044922,7.5,1.45,1.42086,0.13851066,0.29532194,1.1255381,1.716182
P1_R1b,CVT-1-2,32.774177,-101.94719696044922,22.5,1.36,1.4833204,0.11144205,0.2376083,1.245712,1.7209287
P1_R1b,CVT-1-2,32.774177,-101.94719696044922,55.0,1.54,1.4807215,0.12027954,0.25645092,1.2242706,1.7371724
P1_R1b,CVT-1-2,32.774177,-101.94719696044922,87.5,1.43,1.3108917,0.1870038,0.39871535,0.9121764,1.7096071
P1_R1c,CVT-1-3,32.774177,-101.94719696044922,2.5,1.72,1.4025604,0.14031184,0.29916227,1.1033981,1.7017226
P1_R1c,CVT-1-3,32.774177,-101.94719696044922,7.5,1.06,1.42086,0.13851066,0.29532194,1.1255381,1.716182
P1_R1c,CVT-1-3,32.774177,-101.94719696044922,22.5,1.59,1.4833204,0.11144205,0.2376083,1.245712,1.7209287
P1_R1c,CVT-1-3,32.774177,-101.94719696044922,55.0,1.55,1.4807215,0.12027954,0.25645092,1.2242706,1.7371724
P1_R1c,CVT-1-3,32.774177,-101.94719696044922,87.5,1.48,1.3108917,0.1870038,0.39871535,0.9121764,1.7096071
P2_R1a,NTR-1-1,32.775007,-101.947399,2.5,1.35,1.4025604,0.14031184,0.29916227,1.1033981,1.7017226
P2_R1a,NTR-1-1,32.775007,-101.947399,7.5,1.3,1.42086,0.13851066,0.29532194,1.1255381,1.716182
P2_R1a,NTR-1-1,32.775007,-101.947399,22.5,1.48,1.4833204,0.11144205,0.2376083,1.245712,1.7209287
P2_R1a,NTR-1-1,32.775007,-101.947399,55.0,1.46,1.4807215,0.12027954,0.25645092,1.2242706,1.7371724
P2_R1a,NTR-1-1,32.775007,-101.947399,87.5,1.47,1.3108917,0.1870038,0.39871535,0.9121764,1.7096071
P2_R1b,NTR-1-2,32.775007,-101.947399,2.5,1.5,1.4025604,0.14031184,0.29916227,1.1033981,1.7017226
P2_R1b,NTR-1-2,32.775007,-101.947399,7.5,1.3,1.42086,0.13851066,0.29532194,1.1255381,1.716182
P2_R1b,NTR-1-2,32.775007,-101.947399,22.5,1.57,1.4833204,0.11144205,0.2376083,1.245712,1.7209287
P2_R1b,NTR-1-2,32.775007,-101.947399,55.0,1.51,1.4807215,0.12027954,0.25645092,1.2242706,1.7371724
P2_R1b,NTR-1-2,32.775007,-101.947399,87.5,1.51,1.3108917,0.1870038,0.39871535,0.9121764,1.7096071
P2_R1c,NTR-1-3,32.775007,-101.947399,2.5,1.67,1.4025604,0.14031184,0.29916227,1.1033981,1.7017226
P2_R1c,NTR-1-3,32.775007,-101.947399,7.5,1.44,1.42086,0.13851066,0.29532194,1.1255381,1.716182
P2_R1c,NTR-1-3,32.775007,-101.947399,22.5,1.49,1.4833204,0.11144205,0.2376083,1.245712,1.7209287
P2_R1c,NTR-1-3,32.775007,-101.947399,55.0,1.49,1.4807215,0.12027954,0.25645092,1.2242706,1.7371724
P2_R1c,NTR-1-3,32.775007,-101.947399,87.5,1.59,1.3108917,0.1870038,0.39871535,0.9121764,1.7096071
P3_R1a,NTM-1-1,32.774275,-101.946881,2.5,1.21,1.4025604,0.14031184,0.29916227,1.1033981,1.7017226
P3_R1a,NTM-1-1,32.774275,-101.946881,7.5,0.82,1.42086,0.13851066,0.29532194,1.1255381,1.716182
P3_R1a,NTM-1-1,32.774275,-101.946881,22.5,1.49,1.4833204,0.11144205,0.2376083,1.245712,1.7209287
P3_R1a,NTM-1-1,32.774275,-101.946881,55.0,1.4,1.4807215,0.12027954,0.25645092,1.2242706,1.7371724
P3_R1a,NTM-1-1,32.774275,-101.946881,87.5,1.5,1.3108917,0.1870038,0.39871535,0.9121764,1.7096071
P3_R1b,NTM-1-2,32.774275,-101.946881,2.5,1.31,1.4025604,0.14031184,0.29916227,1.1033981,1.7017226
P3_R1b,NTM-1-2,32.774275,-101.946881,7.5,1.5,1.42086,0.13851066,0.29532194,1.1255381,1.716182
P3_R1b,NTM-1-2,32.774275,-101.946881,22.5,1.65,1.4833204,0.11144205,0.2376083,1.245712,1.7209287
P3_R1b,NTM-1-2,32.774275,-101.946881,55.0,1.55,1.4807215,0.12027954,0.25645092,1.2242706,1.7371724
P3_R1b,NTM-1-2,32.774275,-101.946881,87.5,1.5,1.3108917,0.1870038,0.39871535,0.9121764,1.7096071
P3_R1c,NTM-1-3,32.774275,-101.946881,2.5,1.58,1.4025604,0.14031184,0.29916227,1.1033981,1.7017226
P3_R1c,NTM-1-3,32.774275,-101.946881,7.5,1.27,1.42086,0.13851066,0.29532194,1.1255381,1.716182
P3_R1c,NTM-1-3,32.774275,-101.946881,22.5,1.51,1.4833204,0.11144205,0.2376083,1.245712,1.7209287
P3_R1c,NTM-1-3,32.774275,-101.946881,55.0,1.47,1.4807215,0.12027954,0.25645092,1.2242706,1.7371724
P3_R1c,NTM-1-3,32.774275,-101.946881,87.5,1.45,1.3108917,0.1870038,0.39871535,0.9121764,1.7096071
P4_R2a,NTR-2-1,32.775007,-101.947399,2.5,1.37,1.4025604,0.14031184,0.29916227,1.1033981,1.7017226
P4_R2a,NTR-2-1,32.775007,-101.947399,7.5,1.22,1.42086,0.13851066,0.29532194,1.1255381,1.716182
P4_R2a,NTR-2-1,32.775007,-101.947399,22.5,1.41,1.4833204,0.11144205,0.2376083,1.245712,1.7209287
P4_R2a,NTR-2-1,32.775007,-101.947399,55.0,1.32,1.4807215,0.12027954,0.25645092,1.2242706,1.7371724
P4_R2a,NTR-2-1,32.775007,-101.947399,87.5,1.52,1.3108917,0.1870038,0.39871535,0.9121764,1.7096071
P4_R2b,NTR-2-2,32.775007,-101.947399,2.5,1.27,1.4025604,0.14031184,0.29916227,1.1033981,1.7017226
P4_R2b,NTR-2-2,32.775007,-101.947399,7.5,1.21,1.42086,0.13851066,0.29532194,1.1255381,1.716182
P4_R2b,NTR-2-2,32.775007,-101.947399,22.5,1.5,1.4833204,0.11144205,0.2376083,1.245712,1.7209287
P4_R2b,NTR-2-2,32.775007,-101.947399,55.0,1.45,1.4807215,0.12027954,0.25645092,1.2242706,1.7371724
P4_R2b,NTR-2-2,32.775007,-101.947399,87.5,1.39,1.3108917,0.1870038,0.39871535,0.9121764,1.7096071
P4_R2c,NTR-2-3,32.775007,-101.947399,2.5,1.45,1.4025604,0.14031184,0.29916227,1.1033981,1.7017226
P4_R2c,NTR-2-3,32.775007,-101.947399,7.5,1.49,1.42086,0.13851066,0.29532194,1.1255381,1.716182
P4_R2c,NTR-2-3,32.775007,-101.947399,22.5,1.49,1.4833204,0.11144205,0.2376083,1.245712,1.7209287
P4_R2c,NTR-2-3,32.775007,-101.947399,55.0,1.38,1.4807215,0.12027954,0.25645092,1.2242706,1.7371724
P4_R2c,NTR-2-3,32.775007,-101.947399,87.5,1.29,1.3108917,0.1870038,0.39871535,0.9121764,1.7096071
P5_R2a,NTM-2-1,32.775004,-101.947229,2.5,0.92,1.4025604,0.14031184,0.29916227,1.1033981,1.7017226
P5_R2a,NTM-2-1,32.775004,-101.947229,7.5,1.47,1.42086,0.13851066,0.29532194,1.1255381,1.716182
P5_R2a,NTM-2-1,32.775004,-101.947229,22.5,1.51,1.4833204,0.11144205,0.2376083,1.245712,1.7209287
P5_R2a,NTM-2-1,32.775004,-101.947229,55.0,1.41,1.4807215,0.12027954,0.25645092,1.2242706,1.7371724
P5_R2a,NTM-2-1,32.775004,-101.947229,87.5,1.51,1.3108917,0.1870038,0.39871535,0.9121764,1.7096071
P5_R2b,NTM-2-2,32.775004,-101.947229,2.5,1.61,1.4025604,0.14031184,0.29916227,1.1033981,1.7017226
P5_R2b,NTM-2-2,32.775004,-101.947229,7.5,1.63,1.42086,0.13851066,0.29532194,1.1255381,1.716182
P5_R2b,NTM-2-2,32.775004,-101.947229,22.5,1.51,1.4833204,0.11144205,0.2376083,1.245712,1.7209287
P5_R2b,NTM-2-2,32.775004,-101.947229,55.0,1.39,1.4807215,0.12027954,0.25645092,1.2242706,1.7371724
P5_R2b,NTM-2-2,32.775004,-101.947229,87.5,1.44,1.3108917,0.1870038,0.39871535,0.9121764,1.7096071
P5_R2c,NTM-2-3,32.775004,-101.947229,2.5,1.64,1.4025604,0.14031184,0.29916227,1.1033981,1.7017226
P5_R2c,NTM-2-3,32.775004,-101.947229,7.5,1.38,1.42086,0.13851066,0.29532194,1.1255381,1.716182
P5_R2c,NTM-2-3,32.775004,-101.947229,22.5,1.52,1.4833204,0.11144205,0.2376083,1.245712,1.7209287
P5_R2c,NTM-2-3,32.775004,-101.947229,55.0,1.37,1.4807215,0.12027954,0.25645092,1.2242706,1.7371724
P5_R2c,NTM-2-3,32.775004,-101.947229,87.5,1.41,1.3108917,0.1870038,0.39871535,0.9121764,1.7096071
P6_R2a,CVT-2-1,32.774988,-101.947051,2.5,1.43,1.4009703,0.14031184,0.29916227,1.1018081,1.7001326
P6_R2a,CVT-2-1,32.774988,-101.947051,7.5,1.08,1.4192579,0.13851066,0.29532194,1.1239359,1.7145798
P6_R2a,CVT-2-1,32.774988,-101.947051,22.5,1.45,1.4816768,0.11144205,0.2376083,1.2440685,1.7192851
P6_R2a,CVT-2-1,32.774988,-101.947051,55.0,1.43,1.4786825,0.12027954,0.25645092,1.2222316,1.7351334
P6_R2a,CVT-2-1,32.774988,-101.947051,87.5,1.57,1.3089924,0.1870038,0.39871535,0.910277,1.7077078
P6_R2b,CVT-2-2,32.774988,-101.947051,2.5,0.93,1.4009703,0.14031184,0.29916227,1.1018081,1.7001326
P6_R2b,CVT-2-2,32.774988,-101.947051,7.5,1.55,1.4192579,0.13851066,0.29532194,1.1239359,1.7145798
P6_R2b,CVT-2-2,32.774988,-101.947051,22.5,1.29,1.4816768,0.11144205,0.2376083,1.2440685,1.7192851
P6_R2b,CVT-2-2,32.774988,-101.947051,55.0,1.37,1.4786825,0.12027954,0.25645092,1.2222316,1.7351334
P6_R2b,CVT-2-2,32.774988,-101.947051,87.5,1.41,1.3089924,0.1870038,0.39871535,0.910277,1.7077078
P6_R2c,CVT-2-3,32.774988,-101.947051,2.5,1.08,1.4009703,0.14031184,0.29916227,1.1018081,1.7001326
P6_R2c,CVT-2-3,32.774988,-101.947051,7.5,1.18,1.4192579,0.13851066,0.29532194,1.1239359,1.7145798
P6_R2c,CVT-2-3,32.774988,-101.947051,22.5,1.47,1.4816768,0.11144205,0.2376083,1.2440685,1.7192851
P6_R2c,CVT-2-3,32.774988,-101.947051,55.0,1.54,1.4786825,0.12027954,0.25645092,1.2222316,1.7351334
P6_R2c,CVT-2-3,32.774988,-101.947051,87.5,1.53,1.3089924,0.1870038,0.39871535,0.910277,1.7077078
P7_R3a,NTM-3-1,32.775739,-101.94738006591795,2.5,1.15,1.3868371,0.14176404,0.30225855,1.0845785,1.6890957
P7_R3a,NTM-3-1,32.775739,-101.94738006591795,7.5,1.1,1.405017,0.14001803,0.29853582,1.1064812,1.7035528
P7_R3a,NTM-3-1,32.775739,-101.94738006591795,22.5,1.46,1.4670686,0.111155674,0.2369977,1.2300708,1.7040663
P7_R3a,NTM-3-1,32.775739,-101.94738006591795,55.0,1.44,1.4657575,0.131414,0.28019097,1.1855665,1.7459484
P7_R3a,NTM-3-1,32.775739,-101.94738006591795,87.5,1.88,1.2953168,0.19093992,0.40710762,0.8882092,1.7024244
P7_R3b,NTM-3-2,32.775739,-101.94738006591795,2.5,1.37,1.3868371,0.14176404,0.30225855,1.0845785,1.6890957
P7_R3b,NTM-3-2,32.775739,-101.94738006591795,7.5,1.38,1.405017,0.14001803,0.29853582,1.1064812,1.7035528
P7_R3b,NTM-3-2,32.775739,-101.94738006591795,22.5,1.44,1.4670686,0.111155674,0.2369977,1.2300708,1.7040663
P7_R3b,NTM-3-2,32.775739,-101.94738006591795,55.0,1.46,1.4657575,0.131414,0.28019097,1.1855665,1.7459484
P7_R3b,NTM-3-2,32.775739,-101.94738006591795,87.5,1.45,1.2953168,0.19093992,0.40710762,0.8882092,1.7024244
P7_R3c,NTM-3-3,32.775739,-101.94738006591795,2.5,1.53,1.3868371,0.14176404,0.30225855,1.0845785,1.6890957
P7_R3c,NTM-3-3,32.775739,-101.94738006591795,7.5,1.88,1.405017,0.14001803,0.29853582,1.1064812,1.7035528
P7_R3c,NTM-3-3,32.775739,-101.94738006591795,22.5,1.5,1.4670686,0.111155674,0.2369977,1.2300708,1.7040663
P7_R3c,NTM-3-3,32.775739,-101.94738006591795,55.0,1.57,1.4657575,0.131414,0.28019097,1.1855665,1.7459484
P7_R3c,NTM-3-3,32.775739,-101.94738006591795,87.5,1.47,1.2953168,0.19093992,0.40710762,0.8882092,1.7024244
P8_R3a,CVT-3-1,32.775733947753906,-101.947185,2.5,1.48,1.3868371,0.14176404,0.30225855,1.0845785,1.6890957
P8_R3a,CVT-3-1,32.775733947753906,-101.947185,22.5,1.41,1.4670686,0.111155674,0.2369977,1.2300708,1.7040663
P8_R3a,CVT-3-1,32.775733947753906,-101.947185,55.0,1.45,1.4657575,0.131414,0.28019097,1.1855665,1.7459484
P8_R3a,CVT-3-1,32.775733947753906,-101.947185,87.5,1.46,1.2953168,0.19093992,0.40710762,0.8882092,1.7024244
P8_R3b,CVT-3-2,32.775733947753906,-101.947185,2.5,1.12,1.3868371,0.14176404,0.30225855,1.0845785,1.6890957
P8_R3b,CVT-3-2,32.775733947753906,-101.947185,7.5,1.07,1.405017,0.14001803,0.29853582,1.1064812,1.7035528
P8_R3b,CVT-3-2,32.775733947753906,-101.947185,22.5,1.54,1.4670686,0.111155674,0.2369977,1.2300708,1.7040663
P8_R3b,CVT-3-2,32.775733947753906,-101.947185,55.0,1.49,1.4657575,0.131414,0.28019097,1.1855665,1.7459484
P8_R3b,CVT-3-2,32.775733947753906,-101.947185,87.5,1.46,1.2953168,0.19093992,0.40710762,0.8882092,1.7024244
P8_R3c,CVT-3-3,32.775733947753906,-101.947185,2.5,1.52,1.3868371,0.14176404,0.30225855,1.0845785,1.6890957
P8_R3c,CVT-3-3,32.775733947753906,-101.947185,7.5,1.21,1.405017,0.14001803,0.29853582,1.1064812,1.7035528
P8_R3c,CVT-3-3,32.775733947753906,-101.947185,22.5,1.56,1.4670686,0.111155674,0.2369977,1.2300708,1.7040663
P8_R3c,CVT-3-3,32.775733947753906,-101.947185,55.0,1.41,1.4657575,0.131414,0.28019097,1.1855665,1.7459484
P8_R3c,CVT-3-3,32.775733947753906,-101.947185,87.5,1.41,1.2953168,0.19093992,0.40710762,0.8882092,1.7024244
P9_R3a,NTR-3-1,32.775683,-101.947009,,0.98,1.4660413,0.12092485,0.2578268,1.2082145,1.7238681
P9_R3a,NTR-3-1,32.775683,-101.947009,,1.14,1.4660413,0.12092485,0.2578268,1.2082145,1.7238681
P9_R3a,NTR-3-1,32.775683,-101.947009,,1.53,1.4660413,0.12092485,0.2578268,1.2082145,1.7238681
P9_R3a,NTR-3-1,32.775683,-101.947009,,1.45,1.4660413,0.12092485,0.2578268,1.2082145,1.7238681
P9_R3a,NTR-3-1,32.775683,-101.947009,,1.14,1.4660413,0.12092485,0.2578268,1.2082145,1.7238681
P9_R3b,NTR-3-2,32.775683,-101.947009,,1.39,1.4660413,0.12092485,0.2578268,1.2082145,1.7238681
P9_R3b,NTR-3-2,32.775683,-101.947009,,1.21,1.4660413,0.12092485,0.2578268,1.2082145,1.7238681
P9_R3b,NTR-3-2,32.775683,-101.947009,,1.37,1.4660413,0.12092485,0.2578268,1.2082145,1.7238681
P9_R3b,NTR-3-2,32.775683,-101.947009,,1.46,1.4660413,0.12092485,0.2578268,1.2082145,1.7238681
P9_R3b,NTR-3-2,32.775683,-101.947009,,1.41,1.4660413,0.12092485,0.2578268,1.2082145,1.7238681
P9_R3c,NTR-3-3,32.775683,-101.947009,,1.43,1.4660413,0.12092485,0.2578268,1.2082145,1.7238681
P9_R3c,NTR-3-3,32.775683,-101.947009,,1.58,1.4660413,0.12092485,0.2578268,1.2082145,1.7238681
P9_R3c,NTR-3-3,32.775683,-101.947009,,1.44,1.4660413,0.12092485,0.2578268,1.2082145,1.7238681
P9_R3c,NTR-3-3,32.775683,-101.947009,,1.53,1.4660413,0.12092485,0.2578268,1.2082145,1.7238681
P9_R3c,NTR-3-3,32.775683,-101.947009,,1.46,1.4660413,0.12092485,0.2578268,1.2082145,1.7238681
CK-1A-ASP2,ASP2-1,46.78188975,-117.0822114,2.5,0.76,0.9974295,0.15216993,0.3244452,0.6729843,1.3218746
CK-1A-ASP2,ASP2-1,46.78188975,-117.0822114,7.5,0.98,1.0482547,0.15216993,0.3244452,0.72380954,1.3727
CK-1A-ASP2,ASP2-1,46.78188975,-117.0822114,19.5,1.35,1.2460015,0.13508478,0.2880175,0.957984,1.534019
CK-1A-ASP2,ASP2-1,46.78188975,-117.0822114,47.0,1.18,1.2786834,0.13507603,0.28799888,0.9906845,1.5666823
CK-1A-ASP2,ASP2-1,46.78188975,-117.0822114,76.5,1.09,1.2497956,0.16353257,0.34867173,0.9011238,1.5984674
CK-1B-ASP2,ASP2-2,46.78188975,-117.0822114,2.5,0.51,0.9974295,0.15216993,0.3244452,0.6729843,1.3218746
CK-1B-ASP2,ASP2-2,46.78188975,-117.0822114,7.5,0.65,1.0482547,0.15216993,0.3244452,0.72380954,1.3727
CK-1B-ASP2,ASP2-2,46.78188975,-117.0822114,21.0,1.09,1.2483548,0.13584465,0.28963766,0.9587171,1.5379925
CK-1B-ASP2,ASP2-2,46.78188975,-117.0822114,54.5,1.04,1.291437,0.14158009,0.30186632,0.98957074,1.5933033
CK-1B-ASP2,ASP2-2,46.78188975,-117.0822114,87.5,1.2,1.2198764,0.1650985,0.35201052,0.8678659,1.5718869
CK-1C-ASP2,ASP2-3,46.78188975,-117.0822114,2.5,0.66,0.9974295,0.15216993,0.3244452,0.6729843,1.3218746
CK-1C-ASP2,ASP2-3,46.78188975,-117.0822114,7.5,0.83,1.0482547,0.15216993,0.3244452,0.72380954,1.3727
CK-1C-ASP2,ASP2-3,46.78188975,-117.0822114,24.5,1.18,1.2545189,0.13584465,0.28963766,0.9648812,1.5441566
CK-1C-ASP2,ASP2-3,46.78188975,-117.0822114,51.5,1.28,1.2777864,0.13846283,0.29521993,0.9825665,1.5730063
CK-1C-ASP2,ASP2-3,46.78188975,-117.0822114,76.5,1.07,1.2497956,0.16353257,0.34867173,0.9011238,1.5984674
CK-2A-BAU9,BAU9-1,46.78188975,-117.0822114,2.5,0.79,0.9974295,0.15216993,0.3244452,0.6729843,1.3218746
CK-2A-BAU9,BAU9-1,46.78188975,-117.0822114,7.5,0.75,1.0482547,0.15216993,0.3244452,0.72380954,1.3727
CK-2A-BAU9,BAU9-1,46.78188975,-117.0822114,21.5,1.31,1.2483548,0.13584465,0.28963766,0.9587171,1.5379925
CK-2A-BAU9,BAU9-1,46.78188975,-117.0822114,50.5,1.2,1.2786834,0.13507603,0.28799888,0.9906845,1.5666823
CK-2A-BAU9,BAU9-1,46.78188975,-117.0822114,78.5,1.48,1.2463499,0.16353257,0.34867173,0.8976782,1.5950217
CK-2A-BAU9,BAU9-1,46.78188975,-117.0822114,97.5,1.24,1.2036844,0.16424735,0.35019574,0.8534887,1.5538802
CK-2A-BAU9,BAU9-1,46.78188975,-117.0822114,114.0,1.26,1.256849,0.16791905,0.35802427,0.8988248,1.6148733
CK-2B-BAU9,BAU9-2,46.78188975,-117.0822114,2.5,0.7,0.9974295,0.15216993,0.3244452,0.6729843,1.3218746
CK-2B-BAU9,BAU9-2,46.78188975,-117.0822114,7.5,0.88,1.0482547,0.15216993,0.3244452,0.72380954,1.3727
CK-2B-BAU9,BAU9-2,46.78188975,-117.0822114,20.5,1.38,1.2483548,0.13584465,0.28963766,0.9587171,1.5379925
CK-2B-BAU9,BAU9-2,46.78188975,-117.0822114,45.5,1.09,1.2786834,0.13507603,0.28799888,0.9906845,1.5666823
CK-2B-BAU9,BAU9-2,46.78188975,-117.0822114,71.5,0.69,1.2696849,0.16244213,0.3463468,0.9233381,1.6160316
CK-2B-BAU9,BAU9-2,46.78188975,-117.0822114,93.0,1.3,1.2036844,0.16424735,0.35019574,0.8534887,1.5538802
CK-2B-BAU9,BAU9-2,46.78188975,-117.0822114,112.5,1.13,1.2531953,0.16791905,0.35802427,0.89517105,1.6112195
CK-2C-BAU9,BAU9-3,46.78188975,-117.0822114,2.5,0.99,0.9974295,0.15216993,0.3244452,0.6729843,1.3218746
CK-2C-BAU9,BAU9-3,46.78188975,-117.0822114,7.5,0.87,1.0482547,0.15216993,0.3244452,0.72380954,1.3727
CK-2C-BAU9,BAU9-3,46.78188975,-117.0822114,72.5,1.15,1.2543974,0.16353257,0.34867173,0.90572566,1.6030691
JEA-1A-ASP10,ASP10-1,46.78836813,-117.4595977,21.5,1.11,1.2481997,0.13246875,0.28243983,0.9657599,1.5306395
JEA-1A-ASP10,ASP10-1,46.78836813,-117.4595977,46.5,1.03,1.2679448,0.13021015,0.2776242,0.9903206,1.545569
JEA-1A-ASP10,ASP10-1,46.78836813,-117.4595977,71.0,1.07,1.2556536,0.16151944,0.3443795,0.9112741,1.6000332
JEA-1A-ASP10,ASP10-1,46.78836813,-117.4595977,94.0,0.98,1.2076069,0.16287653,0.347273,0.8603339,1.5548799
JEA-1A-ASP10,ASP10-1,46.78836813,-117.4595977,114.0,1.41,1.260929,0.1647328,0.35123077,0.90969825,1.6121597
JEA-1B-ASP10,ASP10-2,46.788368,-117.4595978,21.0,1.1,1.2481997,0.13246875,0.28243983,0.9657599,1.5306395
JEA-1B-ASP10,ASP10-2,46.788368,-117.4595978,43.5,1.23,1.2679448,0.13021015,0.2776242,0.9903206,1.545569
JEA-1B-ASP10,ASP10-2,46.788368,-117.4595978,69.5,1.06,1.2640197,0.16043091,0.34205863,0.92196107,1.6060784
JEA-1B-ASP10,ASP10-2,46.788368,-117.4595978,96.0,0.99,1.2076069,0.16287653,0.347273,0.8603339,1.5548799
JEA-1B-ASP10,ASP10-2,46.788368,-117.4595978,115.0,0.96,1.260929,0.1647328,0.35123077,0.90969825,1.6121597
JEA-1C-ASP10,ASP10-3,46.78836851,-117.4595972,18.5,1.54,1.2471983,0.13171116,0.28082454,0.9663738,1.5280229
JEA-1C-ASP10,ASP10-3,46.78836851,-117.4595972,39.0,1.0,1.2665195,0.13021015,0.2776242,0.98889536,1.5441437
JEA-1C-ASP10,ASP10-3,46.78836851,-117.4595972,64.5,1.22,1.2687254,0.15874319,0.33846018,0.9302652,1.6071856
JEA-1C-ASP10,ASP10-3,46.78836851,-117.4595972,91.5,1.15,1.2076069,0.16287653,0.347273,0.8603339,1.5548799
JEA-1C-ASP10,ASP10-3,46.78836851,-117.4595972,113.5,1.07,1.2572687,0.1647328,0.35123077,0.9060379,1.6084994
KUI-1A-ASP6,ASP6-1,46.78188975,-117.0822114,2.5,0.99,0.9974295,0.15216993,0.3244452,0.6729843,1.3218746
KUI-1A-ASP6,ASP6-1,46.78188975,-117.0822114,7.5,1.02,1.0482547,0.15216993,0.3244452,0.72380954,1.3727
KUI-1A-ASP6,ASP6-1,46.78188975,-117.0822114,19.0,1.13,1.2460015,0.13508478,0.2880175,0.957984,1.534019
KUI-1A-ASP6,ASP6-1,46.78188975,-117.0822114,38.0,1.22,1.2585794,0.1361408,0.29026908,0.9683103,1.5488484
KUI-1A-ASP6,ASP6-1,46.78188975,-117.0822114,60.0,1.16,1.2956716,0.15835291,0.33762807,0.9580435,1.6332996
KUI-1A-ASP6,ASP6-1,46.78188975,-117.0822114,82.0,1.23,1.2378515,0.1638108,0.34926498,0.8885865,1.5871165
KUI-1A-ASP6,ASP6-1,46.78188975,-117.0822114,107.0,1.15,1.2036844,0.16657872,0.35516652,0.8485179,1.558851
KUI-1B-ASP6,ASP6-2,46.78188975,-117.0822114,2.5,0.87,0.9974295,0.15216993,0.3244452,0.6729843,1.3218746
KUI-1B-ASP6,ASP6-2,46.78188975,-117.0822114,7.5,0.7,1.0482547,0.15216993,0.3244452,0.72380954,1.3727
KUI-1B-ASP6,ASP6-2,46.78188975,-117.0822114,21.5,1.05,1.2483548,0.13584465,0.28963766,0.9587171,1.5379925
KUI-1B-ASP6,ASP6-2,46.78188975,-117.0822114,45.0,0.6,1.2786834,0.13507603,0.28799888,0.9906845,1.5666823
KUI-1B-ASP6,ASP6-2,46.78188975,-117.0822114,72.5,1.18,1.2543974,0.16353257,0.34867173,0.90572566,1.6030691
KUI-1B-ASP6,ASP6-2,46.78188975,-117.0822114,97.0,1.1,1.2036844,0.16424735,0.35019574,0.8534887,1.5538802
KUI-1B-ASP6,ASP6-2,46.78188975,-117.0822114,114.0,1.16,1.256849,0.16791905,0.35802427,0.8988248,1.6148733
KUI-1C-ASP6,ASP6-3,46.78188975,-117.0822114,2.5,1.07,0.9974295,0.15216993,0.3244452,0.6729843,1.3218746
KUI-1C-ASP6,ASP6-3,46.78188975,-117.0822114,7.5,1.05,1.0482547,0.15216993,0.3244452,0.72380954,1.3727
KUI-1C-ASP6,ASP6-3,46.78188975,-117.0822114,19.0,1.12,1.2460015,0.13508478,0.2880175,0.957984,1.534019
KUI-1C-ASP6,ASP6-3,46.78188975,-117.0822114,44.5,0.85,1.2786834,0.13507603,0.28799888,0.9906845,1.5666823
KUI-1C-ASP6,ASP6-3,46.78188975,-117.0822114,74.5,1.13,1.2497956,0.16353257,0.34867173,0.9011238,1.5984674
KUI-1C-ASP6,ASP6-3,46.78188975,-117.0822114,98.5,1.14,1.2036844,0.16424735,0.35019574,0.8534887,1.5538802
KUI-1C-ASP6,ASP6-3,46.78188975,-117.0822114,115.5,1.63,1.256849,0.16791905,0.35802427,0.8988248,1.6148733
KUI-2A-BAU3,BAU3-1,46.78188975,-117.0822114,2.5,0.77,0.9974295,0.15216993,0.3244452,0.6729843,1.3218746
KUI-2A-BAU3,BAU3-1,46.78188975,-117.0822114,7.5,0.71,1.0482547,0.15216993,0.3244452,0.72380954,1.3727
KUI-2A-BAU3,BAU3-1,46.78188975,-117.0822114,22.0,1.06,1.2483548,0.13584465,0.28963766,0.9587171,1.5379925
KUI-2A-BAU3,BAU3-1,46.78188975,-117.0822114,52.0,1.06,1.2792974,0.13846283,0.29521993,0.98407745,1.5745173
KUI-2A-BAU3,BAU3-1,46.78188975,-117.0822114,85.0,1.09,1.2252529,0.1650985,0.35201052,0.8732424,1.5772634
KUI-2A-BAU3,BAU3-1,46.78188975,-117.0822114,111.0,1.06,1.2523675,0.16791905,0.35802427,0.89434326,1.6103917
KUI-2B-BAU3,BAU3-2,46.74504916,-117.4236809,2.5,0.72,1.0368571,0.16326948,0.3481108,0.68874633,1.3849679
KUI-2B-BAU3,BAU3-2,46.74504916,-117.4236809,7.5,0.67,1.0827879,0.16233034,0.34610847,0.73667943,1.4288963
KUI-2B-BAU3,BAU3-2,46.74504916,-117.4236809,24.0,0.99,1.2384007,0.148274,0.3161386,0.9222621,1.5545393
KUI-2B-BAU3,BAU3-2,46.74504916,-117.4236809,56.5,1.15,1.2512699,0.15620245,0.333043,0.91822696,1.5843129
KUI-2B-BAU3,BAU3-2,46.74504916,-117.4236809,89.0,1.14,1.187034,0.17863145,0.38086444,0.80616957,1.5678985
KUI-2B-BAU3,BAU3-2,46.74504916,-117.4236809,112.5,1.12,1.2333053,0.18222488,0.38852608,0.84477925,1.6218314
KUI-2C-BAU3,BAU3-3,46.74504916,-117.4236809,2.5,0.72,1.0368571,0.16326948,0.3481108,0.68874633,1.3849679
KUI-2C-BAU3,BAU3-3,46.74504916,-117.4236809,7.5,0.71,1.0827879,0.16233034,0.34610847,0.73667943,1.4288963
KUI-2C-BAU3,BAU3-3,46.74504916,-117.4236809,21.5,1.0,1.2365096,0.148274,0.3161386,0.92037094,1.5526482
KUI-2C-BAU3,BAU3-3,46.74504916,-117.4236809,52.5,0.99,1.2501079,0.15637791,0.33341712,0.91669077,1.583525
KUI-2C-BAU3,BAU3-3,46.74504916,-117.4236809,83.0,0.99,1.1935161,0.17863145,0.38086444,0.8126517,1.5743806
KUI-2C-BAU3,BAU3-3,46.74504916,-117.4236809,108.0,0.6,1.175883,0.18254946,0.38921812,0.78666496,1.5651011
LYM-1A-BAU8,BAU8-1,46.74504916,-117.4236809,19.5,0.8,1.2355134,0.14750582,0.31450072,0.92101276,1.5500141
LYM-1A-BAU8,BAU8-1,46.74504916,-117.4236809,54.0,0.74,1.2501079,0.15637791,0.33341712,0.91669077,1.583525
LYM-1A-BAU8,BAU8-1,46.74504916,-117.4236809,92.5,0.9,1.175883,0.18018617,0.3841793,0.79170376,1.5600624
LYM-1B-BAU8,BAU8-2,46.74504915,-117.4236809,18.0,0.98,1.2355134,0.14750582,0.31450072,0.92101276,1.5500141
LYM-1B-BAU8,BAU8-2,46.74504915,-117.4236809,66.5,0.9,1.2410568,0.17688939,0.37715015,0.8639066,1.618207
LYM-1C-BAU8,BAU8-3,46.74504922,-117.4236808,17.0,1.54,1.2355134,0.14750582,0.31450072,0.92101276,1.5500141
LYM-1C-BAU8,BAU8-3,46.74504922,-117.4236808,43.0,0.85,1.2416604,0.14688267,0.3131721,0.92848825,1.5548325
PCFS1-PGL7a,PGL7-7a,46.75739636,-117.1998969,15.0,1.13,1.2180444,0.12746792,0.27177742,0.946267,1.4898218
PCFS1-PGL7a,PGL7-7a,46.75739636,-117.1998969,30.5,1.15,1.2303638,0.12822267,0.27338666,0.9569772,1.5037506
PCFS1-PGL7a,PGL7-7a,46.75739636,-117.1998969,52.5,1.2,1.2638975,0.13439886,0.28655505,0.9773425,1.5504526
PCFS1-PGL7b,PGL7-7b,46.75739636,-117.1998969,2.5,0.79,1.002749,0.14276399,0.30439055,0.6983584,1.3071395
PCFS1-PGL7b,PGL7-7b,46.75739636,-117.1998969,7.5,0.76,1.0488508,0.14276399,0.30439055,0.7444602,1.3532413
PCFS1-PGL7b,PGL7-7b,46.75739636,-117.1998969,16.0,1.07,1.2226487,0.12746792,0.27177742,0.95087135,1.4944261
PCFS1-PGL7b,PGL7-7b,46.75739636,-117.1998969,33.5,1.03,1.2303638,0.12899706,0.27503774,0.9553261,1.5054016
PCFS1-PGL7b,PGL7-7b,46.75739636,-117.1998969,85.0,1.29,1.2110274,0.15495719,0.33038798,0.88063943,1.5414153
PCFS1-PGL7c,PGL7-7c,46.75739636,-117.1998969,2.5,1.02,1.002749,0.14276399,0.30439055,0.6983584,1.3071395
PCFS1-PGL7c,PGL7-7c,46.75739636,-117.1998969,7.5,0.81,1.0488508,0.14276399,0.30439055,0.7444602,1.3532413
PCFS1-PGL7c,PGL7-7c,46.75739636,-117.1998969,16.5,0.8,1.2226487,0.12746792,0.27177742,0.95087135,1.4944261
PCFS1-PGL7c,PGL7-7c,46.75739636,-117.1998969,32.5,1.03,1.2303638,0.12872386,0.27445525,0.9559086,1.5048192
PCFS3-1A-ASP9,ASP9-1,46.75757137,-117.2000596,2.5,0.91,1.002749,0.14276399,0.30439055,0.6983584,1.3071395
PCFS3-1A-ASP9,ASP9-1,46.75757137,-117.2000596,7.5,0.65,1.0488508,0.14276399,0.30439055,0.7444602,1.3532413
PCFS3-1A-ASP9,ASP9-1,46.75757137,-117.2000596,20.0,1.05,1.2231194,0.12746792,0.27177742,0.951342,1.4948968
PCFS3-1A-ASP9,ASP9-1,46.75757137,-117.2000596,46.5,1.16,1.2493782,0.12789123,0.27267998,0.9766982,1.5220582
PCFS3-1A-ASP9,ASP9-1,46.75757137,-117.2000596,83.5,1.12,1.2128335,0.15495719,0.33038798,0.8824456,1.5432215
PCFS3-1A-ASP9,ASP9-1,46.75757137,-117.2000596,113.0,1.06,1.2561896,0.15868057,0.3383267,0.9178629,1.5945163
PCFS3-1B-ASP9,ASP9-2,46.75757137,-117.2000596,2.5,1.07,1.002749,0.14276399,0.30439055,0.6983584,1.3071395
PCFS3-1B-ASP9,ASP9-2,46.75757137,-117.2000596,7.5,0.77,1.0488508,0.14276399,0.30439055,0.7444602,1.3532413
PCFS3-1B-ASP9,ASP9-2,46.75757137,-117.2000596,21.5,0.99,1.2231194,0.12822267,0.27338666,0.9497327,1.496506
PCFS3-1B-ASP9,ASP9-2,46.75757137,-117.2000596,45.0,1.27,1.2493782,0.12789123,0.27267998,0.9766982,1.5220582
PCFS3-1B-ASP9,ASP9-2,46.75757137,-117.2000596,72.0,1.23,1.245315,0.15432878,0.32904813,0.9162668,1.5743631
PCFS3-1B-ASP9,ASP9-2,46.75757137,-117.2000596,98.0,1.14,1.1920432,0.155984,0.33257726,0.85946596,1.5246204
PCFS3-1B-ASP9,ASP9-2,46.75757137,-117.2000596,115.5,0.97,1.2598482,0.15868057,0.3383267,0.92152154,1.5981749
PCFS3-1C-ASP9,ASP9-3,46.74504918,-117.4236807,2.5,1.07,1.0368571,0.16326948,0.3481108,0.68874633,1.3849679
PCFS3-1C-ASP9,ASP9-3,46.74504918,-117.4236807,7.5,0.58,1.0827879,0.16233034,0.34610847,0.73667943,1.4288963
PCFS3-1C-ASP9,ASP9-3,46.74504918,-117.4236807,19.5,0.89,1.2355134,0.14750582,0.31450072,0.92101276,1.5500141
PCFS3-1C-ASP9,ASP9-3,46.74504918,-117.4236807,40.0,1.06,1.2416604,0.14688267,0.3131721,0.92848825,1.5548325
PCFS3-1C-ASP9,ASP9-3,46.74504918,-117.4236807,66.5,0.88,1.2410568,0.17688939,0.37715015,0.8639066,1.618207
PCFS3-1C-ASP9,ASP9-3,46.74504918,-117.4236807,94.0,0.84,1.175883,0.18018617,0.3841793,0.79170376,1.5600624
PCFS3-1C-ASP9,ASP9-3,46.74504918,-117.4236807,114.0,0.96,1.2369269,0.18186419,0.38775703,0.84916985,1.624684
PCFS3-2A-PGL9,PGL9-1,46.75757146,-117.20005798339844,2.5,0.91,1.002749,0.14276399,0.30439055,0.6983584,1.3071395
PCFS3-2A-PGL9,PGL9-1,46.75757146,-117.20005798339844,7.5,0.65,1.0488508,0.14276399,0.30439055,0.7444602,1.3532413
PCFS3-2A-PGL9,PGL9-1,46.75757146,-117.20005798339844,20.0,1.05,1.2231194,0.12746792,0.27177742,0.951342,1.4948968
PCFS3-2A-PGL9,PGL9-1,46.75757146,-117.20005798339844,46.5,1.16,1.2493782,0.12789123,0.27267998,0.9766982,1.5220582
PCFS3-2A-PGL9,PGL9-1,46.75757146,-117.20005798339844,83.5,1.12,1.2128335,0.15495719,0.33038798,0.8824456,1.5432215
PCFS3-2A-PGL9,PGL9-1,46.75757146,-117.20005798339844,113.0,1.06,1.2561896,0.15868057,0.3383267,0.9178629,1.5945163
PCFS3-2B-PGL9,PGL9-2,46.75739636,-117.1998969,2.5,1.07,1.002749,0.14276399,0.30439055,0.6983584,1.3071395
PCFS3-2B-PGL9,PGL9-2,46.75739636,-117.1998969,7.5,0.77,1.0488508,0.14276399,0.30439055,0.7444602,1.3532413
PCFS3-2B-PGL9,PGL9-2,46.75739636,-117.1998969,21.5,0.99,1.2231194,0.12822267,0.27338666,0.9497327,1.496506
PCFS3-2B-PGL9,PGL9-2,46.75739636,-117.1998969,45.0,1.27,1.2493782,0.12789123,0.27267998,0.9766982,1.5220582
PCFS3-2B-PGL9,PGL9-2,46.75739636,-117.1998969,72.0,1.23,1.245315,0.15432878,0.32904813,0.9162668,1.5743631
PCFS3-2B-PGL9,PGL9-2,46.75739636,-117.1998969,98.0,1.14,1.1920432,0.155984,0.33257726,0.85946596,1.5246204
PCFS3-2B-PGL9,PGL9-2,46.75739636,-117.1998969,115.5,0.97,1.2598482,0.15868057,0.3383267,0.92152154,1.5981749
PCFS3-2C-PGL9,PGL9-3,46.75739636,-117.1998969,2.5,1.07,1.002749,0.14276399,0.30439055,0.6983584,1.3071395
PCFS3-2C-PGL9,PGL9-3,46.75739636,-117.1998969,7.5,0.58,1.0488508,0.14276399,0.30439055,0.7444602,1.3532413
PCFS3-2C-PGL9,PGL9-3,46.75739636,-117.1998969,19.5,0.89,1.2226487,0.12746792,0.27177742,0.95087135,1.4944261
PCFS3-2C-PGL9,PGL9-3,46.75739636,-117.1998969,40.0,1.06,1.2493782,0.12789123,0.27267998,0.9766982,1.5220582
PCFS3-2C-PGL9,PGL9-3,46.75739636,-117.1998969,66.5,0.88,1.2560573,0.15264994,0.32546863,0.9305886,1.5815259
PCFS3-2C-PGL9,PGL9-3,46.75739636,-117.1998969,94.0,0.84,1.1920432,0.155984,0.33257726,0.85946596,1.5246204
PCFS3-2C-PGL9,PGL9-3,46.75739636,-117.1998969,114.0,0.96,1.2598482,0.15868057,0.3383267,0.92152154,1.5981749
S2019MN99-A-CON,CON-1,43.7476806640625,-92.845294,2.5,1.123872025,1.2392477,0.1957487,0.41736054,0.82188714,1.6566082
S2019MN99-A-CON,CON-1,43.7476806640625,-92.845294,7.5,1.350425678,1.2610818,0.19494645,0.41565004,0.8454318,1.6767318
S2019MN99-A-CON,CON-1,43.7476806640625,-92.845294,18.0,1.257556112,1.3124319,0.18804984,0.4009456,0.9114863,1.7133775
S2019MN99-A-CON,CON-1,43.7476806640625,-92.845294,38.0,1.496732814,1.3179812,0.18275951,0.38966596,0.9283153,1.7076472
S2019MN99-A-CON,CON-1,43.7476806640625,-92.845294,80.0,1.573673296,1.1706038,0.22842677,0.48703423,0.68356955,1.657638
S2019MN99-B-CON,CON-2,43.74790573120117,-92.845601,2.5,1.282822983,1.2403498,0.1957487,0.41736054,0.8229892,1.6577103
S2019MN99-B-CON,CON-2,43.74790573120117,-92.845601,7.5,1.247331105,1.2621946,0.19494645,0.41565004,0.8465446,1.6778446
S2019MN99-B-CON,CON-2,43.74790573120117,-92.845601,21.0,1.350017571,1.3153948,0.18804984,0.4009456,0.91444916,1.7163403
S2019MN99-B-CON,CON-2,43.74790573120117,-92.845601,43.0,1.624100756,1.3198988,0.17746489,0.37837717,0.94152164,1.698276
S2019MN99-B-CON,CON-2,43.74790573120117,-92.845601,65.5,1.962789264,1.2093892,0.22009411,0.469268,0.74012125,1.6786572
S2019MN99-B-CON,CON-2,43.74790573120117,-92.845601,107.0,1.883153574,1.1451235,0.22622193,0.48233324,0.66279024,1.6274567
S2019MN99-C-CON,CON-3,43.74759292602539,-92.844985,2.5,1.15544377,1.2392477,0.1957487,0.41736054,0.82188714,1.6566082
S2019MN99-C-CON,CON-3,43.74759292602539,-92.844985,7.5,1.22990093,1.2610818,0.19494645,0.41565004,0.8454318,1.6767318
S2019MN99-C-CON,CON-3,43.74759292602539,-92.844985,17.5,1.307768342,1.3124319,0.18804984,0.4009456,0.9114863,1.7133775
S2019MN99-C-CON,CON-3,43.74759292602539,-92.844985,30.0,1.36677587,1.313651,0.18804984,0.4009456,0.91270536,1.7145965
S2019MN99-C-CON,CON-3,43.74759292602539,-92.844985,47.5,1.523035213,1.32361,0.17746489,0.37837717,0.94523275,1.7019871
S2019MN99-C-CON,CON-3,43.74759292602539,-92.844985,70.0,1.799372603,1.208086,0.2272795,0.48458812,0.72349787,1.6926742
S2019MN99-C-CON,CON-3,43.74759292602539,-92.844985,95.0,1.755779623,1.1545082,0.22622193,0.48233324,0.672175,1.6368415
S2019MN99-D-CON,CON-4,43.750483,-92.84107208251952,2.5,0.954238925,1.2753907,0.18653828,0.39772278,0.87766796,1.6731136
S2019MN99-D-CON,CON-4,43.750483,-92.84107208251952,7.5,1.180452282,1.2830279,0.18621406,0.3970315,0.8859964,1.6800594
S2019MN99-D-CON,CON-4,43.750483,-92.84107208251952,17.5,1.440389239,1.327074,0.18369916,0.39166942,0.93540466,1.7187434
S2019MN99-D-CON,CON-4,43.750483,-92.84107208251952,36.0,1.480253165,1.3338751,0.18577218,0.39608935,0.93778574,1.7299644
S2019MN99-D-CON,CON-4,43.750483,-92.84107208251952,78.5,1.72697668,1.1581719,0.22269203,0.47480705,0.68336487,1.6329789
S2019MN99-E-CON,CON-5,43.7506217956543,-92.84133911132812,2.5,0.965038055,1.2753907,0.18653828,0.39772278,0.87766796,1.6731136
S2019MN99-E-CON,CON-5,43.7506217956543,-92.84133911132812,7.5,1.062167073,1.2830279,0.18621406,0.3970315,0.8859964,1.6800594
S2019MN99-E-CON,CON-5,43.7506217956543,-92.84133911132812,16.0,1.540044369,1.327074,0.18222459,0.38852546,0.93854856,1.7155995
S2019MN99-E-CON,CON-5,43.7506217956543,-92.84133911132812,37.5,1.370163316,1.3341985,0.18386942,0.39203244,0.94216603,1.7262309
S2019MN99-E-CON,CON-5,43.7506217956543,-92.84133911132812,66.5,1.667739346,1.1999617,0.21162848,0.45121822,0.7487434,1.6511799
S2019MN99-E-CON,CON-5,43.7506217956543,-92.84133911132812,95.0,1.710241186,1.1324615,0.22019014,0.4694727,0.66298884,1.6019342
S2019MN99-F-CON,CON-6,43.75033950805664,-92.84078216552734,2.5,1.175021141,1.2738107,0.18284507,0.3898484,0.88396233,1.6636591
S2019MN99-F-CON,CON-6,43.75033950805664,-92.84078216552734,7.5,1.271518631,1.2814425,0.18205148,0.38815635,0.89328617,1.6695988
S2019MN99-F-CON,CON-6,43.75033950805664,-92.84078216552734,17.5,1.172368723,1.3251226,0.17111008,0.36482793,0.96029466,1.6899505
S2019MN99-F-CON,CON-6,43.75033950805664,-92.84078216552734,33.5,1.609512458,1.3278842,0.16863902,0.35955933,0.9683249,1.6874435
S2019MN99-F-CON,CON-6,43.75033950805664,-92.84078216552734,64.5,1.806991287,1.2162803,0.21208788,0.4521977,0.7640827,1.668478
S2019MN99-G-CON,CON-7,43.752220153808594,-92.84329223632812,2.5,0.969963974,1.2863483,0.18270116,0.38954157,0.8968068,1.67589
S2019MN99-G-CON,CON-7,43.752220153808594,-92.84329223632812,7.5,1.352227919,1.2951964,0.18190765,0.38784972,0.9073467,1.6830461
S2019MN99-G-CON,CON-7,43.752220153808594,-92.84329223632812,15.0,1.443736337,1.338947,0.18467253,0.39374477,0.9452023,1.7326918
S2019MN99-G-CON,CON-7,43.752220153808594,-92.84329223632812,27.0,1.388288172,1.3408471,0.18615012,0.39689517,0.94395196,1.7377423
S2019MN99-G-CON,CON-7,43.752220153808594,-92.84329223632812,52.0,1.46021922,1.3524753,0.18164009,0.3872792,0.9651961,1.7397544
S2019MN99-H-CON,CON-8,43.75217819213867,-92.843677,2.5,0.981205174,1.2785394,0.18417346,0.3926807,0.8858587,1.6712201
S2019MN99-H-CON,CON-8,43.75217819213867,-92.843677,7.5,1.391003743,1.2873572,0.18190765,0.38784972,0.8995075,1.6752069
S2019MN99-H-CON,CON-8,43.75217819213867,-92.843677,16.0,1.229079944,1.3314869,0.18467253,0.39374477,0.9377422,1.7252316
S2019MN99-H-CON,CON-8,43.75217819213867,-92.843677,30.5,1.576483539,1.332852,0.18615012,0.39689517,0.93595684,1.7297472
S2019MN99-H-CON,CON-8,43.75217819213867,-92.843677,52.0,1.767836547,1.3444405,0.18164009,0.3872792,0.95716125,1.7317197
S2019MN99-H-CON,CON-8,43.75217819213867,-92.843677,80.5,1.745669911,1.1598982,0.21853927,0.46595284,0.6939453,1.625851
S2019MN99-H-CON,CON-8,43.75217819213867,-92.843677,119.0,1.775414884,1.1684581,0.21604587,0.46063662,0.7078215,1.6290947
S2019MN99-I-CON,CON-9,43.752284,-92.842882,2.5,1.414054518,1.2806041,0.18653828,0.39772278,0.88288134,1.6783268
S2019MN99-I-CON,CON-9,43.752284,-92.842882,7.5,1.230658764,1.2882588,0.18426791,0.39288205,0.89537674,1.6811409
S2019MN99-I-CON,CON-9,43.752284,-92.842882,15.0,1.408370765,1.3318772,0.1870383,0.3987889,0.9330883,1.7306662
S2019MN99-I-CON,CON-9,43.752284,-92.842882,37.0,1.523308875,1.3395467,0.18403895,0.3923939,0.9471528,1.7319405
S2019MN99-I-CON,CON-9,43.752284,-92.842882,54.0,1.824105698,1.326158,0.18209688,0.38825318,0.93790483,1.7144113
S2019MN99-I-CON,CON-9,43.752284,-92.842882,82.5,1.696979096,1.1623086,0.22019014,0.4694727,0.69283587,1.6317813
S2019MN99-A-ALT,ALT-1,43.74983978271485,-92.8546371459961,2.5,1.316609735,1.2879763,0.15417224,0.32871437,0.9592619,1.6166906
S2019MN99-A-ALT,ALT-1,43.74983978271485,-92.8546371459961,7.5,1.43862096,1.2952636,0.15339789,0.32706335,0.9682003,1.622327
S2019MN99-A-ALT,ALT-1,43.74983978271485,-92.8546371459961,15.0,1.537770868,1.3396333,0.15283309,0.32585913,1.0137742,1.6654925
S2019MN99-A-ALT,ALT-1,43.74983978271485,-92.8546371459961,27.5,1.469376377,1.3399891,0.15283309,0.32585913,1.0141299,1.6658483
S2019MN99-A-ALT,ALT-1,43.74983978271485,-92.8546371459961,48.0,1.74023877,1.346243,0.14807081,0.31570536,1.0305376,1.6619484
S2019MN99-B-ALT,ALT-2,43.74980926513672,-92.85498809814452,2.5,1.04252655,1.2879763,0.15455703,0.3295348,0.9584415,1.617511
S2019MN99-B-ALT,ALT-2,43.74980926513672,-92.85498809814452,7.5,1.091217365,1.2959949,0.15336767,0.32699892,0.9689959,1.6229938
S2019MN99-B-ALT,ALT-2,43.74980926513672,-92.85498809814452,16.0,1.477017867,1.3451378,0.15277252,0.32572997,1.0194079,1.6708678
S2019MN99-B-ALT,ALT-2,43.74980926513672,-92.85498809814452,31.0,1.629531898,1.3449626,0.15277252,0.32572997,1.0192326,1.6706926
S2019MN99-B-ALT,ALT-2,43.74980926513672,-92.85498809814452,90.0,1.854924268,1.1800605,0.17697354,0.37732956,0.8027309,1.5573901
S2019MN99-C-ALT,ALT-3,43.74953079223633,-92.85456848144533,2.5,1.169675655,1.2855552,0.15691048,0.33455262,0.9510026,1.6201079
S2019MN99-C-ALT,ALT-3,43.74953079223633,-92.85456848144533,7.5,1.486574266,1.292835,0.15613428,0.33289766,0.95993733,1.6257327
S2019MN99-C-ALT,ALT-3,43.74953079223633,-92.85456848144533,16.0,1.237900223,1.3376876,0.15556814,0.33169058,1.0059971,1.6693782
S2019MN99-C-ALT,ALT-3,43.74953079223633,-92.85456848144533,30.0,1.551432688,1.337513,0.15556814,0.33169058,1.0058224,1.6692035
S2019MN99-C-ALT,ALT-3,43.74953079223633,-92.85456848144533,59.0,1.927359074,1.3107821,0.15415207,0.32867134,0.98211074,1.6394534
S2019MN99-C-ALT,ALT-3,43.74953079223633,-92.85456848144533,110.0,1.937036744,1.18808,0.1786683,0.380943,0.80713695,1.5690229
S2019MN99-D-ALT,ALT-4,43.74922180175781,-92.85453033447266,2.5,1.390639102,1.2855552,0.15691048,0.33455262,0.9510026,1.6201079
S2019MN99-D-ALT,ALT-4,43.74922180175781,-92.85453033447266,7.5,1.399775784,1.292835,0.15613428,0.33289766,0.95993733,1.6257327
S2019MN99-D-ALT,ALT-4,43.74922180175781,-92.85453033447266,17.5,1.562312553,1.3376876,0.15556814,0.33169058,1.0059971,1.6693782
S2019MN99-D-ALT,ALT-4,43.74922180175781,-92.85453033447266,32.5,1.457180597,1.337513,0.15321456,0.32667246,1.0108405,1.6641854
S2019MN99-D-ALT,ALT-4,43.74922180175781,-92.85453033447266,50.5,1.545241383,1.3437604,0.15079461,0.32151285,1.0222476,1.6652732
S2019MN99-D-ALT,ALT-4,43.74922180175781,-92.85453033447266,80.5,1.938238939,1.1924965,0.18108507,0.38609585,0.80640066,1.5785924
S2019MN99-E-ALT,ALT-5,43.74898910522461,-92.85466766357422,2.5,1.366715421,1.2665167,0.15835072,0.3376234,0.9288933,1.60414
S2019MN99-E-ALT,ALT-5,43.74898910522461,-92.85466766357422,7.5,1.63787051,1.2737358,0.15757355,0.33596638,0.9377694,1.6097021
S2019MN99-E-ALT,ALT-5,43.74898910522461,-92.85466766357422,18.0,1.45645928,1.3182147,0.15115464,0.32228047,0.9959342,1.6404951
S2019MN99-E-ALT,ALT-5,43.74898910522461,-92.85466766357422,36.0,1.651274985,1.3220582,0.14829569,0.31618482,1.0058734,1.638243
S2019MN99-E-ALT,ALT-5,43.74898910522461,-92.85466766357422,62.0,1.825352825,1.2749718,0.17308335,0.36903518,0.90593666,1.644007
S2019MN99-F-ALT,ALT-6,43.748931884765625,-92.85418701171876,2.5,1.136675402,1.3310868,0.15120387,0.32238543,1.0087013,1.6534722
S2019MN99-F-ALT,ALT-6,43.748931884765625,-92.85418701171876,7.5,1.344835471,1.3392565,0.1504315,0.32073864,1.0185179,1.6599952
S2019MN99-F-ALT,ALT-6,43.748931884765625,-92.85418701171876,16.5,1.501481484,1.3928949,0.15104586,0.32204852,1.0708463,1.7149434
S2019MN99-F-ALT,ALT-6,43.748931884765625,-92.85418701171876,33.0,1.449065781,1.3927162,0.15112865,0.32222506,1.0704911,1.7149413
S2019MN99-F-ALT,ALT-6,43.748931884765625,-92.85418701171876,56.5,1.650733997,1.3722763,0.15581514,0.33221722,1.0400591,1.7044935
S2019MN99-G-ALT,ALT-7,43.74876022338867,-92.85347747802734,2.5,1.121708074,1.3310868,0.1508274,0.32158273,1.0095041,1.6526694
S2019MN99-G-ALT,ALT-7,43.74876022338867,-92.85347747802734,7.5,1.290616476,1.3392565,0.15005527,0.31993648,1.01932,1.659193
S2019MN99-G-ALT,ALT-7,43.74876022338867,-92.85347747802734,18.5,1.454776207,1.3928949,0.15066944,0.32124597,1.0716488,1.7141409
S2019MN99-G-ALT,ALT-7,43.74876022338867,-92.85347747802734,41.5,1.55323598,1.3950912,0.14881982,0.31730235,1.0777888,1.7123935
S2019MN99-G-ALT,ALT-7,43.74876022338867,-92.85347747802734,88.5,1.81206857,1.2160654,0.18033195,0.3844901,0.8315753,1.6005555
S2019MN99-H-ALT,ALT-8,43.74855041503906,-92.8537368774414,2.5,1.338764387,1.3310868,0.15120387,0.32238543,1.0087013,1.6534722
S2019MN99-H-ALT,ALT-8,43.74855041503906,-92.8537368774414,7.5,1.456158731,1.3392565,0.1504315,0.32073864,1.0185179,1.6599952
S2019MN99-H-ALT,ALT-8,43.74855041503906,-92.8537368774414,16.5,1.600061477,1.3928949,0.15104586,0.32204852,1.0708463,1.7149434
S2019MN99-H-ALT,ALT-8,43.74855041503906,-92.8537368774414,32.0,1.534361518,1.3927162,0.14933977,0.31841093,1.0743053,1.711127
S2019MN99-H-ALT,ALT-8,43.74855041503906,-92.8537368774414,101.0,1.963845693,1.2136549,0.18071808,0.3853134,0.8283415,1.5989683
S2019MN99-I-ALT,ALT-9,43.749000549316406,-92.85340881347656,2.5,1.303540072,1.3310868,0.15044385,0.320765,1.0103217,1.6518518
S2019MN99-I-ALT,ALT-9,43.749000549316406,-92.85340881347656,7.5,1.483989546,1.3385115,0.14967199,0.31911927,1.0193923,1.6576307
S2019MN99-I-ALT,ALT-9,43.749000549316406,-92.85340881347656,15.5,1.563935516,1.3872344,0.15068299,0.32127485,1.0659596,1.7085093
S2019MN99-I-ALT,ALT-9,43.749000549316406,-92.85340881347656,33.5,1.585815465,1.3876413,0.15042837,0.32073197,1.0669093,1.7083733
S2019MN99-I-ALT,ALT-9,43.749000549316406,-92.85340881347656,59.0,1.755445184,1.3562542,0.15214267,0.32438707,1.0318671,1.6806413
S2019MN99-I-ALT,ALT-9,43.749000549316406,-92.85340881347656,90.0,1.925976549,1.2161965,0.18004891,0.38388664,0.8323099,1.6000831
S2019MN99-A-REF,REF-1,43.746917,-92.845067,2.5,0.777339307,1.2361099,0.19232902,0.41006935,0.8260405,1.6461792
S2019MN99-A-REF,REF-1,43.746917,-92.845067,7.5,0.982794438,1.2579135,0.19152905,0.40836373,0.8495498,1.6662772
S2019MN99-A-REF,REF-1,43.746917,-92.845067,17.0,0.98225345,1.3091916,0.1846522,0.3937014,0.91549015,1.702893
S2019MN99-A-REF,REF-1,43.746917,-92.845067,33.0,0.950335172,1.3104088,0.18223934,0.3885569,0.92185193,1.6989658
S2019MN99-A-REF,REF-1,43.746917,-92.845067,56.0,1.016696338,1.2997214,0.1887194,0.40237322,0.89734817,1.7020946
S2019MN99-A-REF,REF-1,43.746917,-92.845067,81.0,1.272162782,1.1647451,0.2252222,0.4802017,0.6845434,1.6449468
S2019MN99-A-REF,REF-1,43.746917,-92.845067,126.5,1.514284861,1.1674576,0.22271512,0.47485632,0.69260126,1.642314
S2019MN99-B-REF,REF-2,43.74689865112305,-92.84539794921876,2.5,0.608430905,1.2361099,0.19232902,0.41006935,0.8260405,1.6461792
S2019MN99-B-REF,REF-2,43.74689865112305,-92.84539794921876,7.5,0.97744467,1.2579135,0.19152905,0.40836373,0.8495498,1.6662772
S2019MN99-B-REF,REF-2,43.74689865112305,-92.84539794921876,18.0,0.884094226,1.3091916,0.1846522,0.3937014,0.91549015,1.702893
S2019MN99-B-REF,REF-2,43.74689865112305,-92.84539794921876,44.0,1.145271096,1.3209002,0.17409752,0.37119755,0.9497026,1.6920978
S2019MN99-B-REF,REF-2,43.74689865112305,-92.84539794921876,81.0,1.518011666,1.1647451,0.2252222,0.4802017,0.6845434,1.6449468
S2019MN99-C-REF,REF-3,43.746883392333984,-92.84465026855467,2.5,0.928094564,1.2364489,0.19232902,0.41006935,0.82637954,1.6465182
S2019MN99-C-REF,REF-3,43.746883392333984,-92.84465026855467,7.5,0.758524955,1.2582557,0.19152905,0.40836373,0.849892,1.6666194
S2019MN99-C-REF,REF-3,43.746883392333984,-92.84465026855467,23.0,0.784792916,1.3102179,0.1846522,0.3937014,0.9165164,1.7039193
S2019MN99-C-REF,REF-3,43.746883392333984,-92.84465026855467,49.0,1.070494565,1.321126,0.17409752,0.37119755,0.9499284,1.6923236
S2019MN99-C-REF,REF-3,43.746883392333984,-92.84465026855467,72.5,1.208206006,1.1818217,0.2236917,0.4769385,0.7048832,1.6587602
S2019MN99-C-REF,REF-3,43.746883392333984,-92.84465026855467,88.0,1.371944969,1.1531323,0.22271512,0.47485632,0.678276,1.6279886
S2019MN99-C-REF,REF-3,43.746883392333984,-92.84465026855467,121.5,1.479541425,1.1653779,0.22271512,0.47485632,0.69052154,1.6402342
S2019MN99-D-REF,REF-4,43.746883392333984,-92.8439483642578,2.5,0.731535676,1.2364489,0.19232902,0.41006935,0.82637954,1.6465182
S2019MN99-D-REF,REF-4,43.746883392333984,-92.8439483642578,7.5,0.923225674,1.2582557,0.19152905,0.40836373,0.849892,1.6666194
S2019MN99-D-REF,REF-4,43.746883392333984,-92.8439483642578,19.5,0.822301401,1.3095416,0.1846522,0.3937014,0.91584015,1.703243
S2019MN99-D-REF,REF-4,43.746883392333984,-92.8439483642578,40.0,0.954061977,1.3162788,0.17632543,0.3759477,0.9403311,1.6922265
S2019MN99-D-REF,REF-4,43.746883392333984,-92.8439483642578,60.5,1.08149465,1.2893915,0.20426257,0.43551317,0.8538784,1.7249047
S2019MN99-D-REF,REF-4,43.746883392333984,-92.8439483642578,100.0,1.16612918,1.1490188,0.22271512,0.47485632,0.67416245,1.6238751
S2019MN99-E-REF,REF-5,43.74689865112305,-92.844333,2.5,0.772951295,1.2364489,0.19232902,0.41006935,0.82637954,1.6465182
S2019MN99-E-REF,REF-5,43.74689865112305,-92.844333,7.5,0.980630487,1.2582557,0.19152905,0.40836373,0.849892,1.6666194
S2019MN99-E-REF,REF-5,43.74689865112305,-92.844333,26.0,0.883553238,1.3107591,0.1846522,0.3937014,0.91705763,1.7044605
S2019MN99-E-REF,REF-5,43.74689865112305,-92.844333,60.0,1.142385828,1.2893915,0.20326462,0.43338543,0.8560061,1.7227769
S2019MN99-E-REF,REF-5,43.74689865112305,-92.844333,113.0,1.242648894,1.1749156,0.22156982,0.47241437,0.7025012,1.6473299
S2019MN99-F-REF,REF-6,43.746849060058594,-92.84359741210938,2.5,0.790743782,1.2364489,0.19232902,0.41006935,0.82637954,1.6465182
S2019MN99-F-REF,REF-6,43.746849060058594,-92.84359741210938,7.5,0.928154674,1.2582557,0.19152905,0.40836373,0.849892,1.6666194
S2019MN99-F-REF,REF-6,43.746849060058594,-92.84359741210938,29.5,0.958870757,1.3107591,0.1846522,0.3937014,0.91705763,1.7044605
S2019MN99-F-REF,REF-6,43.746849060058594,-92.84359741210938,60.5,1.06448359,1.2893915,0.20426257,0.43551317,0.8538784,1.7249047
S2019MN99-F-REF,REF-6,43.746849060058594,-92.84359741210938,78.0,1.415584649,1.1758701,0.22407454,0.47775474,0.69811535,1.6536248
S2019MN99-F-REF,REF-6,43.746849060058594,-92.84359741210938,108.5,1.593269075,1.1490188,0.22271512,0.47485632,0.67416245,1.6238751
S2019MN99-G-REF,REF-7,43.746849060058594,-92.84300231933594,2.5,0.574288566,1.2400439,0.1957487,0.41736054,0.82268333,1.6574044
S2019MN99-G-REF,REF-7,43.746849060058594,-92.84300231933594,7.5,0.795071684,1.2618858,0.19494645,0.41565004,0.84623575,1.6775358
S2019MN99-G-REF,REF-7,43.746849060058594,-92.84300231933594,22.5,0.784372148,1.313616,0.18804984,0.4009456,0.91267043,1.7145617
S2019MN99-G-REF,REF-7,43.746849060058594,-92.84300231933594,47.5,1.13475189,1.3244362,0.17746489,0.37837717,0.946059,1.7028134
S2019MN99-G-REF,REF-7,43.746849060058594,-92.84300231933594,70.0,1.336540326,1.2014067,0.22635369,0.4826142,0.71879256,1.6840209
S2019MN99-G-REF,REF-7,43.746849060058594,-92.84300231933594,106.0,1.840560593,1.1448306,0.22622193,0.48233324,0.66249734,1.6271639
S2019MN99-H-REF,REF-8,43.74689865112305,-92.84324645996094,2.5,0.664513303,1.2414058,0.1957487,0.41736054,0.8240453,1.6587664
S2019MN99-H-REF,REF-8,43.74689865112305,-92.84324645996094,7.5,0.895875737,1.2632611,0.19494645,0.41565004,0.84761107,1.6789111
S2019MN99-H-REF,REF-8,43.74689865112305,-92.84324645996094,21.5,0.981712462,1.3164862,0.18804984,0.4009456,0.91554064,1.7174318
S2019MN99-H-REF,REF-8,43.74689865112305,-92.84324645996094,42.5,1.065625676,1.3209925,0.17746489,0.37837717,0.9426153,1.6993697
S2019MN99-H-REF,REF-8,43.74689865112305,-92.84324645996094,62.0,1.201413604,1.2808473,0.21211667,0.4522591,0.82858825,1.7331064
S2019MN99-H-REF,REF-8,43.74689865112305,-92.84324645996094,93.5,1.421836063,1.1565847,0.22622193,0.48233324,0.6742515,1.6389179
S2019MN99-I-REF,REF-9,43.746867,-92.8426513671875,2.5,0.593523687,1.2400439,0.1957487,0.41736054,0.82268333,1.6574044
S2019MN99-I-REF,REF-9,43.746867,-92.8426513671875,7.5,0.924608198,1.2618858,0.19494645,0.41565004,0.84623575,1.6775358
S2019MN99-I-REF,REF-9,43.746867,-92.8426513671875,17.5,0.909039773,1.3132541,0.18804984,0.4009456,0.9123085,1.7141998
S2019MN99-I-REF,REF-9,43.746867,-92.8426513671875,38.5,0.967466451,1.3188053,0.18275951,0.38966596,0.9291394,1.7084713
S2019MN99-I-REF,REF-9,43.746867,-92.8426513671875,61.5,1.146172743,1.273411,0.21211667,0.4522591,0.821152,1.7256701
S2019MN99-I-REF,REF-9,43.746867,-92.8426513671875,98.5,1.538509091,1.1448306,0.22622193,0.48233324,0.66249734,1.6271639
S2019OR003001,JoF1-1,44.6361175,-123.2972812,2.5,0.59,0.79416615,0.1794475,0.38260436,0.4115618,1.1767704
S2019OR003001,JoF1-1,44.6361175,-123.2972812,7.5,0.79,0.80670136,0.17875864,0.3811356,0.42556575,1.187837
S2019OR003001,JoF1-1,44.6361175,-123.2972812,19.5,1.16,1.0030378,0.20029657,0.42705715,0.57598066,1.430095
S2019OR003001,JoF1-1,44.6361175,-123.2972812,37.0,1.36,1.1032397,0.19984984,0.4261047,0.677135,1.5293443
S2019OR003001,JoF1-1,44.6361175,-123.2972812,72.5,1.48,1.0856295,0.24224862,0.51650417,0.5691253,1.6021336
S2019OR003001,JoF1-2,44.6362175,-123.2973802,2.5,0.59,0.79416615,0.1794475,0.38260436,0.4115618,1.1767704
S2019OR003001,JoF1-2,44.6362175,-123.2973802,7.5,0.79,0.80670136,0.17875864,0.3811356,0.42556575,1.187837
S2019OR003001,JoF1-2,44.6362175,-123.2973802,19.5,1.16,1.0030378,0.20029657,0.42705715,0.57598066,1.430095
S2019OR003001,JoF1-2,44.6362175,-123.2973802,37.0,1.36,1.1032397,0.19984984,0.4261047,0.677135,1.5293443
S2019OR003001,JoF1-2,44.6362175,-123.2973802,72.5,1.48,1.0856295,0.24224862,0.51650417,0.5691253,1.6021336
S2019OR003001,JoF1-3,44.6358175,-123.2974823,2.5,0.59,0.761612,0.1457964,0.31085604,0.45075595,1.072468
S2019OR003001,JoF1-3,44.6358175,-123.2974823,7.5,0.79,0.7704197,0.15132996,0.32265428,0.44776544,1.093074
S2019OR003001,JoF1-3,44.6358175,-123.2974823,19.5,1.16,0.97897327,0.1670157,0.3560982,0.6228751,1.3350714
S2019OR003001,JoF1-3,44.6358175,-123.2974823,37.0,1.36,1.0813726,0.16652086,0.35504317,0.72632945,1.4364158
S2019OR003001,JoF1-3,44.6358175,-123.2974823,72.5,1.48,1.0714732,0.21685931,0.462371,0.60910225,1.5338442
S2019OR053002,JoF2-1,44.918413,-123.355451,2.5,0.77,0.7934683,0.17042632,0.3633701,0.4300982,1.1568384
S2019OR053002,JoF2-1,44.918413,-123.355451,7.5,1.12,0.80924314,0.16669075,0.3554054,0.45383775,1.1646485
S2019OR053002,JoF2-1,44.918413,-123.355451,20.0,1.26,1.0221136,0.18452299,0.3934259,0.6286876,1.4155395
S2019OR053002,JoF2-1,44.918413,-123.355451,41.0,1.42,1.1039498,0.18435787,0.39307386,0.7108759,1.4970236
S2019OR053002,JoF2-1,44.918413,-123.355451,76.0,1.32,1.0420611,0.23220992,0.49510038,0.5469607,1.5371615
S2019OR053002,JoF2-2,44.918544,-123.355551,2.5,0.77,0.7934683,0.17042632,0.3633701,0.4300982,1.1568384
S2019OR053002,JoF2-2,44.918544,-123.355551,7.5,1.12,0.80924314,0.16669075,0.3554054,0.45383775,1.1646485
S2019OR053002,JoF2-2,44.918544,-123.355551,20.0,1.26,1.0221136,0.18452299,0.3934259,0.6286876,1.4155395
S2019OR053002,JoF2-2,44.918544,-123.355551,41.0,1.42,1.1039498,0.18435787,0.39307386,0.7108759,1.4970236
S2019OR053002,JoF2-2,44.918544,-123.355551,76.0,1.32,1.0420611,0.23220992,0.49510038,0.5469607,1.5371615
S2019OR053002,JoF2-3,44.918514251708984,-123.355451,2.5,0.77,0.7934683,0.17042632,0.3633701,0.4300982,1.1568384
S2019OR053002,JoF2-3,44.918514251708984,-123.355451,7.5,1.12,0.80924314,0.16669075,0.3554054,0.45383775,1.1646485
S2019OR053002,JoF2-3,44.918514251708984,-123.355451,20.0,1.26,1.0221136,0.18452299,0.3934259,0.6286876,1.4155395
S2019OR053002,JoF2-3,44.918514251708984,-123.355451,41.0,1.42,1.1039498,0.18435787,0.39307386,0.7108759,1.4970236
S2019OR053002,JoF2-3,44.918514251708984,-123.355451,76.0,1.32,1.0420611,0.23220992,0.49510038,0.5469607,1.5371615
S2019OR053003,WoNT1-1,44.737333,-123.2709732055664,2.5,1.2,1.0681945,0.12385209,0.26406804,0.8041265,1.3322625
S2019OR053003,WoNT1-1,44.737333,-123.2709732055664,7.5,1.32,1.0774465,0.12338458,0.26307124,0.8143752,1.3405178
S2019OR053003,WoNT1-1,44.737333,-123.2709732055664,21.5,1.36,1.243796,0.124094054,0.26458395,0.97921205,1.5083799
S2019OR053003,WoNT1-1,44.737333,-123.2709732055664,51.5,1.35,1.2698327,0.12769628,0.27226433,0.99756837,1.5420971
S2019OR053003,WoNT1-1,44.737333,-123.2709732055664,80.0,1.5,1.2312905,0.16400447,0.34967792,0.88161254,1.5809684
S2019OR053003,WoNT1-1,44.737333,-123.2709732055664,95.0,1.58,1.1891949,0.16349141,0.348584,0.8406109,1.5377789
S2019OR053003,WoNT1-2,44.737333,-123.27107238769533,2.5,1.2,1.0681945,0.12385209,0.26406804,0.8041265,1.3322625
S2019OR053003,WoNT1-2,44.737333,-123.27107238769533,7.5,1.32,1.0774465,0.12338458,0.26307124,0.8143752,1.3405178
S2019OR053003,WoNT1-2,44.737333,-123.27107238769533,21.5,1.36,1.243796,0.124094054,0.26458395,0.97921205,1.5083799
S2019OR053003,WoNT1-2,44.737333,-123.27107238769533,51.5,1.35,1.2698327,0.12769628,0.27226433,0.99756837,1.5420971
S2019OR053003,WoNT1-2,44.737333,-123.27107238769533,80.0,1.5,1.2312905,0.16400447,0.34967792,0.88161254,1.5809684
S2019OR053003,WoNT1-2,44.737333,-123.27107238769533,95.0,1.58,1.1891949,0.16349141,0.348584,0.8406109,1.5377789
S2019OR053003,WoNT1-3,44.73763275146485,-123.27076721191406,2.5,1.2,1.0681945,0.12385209,0.26406804,0.8041265,1.3322625
S2019OR053003,WoNT1-3,44.73763275146485,-123.27076721191406,7.5,1.32,1.0774465,0.12338458,0.26307124,0.8143752,1.3405178
S2019OR053003,WoNT1-3,44.73763275146485,-123.27076721191406,21.5,1.36,1.243796,0.124094054,0.26458395,0.97921205,1.5083799
S2019OR053003,WoNT1-3,44.73763275146485,-123.27076721191406,51.5,1.35,1.2698327,0.12769628,0.27226433,0.99756837,1.5420971
S2019OR053003,WoNT1-3,44.73763275146485,-123.27076721191406,80.0,1.5,1.2312905,0.16400447,0.34967792,0.88161254,1.5809684
S2019OR053003,WoNT1-3,44.73763275146485,-123.27076721191406,95.0,1.58,1.1891949,0.16349141,0.348584,0.8406109,1.5377789
S2019OR071004,JoV1-1,45.24882125854492,-123.07115936279295,2.5,1.37,0.8909233,0.15766801,0.33616778,0.55475557,1.2270911
S2019OR071004,JoV1-1,45.24882125854492,-123.07115936279295,7.5,1.37,0.916342,0.15766801,0.33616778,0.5801742,1.2525098
S2019OR071004,JoV1-1,45.24882125854492,-123.07115936279295,15.5,1.45,1.090687,0.15736158,0.33551443,0.7551726,1.4262015
S2019OR071004,JoV1-1,45.24882125854492,-123.07115936279295,31.5,1.45,1.149668,0.15829842,0.3375119,0.8121561,1.4871799
S2019OR071004,JoV1-1,45.24882125854492,-123.07115936279295,54.5,1.39,1.1851748,0.15965405,0.34040228,0.8447726,1.5255771
S2019OR071004,JoV1-1,45.24882125854492,-123.07115936279295,83.5,1.41,1.1000209,0.18616578,0.39692855,0.70309234,1.4969494
S2019OR071004,JoV1-2,45.24882125854492,-123.07125854492188,2.5,1.37,0.8909233,0.15766801,0.33616778,0.55475557,1.2270911
S2019OR071004,JoV1-2,45.24882125854492,-123.07125854492188,7.5,1.37,0.916342,0.15766801,0.33616778,0.5801742,1.2525098
S2019OR071004,JoV1-2,45.24882125854492,-123.07125854492188,15.5,1.45,1.090687,0.15736158,0.33551443,0.7551726,1.4262015
S2019OR071004,JoV1-2,45.24882125854492,-123.07125854492188,31.5,1.45,1.149668,0.15829842,0.3375119,0.8121561,1.4871799
S2019OR071004,JoV1-2,45.24882125854492,-123.07125854492188,54.5,1.39,1.1851748,0.15965405,0.34040228,0.8447726,1.5255771
S2019OR071004,JoV1-2,45.24882125854492,-123.07125854492188,83.5,1.41,1.1000209,0.18616578,0.39692855,0.70309234,1.4969494
S2019OR071004,JoV1-3,45.24911880493164,-123.07096099853516,2.5,1.37,0.8909233,0.15766801,0.33616778,0.55475557,1.2270911
S2019OR071004,JoV1-3,45.24911880493164,-123.07096099853516,7.5,1.37,0.916342,0.15766801,0.33616778,0.5801742,1.2525098
S2019OR071004,JoV1-3,45.24911880493164,-123.07096099853516,15.5,1.45,1.090687,0.15736158,0.33551443,0.7551726,1.4262015
S2019OR071004,JoV1-3,45.24911880493164,-123.07096099853516,31.5,1.45,1.149668,0.15829842,0.3375119,0.8121561,1.4871799
S2019OR071004,JoV1-3,45.24911880493164,-123.07096099853516,54.5,1.39,1.1851748,0.15965405,0.34040228,0.8447726,1.5255771
S2019OR071004,JoV1-3,45.24911880493164,-123.07096099853516,83.5,1.41,1.1000209,0.18616578,0.39692855,0.70309234,1.4969494
S2019OR047005,WoH1-1,45.227901458740234,-122.96961212158205,2.5,1.21,1.0223538,0.18010798,0.38401258,0.6383412,1.4063663
S2019OR047005,WoH1-1,45.227901458740234,-122.96961212158205,7.5,1.34,1.0643333,0.1793558,0.38240883,0.68192446,1.4467422
S2019OR047005,WoH1-1,45.227901458740234,-122.96961212158205,19.5,1.4,1.2417719,0.16527225,0.35238096,0.88939095,1.5941529
S2019OR047005,WoH1-1,45.227901458740234,-122.96961212158205,40.0,1.44,1.2833856,0.16313407,0.3478221,0.93556356,1.6312077
S2019OR047005,WoH1-1,45.227901458740234,-122.96961212158205,63.5,1.37,1.2626328,0.21275504,0.45362017,0.80901265,1.716253
S2019OR047005,WoH1-1,45.227901458740234,-122.96961212158205,88.0,1.37,1.1804178,0.21490318,0.45820025,0.72221756,1.638618
S2019OR047005,WoH1-2,45.22779846191406,-122.96961212158205,2.5,1.21,1.0903285,0.14379735,0.3065938,0.7837347,1.3969222
S2019OR047005,WoH1-2,45.22779846191406,-122.96961212158205,7.5,1.34,1.1361011,0.14435755,0.30778822,0.8283129,1.4438894
S2019OR047005,WoH1-2,45.22779846191406,-122.96961212158205,19.5,1.4,1.3123809,0.1185142,0.252687,1.0596939,1.5650679
S2019OR047005,WoH1-2,45.22779846191406,-122.96961212158205,40.0,1.44,1.34136,0.11357625,0.24215867,1.0992013,1.5835186
S2019OR047005,WoH1-2,45.22779846191406,-122.96961212158205,63.5,1.37,1.3272836,0.17423731,0.37149557,0.955788,1.6987792
S2019OR047005,WoH1-2,45.22779846191406,-122.96961212158205,88.0,1.37,1.2488531,0.17373998,0.37043524,0.87841785,1.6192883
S2019OR047005,WoH1-3,45.227901458740234,-122.96981048583984,2.5,1.21,1.0903285,0.14379735,0.3065938,0.7837347,1.3969222
S2019OR047005,WoH1-3,45.227901458740234,-122.96981048583984,7.5,1.34,1.1361011,0.14435755,0.30778822,0.8283129,1.4438894
S2019OR047005,WoH1-3,45.227901458740234,-122.96981048583984,19.5,1.4,1.3123809,0.1185142,0.252687,1.0596939,1.5650679
S2019OR047005,WoH1-3,45.227901458740234,-122.96981048583984,40.0,1.44,1.34136,0.11357625,0.24215867,1.0992013,1.5835186
S2019OR047005,WoH1-3,45.227901458740234,-122.96981048583984,63.5,1.37,1.3272836,0.17423731,0.37149557,0.955788,1.6987792
S2019OR047005,WoH1-3,45.227901458740234,-122.96981048583984,88.0,1.37,1.2488531,0.17373998,0.37043524,0.87841785,1.6192883
S2019OR047006,WoCT1-1,45.231101989746094,-122.964818,2.5,1.28,0.9999759,0.18285538,0.38987038,0.6101055,1.3898463
S2019OR047006,WoCT1-1,45.231101989746094,-122.964818,7.5,1.27,1.0480248,0.18285538,0.38987038,0.65815437,1.4378952
S2019OR047006,WoCT1-1,45.231101989746094,-122.964818,13.0,1.27,1.2148275,0.17119499,0.36500898,0.8498186,1.5798365
S2019OR047006,WoCT1-1,45.231101989746094,-122.964818,24.5,1.28,1.2452993,0.17421934,0.37145728,0.87384206,1.6167567
S2019OR047006,WoCT1-1,45.231101989746094,-122.964818,49.0,1.29,1.2755826,0.1667178,0.35546306,0.9201195,1.6310456
S2019OR047006,WoCT1-1,45.231101989746094,-122.964818,77.5,1.3,1.2236952,0.21865533,0.46620032,0.7574948,1.6898955
S2019OR047006,WoCT1-1,45.231101989746094,-122.964818,95.0,1.34,1.1684359,0.22730759,0.48464802,0.68378794,1.6530839
S2019OR047006,WoCT1-2,45.231202,-122.964718,2.5,1.28,1.0966963,0.14970878,0.3191977,0.77749854,1.415894
S2019OR047006,WoCT1-2,45.231202,-122.964718,7.5,1.27,1.1317521,0.15027186,0.32039827,0.81135386,1.4521503
S2019OR047006,WoCT1-2,45.231202,-122.964718,13.0,1.27,1.2934113,0.13622236,0.290443,1.0029683,1.5838542
S2019OR047006,WoCT1-2,45.231202,-122.964718,24.5,1.28,1.3125484,0.1263137,0.2693165,1.043232,1.5818648
S2019OR047006,WoCT1-2,45.231202,-122.964718,49.0,1.29,1.3340398,0.11845579,0.25256246,1.0814774,1.5866022
S2019OR047006,WoCT1-2,45.231202,-122.964718,77.5,1.3,1.2873199,0.17933483,0.38236412,0.90495574,1.669684
S2019OR047006,WoCT1-2,45.231202,-122.964718,95.0,1.34,1.2304795,0.17943953,0.38258737,0.8478921,1.6130669
S2019OR047006,WoCT1-3,45.231402,-122.964618,2.5,1.28,1.0966963,0.14970878,0.3191977,0.77749854,1.415894
S2019OR047006,WoCT1-3,45.231402,-122.964618,7.5,1.27,1.1317521,0.15027186,0.32039827,0.81135386,1.4521503
S2019OR047006,WoCT1-3,45.231402,-122.964618,13.0,1.27,1.2934113,0.13622236,0.290443,1.0029683,1.5838542
S2019OR047006,WoCT1-3,45.231402,-122.964618,24.5,1.28,1.3125484,0.1263137,0.2693165,1.043232,1.5818648
S2019OR047006,WoCT1-3,45.231402,-122.964618,49.0,1.29,1.3340398,0.11845579,0.25256246,1.0814774,1.5866022
S2019OR047006,WoCT1-3,45.231402,-122.964618,77.5,1.3,1.2873199,0.17933483,0.38236412,0.90495574,1.669684
S2019OR047006,WoCT1-3,45.231402,-122.964618,95.0,1.34,1.2304795,0.17943953,0.38258737,0.8478921,1.6130669
S2019OR053007,WoNT2-1,45.07067108154297,-123.2136688232422,2.5,1.19,1.0055025,0.13404043,0.28579083,0.71971166,1.2912933
S2019OR053007,WoNT2-1,45.07067108154297,-123.2136688232422,7.5,1.43,1.0448679,0.13404043,0.28579083,0.7590771,1.3306587
S2019OR053007,WoNT2-1,45.07067108154297,-123.2136688232422,21.5,1.5,1.2502601,0.125248,0.26704428,0.9832158,1.5173044
S2019OR053007,WoNT2-1,45.07067108154297,-123.2136688232422,47.0,1.41,1.2847353,0.1171189,0.24971205,1.0350232,1.5344474
S2019OR053007,WoNT2-1,45.07067108154297,-123.2136688232422,70.0,1.35,1.239765,0.15677607,0.33426607,0.905499,1.5740311
S2019OR053007,WoNT2-1,45.07067108154297,-123.2136688232422,89.5,1.28,1.1695653,0.1605456,0.34230316,0.82726216,1.5118685
S2019OR053007,WoNT2-2,45.07057189941406,-123.2137680053711,2.5,1.19,1.0109048,0.1358794,0.28971174,0.7211931,1.3006165
S2019OR053007,WoNT2-2,45.07057189941406,-123.2137680053711,7.5,1.43,1.050376,0.1358794,0.28971174,0.76066434,1.3400878
S2019OR053007,WoNT2-2,45.07057189941406,-123.2137680053711,21.5,1.5,1.2563217,0.1270727,0.2709348,0.98538685,1.5272565
S2019OR053007,WoNT2-2,45.07057189941406,-123.2137680053711,47.0,1.41,1.2908897,0.11893043,0.25357443,1.0373154,1.5444641
S2019OR053007,WoNT2-2,45.07057189941406,-123.2137680053711,70.0,1.35,1.2514893,0.1586519,0.33826557,0.91322374,1.5897548
S2019OR053007,WoNT2-2,45.07057189941406,-123.2137680053711,89.5,1.28,1.1873304,0.15989149,0.3409085,0.84642184,1.5282389
S2019OR053007,WoNT2-3,45.07096862792969,-123.2138671875,2.5,1.19,1.0051227,0.15019532,0.32023507,0.6848876,1.3253577
S2019OR053007,WoNT2-3,45.07096862792969,-123.2138671875,7.5,1.43,1.0444806,0.14809462,0.31575614,0.7287244,1.3602366
S2019OR053007,WoNT2-3,45.07096862792969,-123.2138671875,21.5,1.5,1.249834,0.13358073,0.2848107,0.9650233,1.5346446
S2019OR053007,WoNT2-3,45.07096862792969,-123.2138671875,47.0,1.41,1.2843026,0.12297528,0.26219857,1.022104,1.5465012
S2019OR053007,WoNT2-3,45.07096862792969,-123.2138671875,70.0,1.35,1.2393408,0.16507398,0.35195822,0.88738257,1.591299
S2019OR053007,WoNT2-3,45.07096862792969,-123.2138671875,89.5,1.28,1.1691544,0.16908209,0.360504,0.8086504,1.5296584
S2019OR053008,WoH2-1,45.074334,-123.213416,2.5,1.54,1.0459229,0.15119311,0.32236248,0.7235604,1.3682854
S2019OR053008,WoH2-1,45.074334,-123.213416,7.5,1.58,1.072791,0.1474422,0.3143651,0.7584259,1.387156
S2019OR053008,WoH2-1,45.074334,-123.213416,28.0,1.37,1.3138337,0.1257324,0.2680771,1.0457566,1.5819108
S2019OR053008,WoH2-1,45.074334,-123.213416,62.0,1.38,1.3103943,0.16903979,0.36041382,0.9499805,1.6708081
S2019OR053008,WoH2-1,45.074334,-123.213416,89.0,1.26,1.2249539,0.17875135,0.3811201,0.8438338,1.606074
S2019OR053008,WoH2-2,45.074334,-123.213516,2.5,1.54,1.0459229,0.15119311,0.32236248,0.7235604,1.3682854
S2019OR053008,WoH2-2,45.074334,-123.213516,7.5,1.58,1.072791,0.1474422,0.3143651,0.7584259,1.387156
S2019OR053008,WoH2-2,45.074334,-123.213516,28.0,1.37,1.3138337,0.1257324,0.2680771,1.0457566,1.5819108
S2019OR053008,WoH2-2,45.074334,-123.213516,62.0,1.38,1.3103943,0.16903979,0.36041382,0.9499805,1.6708081
S2019OR053008,WoH2-2,45.074334,-123.213516,89.0,1.26,1.2249539,0.17875135,0.3811201,0.8438338,1.606074
S2019OR053008,WoH2-3,45.074334,-123.213616,2.5,1.54,1.0459229,0.15119311,0.32236248,0.7235604,1.3682854
S2019OR053008,WoH2-3,45.074334,-123.213616,7.5,1.58,1.072791,0.1474422,0.3143651,0.7584259,1.387156
S2019OR053008,WoH2-3,45.074334,-123.213616,28.0,1.37,1.3138337,0.1257324,0.2680771,1.0457566,1.5819108
S2019OR053008,WoH2-3,45.074334,-123.213616,62.0,1.38,1.3103943,0.16903979,0.36041382,0.9499805,1.6708081
S2019OR053008,WoH2-3,45.074334,-123.213616,89.0,1.26,1.2249539,0.17875135,0.3811201,0.8438338,1.606074
S2019OR003009,JoXT1-1,44.43190002441406,-123.3352279663086,2.5,1.4,0.8838007,0.15153442,0.3230902,0.5607105,1.2068908
S2019OR003009,JoXT1-1,44.43190002441406,-123.3352279663086,7.5,1.23,0.8999447,0.15950918,0.34009337,0.55985135,1.2400382
S2019OR003009,JoXT1-1,44.43190002441406,-123.3352279663086,17.5,1.19,1.0516999,0.15779184,0.3364318,0.7152681,1.3881316
S2019OR003009,JoXT1-1,44.43190002441406,-123.3352279663086,31.5,1.19,1.1595237,0.15745954,0.3357233,0.82380044,1.495247
S2019OR003009,JoXT1-1,44.43190002441406,-123.3352279663086,53.5,1.27,1.2041183,0.16081238,0.34287196,0.8612463,1.5469902
S2019OR003009,JoXT1-1,44.43190002441406,-123.3352279663086,84.5,1.54,1.1287347,0.18750228,0.39977816,0.7289566,1.5285128
S2019OR003009,JoXT1-2,44.43180084228515,-123.3353271484375,2.5,1.4,0.8838007,0.15153442,0.3230902,0.5607105,1.2068908
S2019OR003009,JoXT1-2,44.43180084228515,-123.3353271484375,7.5,1.23,0.8999447,0.15950918,0.34009337,0.55985135,1.2400382
S2019OR003009,JoXT1-2,44.43180084228515,-123.3353271484375,17.5,1.19,1.0516999,0.15779184,0.3364318,0.7152681,1.3881316
S2019OR003009,JoXT1-2,44.43180084228515,-123.3353271484375,31.5,1.19,1.1595237,0.15745954,0.3357233,0.82380044,1.495247
S2019OR003009,JoXT1-2,44.43180084228515,-123.3353271484375,53.5,1.27,1.2041183,0.16081238,0.34287196,0.8612463,1.5469902
S2019OR003009,JoXT1-2,44.43180084228515,-123.3353271484375,84.5,1.54,1.1287347,0.18750228,0.39977816,0.7289566,1.5285128
S2019OR003009,JoXT1-3,44.43159866333008,-123.33502960205078,2.5,1.4,0.91489315,0.15897022,0.33894426,0.5759489,1.2538373
S2019OR003009,JoXT1-3,44.43159866333008,-123.33502960205078,7.5,1.23,0.9313037,0.15897022,0.33894426,0.5923594,1.2702479
S2019OR003009,JoXT1-3,44.43159866333008,-123.33502960205078,17.5,1.19,1.0674156,0.15703212,0.334812,0.7326036,1.4022276
S2019OR003009,JoXT1-3,44.43159866333008,-123.33502960205078,31.5,1.19,1.1644249,0.15692152,0.33457616,0.82984877,1.499001
S2019OR003009,JoXT1-3,44.43159866333008,-123.33502960205078,53.5,1.27,1.2091206,0.16124032,0.3437844,0.86533624,1.5529051
S2019OR003009,JoXT1-3,44.43159866333008,-123.33502960205078,84.5,1.54,1.1368045,0.18634239,0.3973051,0.73949933,1.5341096
S2019OR053010,JoF3-1,44.74261093139648,-123.41895294189452,2.5,0.66,0.7905051,0.1378189,0.29384702,0.4966581,1.0843521
S2019OR053010,JoF3-1,44.74261093139648,-123.41895294189452,7.5,0.72,0.7991978,0.1378189,0.29384702,0.50535077,1.0930448
S2019OR053010,JoF3-1,44.74261093139648,-123.41895294189452,26.5,1.33,1.0366396,0.15486066,0.33018216,0.7064574,1.3668218
S2019OR053010,JoF3-1,44.74261093139648,-123.41895294189452,54.0,1.28,1.0753021,0.16221553,0.34586367,0.7294384,1.4211658
S2019OR053010,JoF3-1,44.74261093139648,-123.41895294189452,82.5,1.44,1.0219152,0.20383352,0.4345984,0.5873168,1.4565136
S2019OR053010,JoF3-2,44.74261093139648,-123.41905212402344,2.5,0.66,0.7905051,0.1378189,0.29384702,0.4966581,1.0843521
S2019OR053010,JoF3-2,44.74261093139648,-123.41905212402344,7.5,0.72,0.7991978,0.1378189,0.29384702,0.50535077,1.0930448
S2019OR053010,JoF3-2,44.74261093139648,-123.41905212402344,26.5,1.33,1.0366396,0.15486066,0.33018216,0.7064574,1.3668218
S2019OR053010,JoF3-2,44.74261093139648,-123.41905212402344,54.0,1.28,1.0753021,0.16221553,0.34586367,0.7294384,1.4211658
S2019OR053010,JoF3-2,44.74261093139648,-123.41905212402344,82.5,1.44,1.0219152,0.20383352,0.4345984,0.5873168,1.4565136
S2019OR053010,JoF3-3,44.74261093139648,-123.4187469482422,2.5,0.66,0.76017576,0.13199186,0.28142303,0.47875273,1.0415988
S2019OR053010,JoF3-3,44.74261093139648,-123.4187469482422,7.5,0.72,0.76617414,0.13868913,0.29570246,0.47047168,1.0618765
S2019OR053010,JoF3-3,44.74261093139648,-123.4187469482422,26.5,1.33,1.0257412,0.15574393,0.3320654,0.6936758,1.3578067
S2019OR053010,JoF3-3,44.74261093139648,-123.4187469482422,54.0,1.28,1.0778861,0.16310443,0.3477589,0.7301272,1.425645
S2019OR053010,JoF3-3,44.74261093139648,-123.4187469482422,82.5,1.44,1.0229536,0.20776837,0.44298795,0.5799657,1.4659415
S2019OR071011,JoV2-1,45.251054,-123.049801,2.5,0.68,0.9347839,0.19633669,0.4186142,0.51616967,1.3533981
S2019OR071011,JoV2-1,45.251054,-123.049801,7.5,1.34,0.94818515,0.19689548,0.41980562,0.52837956,1.3679907
S2019OR071011,JoV2-1,45.251054,-123.049801,17.5,1.37,1.1164879,0.19708286,0.42020515,0.69628274,1.536693
S2019OR071011,JoV2-1,45.251054,-123.049801,37.0,1.6,1.1666989,0.19446215,0.41461745,0.7520815,1.5813164
S2019OR071011,JoV2-1,45.251054,-123.049801,66.5,1.61,1.1708927,0.22884308,0.48792186,0.6829709,1.6588145
S2019OR071011,JoV2-1,45.251054,-123.049801,92.0,1.32,1.0989171,0.23449296,0.4999681,0.598949,1.5988853
S2019OR071011,JoV2-2,45.250953674316406,-123.049901,2.5,0.68,0.97068113,0.16537924,0.35260907,0.61807203,1.3232902
S2019OR071011,JoV2-2,45.250953674316406,-123.049901,7.5,1.34,1.000126,0.16537924,0.35260907,0.64751697,1.352735
S2019OR071011,JoV2-2,45.250953674316406,-123.049901,17.5,1.37,1.1592327,0.16242194,0.34630376,0.812929,1.5055366
S2019OR071011,JoV2-2,45.250953674316406,-123.049901,37.0,1.6,1.2041571,0.15441458,0.32923105,0.8749261,1.5333881
S2019OR071011,JoV2-2,45.250953674316406,-123.049901,66.5,1.61,1.2140368,0.1868432,0.39837292,0.81566393,1.6124097
S2019OR071011,JoV2-2,45.250953674316406,-123.049901,92.0,1.32,1.1461878,0.19387585,0.4133674,0.7328204,1.5595552
S2019OR071011,JoV2-3,45.2513542175293,-123.049601,2.5,0.68,0.92536545,0.19452398,0.41474926,0.5106162,1.3401147
S2019OR071011,JoV2-3,45.2513542175293,-123.049601,7.5,1.34,0.9522548,0.19508192,0.41593888,0.5363159,1.3681936
S2019OR071011,JoV2-3,45.2513542175293,-123.049601,17.5,1.37,1.1256766,0.19526902,0.4163378,0.70933884,1.5420144
S2019OR053012,JoXT2-1,45.04996871948242,-123.13707733154295,2.5,1.29,0.9575373,0.1635132,0.34863046,0.60890687,1.3061677
S2019OR053012,JoXT2-1,45.04996871948242,-123.13707733154295,7.5,1.25,0.98778546,0.1635132,0.34863046,0.63915503,1.3364159
S2019OR053012,JoXT2-1,45.04996871948242,-123.13707733154295,17.0,1.31,1.1646,0.16038053,0.3419512,0.8226488,1.5065513
S2019OR053012,JoXT2-1,45.04996871948242,-123.13707733154295,40.5,1.33,1.216028,0.15716007,0.3350848,0.8809432,1.5511128
S2019OR053012,JoXT2-1,45.04996871948242,-123.13707733154295,66.0,1.4,1.2092936,0.18886091,0.4026749,0.8066187,1.6119685
S2019OR053012,JoXT2-1,45.04996871948242,-123.13707733154295,87.5,1.4,1.171383,0.19024195,0.40561947,0.7657635,1.5770025
S2019OR053012,JoXT2-2,45.04986953735352,-123.13717651367188,2.5,1.29,0.8954838,0.16290058,0.34732428,0.5481595,1.2428081
S2019OR053012,JoXT2-2,45.04986953735352,-123.13717651367188,7.5,1.25,0.92022026,0.16290058,0.34732428,0.572896,1.2675445
S2019OR053012,JoXT2-2,45.04986953735352,-123.13717651367188,17.0,1.31,1.0367947,0.16194093,0.34527817,0.6915165,1.3820728
S2019OR053012,JoXT2-2,45.04986953735352,-123.13717651367188,40.5,1.33,1.1469889,0.16264698,0.34678355,0.80020535,1.4937724
S2019OR053012,JoXT2-2,45.04986953735352,-123.13717651367188,66.0,1.4,1.1419944,0.18746006,0.39968812,0.74230623,1.5416825
S2019OR053012,JoXT2-2,45.04986953735352,-123.13717651367188,87.5,1.4,1.1077224,0.19105378,0.4073504,0.700372,1.5150728
S2019OR053012,JoXT2-3,45.04996871948242,-123.13687896728516,2.5,1.29,0.9751127,0.16337952,0.34834543,0.6267673,1.3234581
S2019OR053012,JoXT2-3,45.04996871948242,-123.13687896728516,7.5,1.25,1.0056324,0.16337952,0.34834543,0.657287,1.3539778
S2019OR053012,JoXT2-3,45.04996871948242,-123.13687896728516,17.0,1.31,1.1815068,0.15806496,0.33701414,0.8444926,1.5185208
S2019OR053012,JoXT2-3,45.04996871948242,-123.13687896728516,40.5,1.33,1.2213897,0.15702713,0.33480135,0.88658834,1.556191
S2019OR053012,JoXT2-3,45.04996871948242,-123.13687896728516,66.0,1.4,1.214639,0.18933344,0.4036824,0.81095654,1.6183214
S2019OR053012,JoXT2-3,45.04996871948242,-123.13687896728516,87.5,1.4,1.170442,0.19071503,0.40662813,0.76381385,1.5770701
S2019OR047013,JoXT3-1,44.910377,-122.90908813476562,2.5,1.2,0.93019944,0.18257286,0.389268,0.54093146,1.3194674
S2019OR047013,JoXT3-1,44.910377,-122.90908813476562,7.5,1.43,0.9910261,0.18312521,0.3904457,0.6005804,1.3814719
S2019OR047013,JoXT3-1,44.910377,-122.90908813476562,19.0,1.42,1.2004598,0.17279038,0.36841056,0.83204925,1.5688704
S2019OR047013,JoXT3-1,44.910377,-122.90908813476562,44.0,1.26,1.2412531,0.17030959,0.36312118,0.878132,1.6043743
S2019OR047013,JoXT3-1,44.910377,-122.90908813476562,80.0,1.21,1.1827359,0.21413423,0.45656076,0.7261752,1.6392967
S2019OR047013,JoXT3-2,44.910277,-122.90898895263672,2.5,1.2,0.93019944,0.18257286,0.389268,0.54093146,1.3194674
S2019OR047013,JoXT3-2,44.910277,-122.90898895263672,7.5,1.43,0.9910261,0.18312521,0.3904457,0.6005804,1.3814719
S2019OR047013,JoXT3-2,44.910277,-122.90898895263672,19.0,1.42,1.2004598,0.17279038,0.36841056,0.83204925,1.5688704
S2019OR047013,JoXT3-2,44.910277,-122.90898895263672,44.0,1.26,1.2412531,0.17030959,0.36312118,0.878132,1.6043743
S2019OR047013,JoXT3-2,44.910277,-122.90898895263672,80.0,1.21,1.1827359,0.21413423,0.45656076,0.7261752,1.6392967
S2019OR047013,JoXT3-3,44.910077,-122.9088897705078,2.5,1.2,0.93019944,0.18257286,0.389268,0.54093146,1.3194674
S2019OR047013,JoXT3-3,44.910077,-122.9088897705078,7.5,1.43,0.9910261,0.18312521,0.3904457,0.6005804,1.3814719
S2019OR047013,JoXT3-3,44.910077,-122.9088897705078,19.0,1.42,1.2004598,0.17279038,0.36841056,0.83204925,1.5688704
S2019OR047013,JoXT3-3,44.910077,-122.9088897705078,44.0,1.26,1.2412531,0.17030959,0.36312118,0.878132,1.6043743
S2019OR047013,JoXT3-3,44.910077,-122.9088897705078,80.0,1.21,1.1827359,0.21413423,0.45656076,0.7261752,1.6392967
S2019OR053014,JoV3-1,45.037101,-123.130763,2.5,1.11,0.97148204,0.15884154,0.33866987,0.63281214,1.3101519
S2019OR053014,JoV3-1,45.037101,-123.130763,7.5,1.28,0.99693084,0.15884154,0.33866987,0.65826094,1.3356007
S2019OR053014,JoV3-1,45.037101,-123.130763,33.0,1.34,1.1846749,0.15575425,0.3320874,0.85258746,1.5167623
S2019OR053014,JoV3-1,45.037101,-123.130763,65.0,1.25,1.2096401,0.186507,0.39765608,0.81198406,1.6072962
S2019OR053014,JoV3-1,45.037101,-123.130763,87.0,1.4,1.1698576,0.1842206,0.3927812,0.7770764,1.5626388
S2019OR053014,JoV3-2,45.037201,-123.130863,2.5,1.11,0.97148204,0.15884154,0.33866987,0.63281214,1.3101519
S2019OR053014,JoV3-2,45.037201,-123.130863,7.5,1.28,0.99693084,0.15884154,0.33866987,0.65826094,1.3356007
S2019OR053014,JoV3-2,45.037201,-123.130863,33.0,1.34,1.1846749,0.15575425,0.3320874,0.85258746,1.5167623
S2019OR053014,JoV3-2,45.037201,-123.130863,65.0,1.25,1.2096401,0.186507,0.39765608,0.81198406,1.6072962
S2019OR053014,JoV3-2,45.037201,-123.130863,87.0,1.4,1.1698576,0.1842206,0.3927812,0.7770764,1.5626388
S2019OR053014,JoV3-3,45.037101,-123.130563,2.5,1.11,0.97148204,0.15884154,0.33866987,0.63281214,1.3101519
S2019OR053014,JoV3-3,45.037101,-123.130563,7.5,1.28,0.99693084,0.15884154,0.33866987,0.65826094,1.3356007
S2019OR053014,JoV3-3,45.037101,-123.130563,33.0,1.34,1.1846749,0.15575425,0.3320874,0.85258746,1.5167623
S2019OR053014,JoV3-3,45.037101,-123.130563,65.0,1.25,1.2096401,0.186507,0.39765608,0.81198406,1.6072962
S2019OR053014,JoV3-3,45.037101,-123.130563,87.0,1.4,1.1698576,0.1842206,0.3927812,0.7770764,1.5626388
S2019OR047015,WoH3-1,44.948448181152344,-122.86279296875,2.5,1.22,0.86733186,0.19361411,0.41280934,0.45452252,1.2801412
S2019OR047015,WoH3-1,44.948448181152344,-122.86279296875,7.5,1.56,0.8996879,0.20015927,0.4267644,0.4729235,1.3264523
S2019OR047015,WoH3-1,44.948448181152344,-122.86279296875,27.5,1.53,1.1832248,0.19201532,0.40940052,0.7738243,1.5926254
S2019OR047015,WoH3-1,44.948448181152344,-122.86279296875,70.0,1.4,1.1543746,0.2423873,0.5167998,0.6375748,1.6711744
S2019OR047015,WoH3-1,44.948448181152344,-122.86279296875,97.5,1.39,1.1041269,0.2457584,0.5239874,0.5801395,1.6281143
S2019OR047015,WoH3-2,44.94855117797851,-122.8628921508789,2.5,1.22,0.90130925,0.17889597,0.38142842,0.51988083,1.2827377
S2019OR047015,WoH3-2,44.94855117797851,-122.8628921508789,7.5,1.56,0.9366024,0.17889597,0.38142842,0.555174,1.3180308
S2019OR047015,WoH3-2,44.94855117797851,-122.8628921508789,27.5,1.53,1.1754124,0.1735298,0.3699871,0.8054253,1.5453995
S2019OR047015,WoH3-2,44.94855117797851,-122.8628921508789,70.0,1.4,1.1561849,0.21890993,0.46674317,0.68944174,1.6229281
S2019OR047015,WoH3-2,44.94855117797851,-122.8628921508789,97.5,1.39,1.1051148,0.21860458,0.4660921,0.6390227,1.5712069
S2019OR047015,WoH3-3,44.948150634765625,-122.86258697509766,2.5,1.22,0.8832312,0.1634487,0.34849295,0.5347383,1.2317241
S2019OR047015,WoH3-3,44.948150634765625,-122.86258697509766,7.5,1.56,0.9162912,0.17263447,0.3680781,0.54821306,1.2843692
S2019OR047015,WoH3-3,44.948150634765625,-122.86258697509766,27.5,1.53,1.1596342,0.1712777,0.36518532,0.7944489,1.5248196
S2019OR047015,WoH3-3,44.948150634765625,-122.86258697509766,70.0,1.4,1.1347064,0.21303153,0.4542097,0.6804967,1.5889161
S2019OR047015,WoH3-3,44.948150634765625,-122.86258697509766,97.5,1.39,1.0870973,0.21272765,0.45356178,0.6335355,1.5406591
S2019OR047016,WoCT2-1,45.014134,-122.842842,2.5,1.22,1.0584499,0.1655692,0.3530141,0.70543575,1.411464
S2019OR047016,WoCT2-1,45.014134,-122.842842,7.5,1.47,1.0957825,0.16485122,0.35148326,0.7442993,1.4472657
S2019OR047016,WoCT2-1,45.014134,-122.842842,17.5,1.53,1.2735288,0.15220957,0.3245297,0.9489991,1.5980585
S2019OR047016,WoCT2-1,45.014134,-122.842842,41.5,1.45,1.2986543,0.1441054,0.30725062,0.9914037,1.6059049
S2019OR047016,WoCT2-1,45.014134,-122.842842,79.0,1.5,1.2571325,0.19577645,0.4174197,0.83971286,1.6745522
S2019OR047016,WoCT2-2,45.014034271240234,-122.842742,2.5,1.22,1.0584499,0.1655692,0.3530141,0.70543575,1.411464
S2019OR047016,WoCT2-2,45.014034271240234,-122.842742,7.5,1.47,1.0957825,0.16485122,0.35148326,0.7442993,1.4472657
S2019OR047016,WoCT2-2,45.014034271240234,-122.842742,17.5,1.53,1.2735288,0.15220957,0.3245297,0.9489991,1.5980585
S2019OR047016,WoCT2-2,45.014034271240234,-122.842742,41.5,1.45,1.2986543,0.1441054,0.30725062,0.9914037,1.6059049
S2019OR047016,WoCT2-2,45.014034271240234,-122.842742,79.0,1.5,1.2571325,0.19577645,0.4174197,0.83971286,1.6745522
S2019OR047016,WoCT2-3,45.013834,-122.843042,2.5,1.22,1.0215514,0.16571333,0.3533214,0.66822994,1.3748728
S2019OR047016,WoCT2-3,45.013834,-122.843042,7.5,1.47,1.0643694,0.16497032,0.35173723,0.7126322,1.4161067
S2019OR047016,WoCT2-3,45.013834,-122.843042,17.5,1.53,1.2440578,0.15184802,0.32375884,0.92029893,1.5678166
S2019OR047016,WoCT2-3,45.013834,-122.843042,41.5,1.45,1.2812848,0.15134083,0.32267743,0.9586074,1.6039622
S2019OR047016,WoCT2-3,45.013834,-122.843042,79.0,1.5,1.2376473,0.19446456,0.4146226,0.8230247,1.6522698
S2019OR071017,WoCT3-1,45.125099182128906,-123.0616683959961,2.5,1.35,1.115476,0.15443775,0.32928047,0.7861955,1.4447565
S2019OR071017,WoCT3-1,45.125099182128906,-123.0616683959961,7.5,1.5,1.1302718,0.15500315,0.33048597,0.79978585,1.4607577
S2019OR071017,WoCT3-1,45.125099182128906,-123.0616683959961,16.0,1.44,1.3256514,0.13798572,0.2942027,1.0314487,1.6198541
S2019OR071017,WoCT3-1,45.125099182128906,-123.0616683959961,39.5,1.54,1.3498751,0.13331789,0.2842503,1.0656248,1.6341254
S2019OR071017,WoCT3-1,45.125099182128906,-123.0616683959961,78.5,1.31,1.3218563,0.18334399,0.39091215,0.9309441,1.7127684
S2019OR071017,WoCT3-2,45.125099182128906,-123.06201171875,2.5,1.35,1.115476,0.15443775,0.32928047,0.7861955,1.4447565
S2019OR071017,WoCT3-2,45.125099182128906,-123.06201171875,7.5,1.5,1.1302718,0.15500315,0.33048597,0.79978585,1.4607577
S2019OR071017,WoCT3-2,45.125099182128906,-123.06201171875,16.0,1.44,1.3256514,0.13798572,0.2942027,1.0314487,1.6198541
S2019OR071017,WoCT3-2,45.125099182128906,-123.06201171875,39.5,1.54,1.3498751,0.13331789,0.2842503,1.0656248,1.6341254
S2019OR071017,WoCT3-2,45.125099182128906,-123.06201171875,78.5,1.31,1.3218563,0.18334399,0.39091215,0.9309441,1.7127684
S2019OR071017,WoCT3-3,45.12480163574219,-123.06134033203124,2.5,1.35,1.115476,0.15443775,0.32928047,0.7861955,1.4447565
S2019OR071017,WoCT3-3,45.12480163574219,-123.06134033203124,7.5,1.5,1.1302718,0.15500315,0.33048597,0.79978585,1.4607577
S2019OR071017,WoCT3-3,45.12480163574219,-123.06134033203124,16.0,1.44,1.3256514,0.13798572,0.2942027,1.0314487,1.6198541
S2019OR071017,WoCT3-3,45.12480163574219,-123.06134033203124,39.5,1.54,1.3498751,0.13331789,0.2842503,1.0656248,1.6341254
S2019OR071017,WoCT3-3,45.12480163574219,-123.06134033203124,78.5,1.31,1.3218563,0.18334399,0.39091215,0.9309441,1.7127684
S2019OR047018,WoNT3-1,44.950981,-122.8565444946289,2.5,1.17,0.94323194,0.16916548,0.3606818,0.58255017,1.3039137
S2019OR047018,WoNT3-1,44.950981,-122.8565444946289,7.5,1.34,0.9992288,0.16916548,0.3606818,0.63854694,1.3599106
S2019OR047018,WoNT3-1,44.950981,-122.8565444946289,15.5,1.36,1.2018977,0.15971486,0.34053192,0.8613658,1.5424297
S2019OR047018,WoNT3-1,44.950981,-122.8565444946289,45.5,1.46,1.2333676,0.1546751,0.3297865,0.903581,1.5631541
S2019OR047018,WoNT3-1,44.950981,-122.8565444946289,85.0,1.41,1.1616292,0.19651768,0.4190001,0.7426291,1.5806293
S2019OR047018,WoNT3-2,44.950981,-122.856644,2.5,1.17,0.94323194,0.16916548,0.3606818,0.58255017,1.3039137
S2019OR047018,WoNT3-2,44.950981,-122.856644,7.5,1.34,0.9992288,0.16916548,0.3606818,0.63854694,1.3599106
S2019OR047018,WoNT3-2,44.950981,-122.856644,15.5,1.36,1.2018977,0.15971486,0.34053192,0.8613658,1.5424297
S2019OR047018,WoNT3-2,44.950981,-122.856644,45.5,1.46,1.2333676,0.1546751,0.3297865,0.903581,1.5631541
S2019OR047018,WoNT3-2,44.950981,-122.856644,85.0,1.41,1.1616292,0.19651768,0.4190001,0.7426291,1.5806293
S2019OR047018,WoNT3-3,44.950981,-122.856744,2.5,1.17,0.94323194,0.16916548,0.3606818,0.58255017,1.3039137
S2019OR047018,WoNT3-3,44.950981,-122.856744,7.5,1.34,0.9992288,0.16916548,0.3606818,0.63854694,1.3599106
S2019OR047018,WoNT3-3,44.950981,-122.856744,15.5,1.36,1.2018977,0.15971486,0.34053192,0.8613658,1.5424297
S2019OR047018,WoNT3-3,44.950981,-122.856744,45.5,1.46,1.2333676,0.1546751,0.3297865,0.903581,1.5631541
S2019OR047018,WoNT3-3,44.950981,-122.856744,85.0,1.41,1.1616292,0.19651768,0.4190001,0.7426291,1.5806293
IL-115-SW-WDFLD-001,IL-115-SW-WDFLD-001,39.86606216430664,-88.798131,2.5,1.019267248,1.3808796,0.11336462,0.24170746,1.1391722,1.6225871
IL-115-SW-WDFLD-001,IL-115-SW-WDFLD-001,39.86606216430664,-88.798131,7.5,1.656952954,1.3802198,0.11336462,0.24170746,1.1385124,1.6219273
IL-115-SW-WDFLD-001,IL-115-SW-WDFLD-001,39.86606216430664,-88.798131,15.0,1.524652906,1.4308194,0.104302466,0.22238581,1.2084336,1.6532052
IL-115-SW-WDFLD-001,IL-115-SW-WDFLD-001,39.86606216430664,-88.798131,25.0,1.62548793,1.432181,0.104302466,0.22238581,1.2097952,1.6545668
IL-115-SW-WDFLD-001,IL-115-SW-WDFLD-001,39.86606216430664,-88.798131,40.0,1.584755248,1.4331645,0.10122923,0.21583329,1.2173312,1.6489978
IL-115-SW-WDFLD-001,IL-115-SW-WDFLD-001,39.86606216430664,-88.798131,75.0,1.602585594,1.2641152,0.18760392,0.39999485,0.86412036,1.6641101
IL-115-SW-WDFLD-002,IL-115-SW-WDFLD-002,39.86539459228515,-88.799917,2.5,0.926176463,1.3967432,0.11300235,0.24093504,1.1558081,1.6376783
IL-115-SW-WDFLD-002,IL-115-SW-WDFLD-002,39.86539459228515,-88.799917,7.5,1.515364479,1.3984746,0.11300235,0.24093504,1.1575395,1.6394097
IL-115-SW-WDFLD-002,IL-115-SW-WDFLD-002,39.86539459228515,-88.799917,15.0,1.681043535,1.4533974,0.1044409,0.22268097,1.2307165,1.6760783
IL-115-SW-WDFLD-002,IL-115-SW-WDFLD-002,39.86539459228515,-88.799917,25.0,1.511683267,1.4547716,0.1044409,0.22268097,1.2320907,1.6774526
IL-115-SW-WDFLD-002,IL-115-SW-WDFLD-002,39.86539459228515,-88.799917,40.0,1.569032727,1.4562088,0.10136728,0.21612763,1.2400812,1.6723365
IL-115-SW-WDFLD-002,IL-115-SW-WDFLD-002,39.86539459228515,-88.799917,75.0,1.620441523,1.279139,0.18896312,0.40289283,0.8762462,1.6820319
IL-115-SW-WDFLD-003,IL-115-SW-WDFLD-003,39.868482,-88.798039,2.5,0.934091939,1.3977648,0.111190975,0.23707296,1.1606919,1.6348377
IL-115-SW-WDFLD-003,IL-115-SW-WDFLD-003,39.868482,-88.798039,7.5,1.455328051,1.3955743,0.111190975,0.23707296,1.1585014,1.6326473
IL-115-SW-WDFLD-003,IL-115-SW-WDFLD-003,39.868482,-88.798039,15.0,1.503943493,1.4328738,0.10258776,0.21872984,1.214144,1.6516037
IL-115-SW-WDFLD-003,IL-115-SW-WDFLD-003,39.868482,-88.798039,25.0,1.600976084,1.4342365,0.10258776,0.21872984,1.2155067,1.6529664
IL-115-SW-WDFLD-003,IL-115-SW-WDFLD-003,39.868482,-88.798039,40.0,1.581240828,1.4352207,0.09951929,0.21218748,1.2230332,1.6474082
IL-115-SW-WDFLD-003,IL-115-SW-WDFLD-003,39.868482,-88.798039,75.0,1.588602416,1.2697351,0.1878031,0.40041953,0.86931556,1.6701546
IL-115-SW-ETAL-001,IL-115-SW-ETAL-001,39.895068,-88.745608,2.5,1.059745323,1.3895446,0.11171667,0.23819382,1.1513507,1.6277385
IL-115-SW-ETAL-001,IL-115-SW-ETAL-001,39.895068,-88.745608,7.5,1.577562333,1.3854084,0.11171667,0.23819382,1.1472145,1.6236023
IL-115-SW-ETAL-001,IL-115-SW-ETAL-001,39.895068,-88.745608,15.0,1.517352536,1.4385974,0.101743,0.2169287,1.2216687,1.6555262
IL-115-SW-ETAL-001,IL-115-SW-ETAL-001,39.895068,-88.745608,25.0,1.578291924,1.4398423,0.101743,0.2169287,1.2229136,1.6567711
IL-115-SW-ETAL-001,IL-115-SW-ETAL-001,39.895068,-88.745608,40.0,1.478370287,1.4412708,0.09832162,0.2096339,1.2316369,1.6509048
IL-115-SW-ETAL-001,IL-115-SW-ETAL-001,39.895068,-88.745608,75.0,1.542211322,1.293722,0.18948227,0.40399975,0.8897223,1.6977217
IL-115-SW-ETAL-002,IL-115-SW-ETAL-002,39.895384,-88.746645,2.5,1.008040096,1.3904407,0.11084941,0.23634471,1.154096,1.6267854
IL-115-SW-ETAL-002,IL-115-SW-ETAL-002,39.895384,-88.746645,7.5,1.522847525,1.3876873,0.11084941,0.23634471,1.1513426,1.624032
IL-115-SW-ETAL-002,IL-115-SW-ETAL-002,39.895384,-88.746645,15.0,1.536589828,1.4453363,0.10003364,0.21328415,1.2320522,1.6586205
IL-115-SW-ETAL-002,IL-115-SW-ETAL-002,39.895384,-88.746645,25.0,1.601544033,1.4465847,0.10003364,0.21328415,1.2333006,1.6598688
IL-115-SW-ETAL-002,IL-115-SW-ETAL-002,39.895384,-88.746645,40.0,1.490996178,1.4480172,0.09661757,0.20600066,1.2420166,1.6540179
IL-115-SW-ETAL-002,IL-115-SW-ETAL-002,39.895384,-88.746645,75.0,1.547465262,1.2951821,0.18976755,0.40460798,0.8905741,1.6997901
IL-115-SW-ETAL-003,IL-115-SW-ETAL-003,39.901458740234375,-88.746587,2.5,1.061123714,1.407894,0.10800494,0.23027995,1.1776141,1.6381739
IL-115-SW-ETAL-003,IL-115-SW-ETAL-003,39.901458740234375,-88.746587,7.5,1.422961803,1.4044192,0.10800494,0.23027995,1.1741393,1.6346991
IL-115-SW-ETAL-003,IL-115-SW-ETAL-003,39.901458740234375,-88.746587,15.0,1.553405381,1.4592677,0.098502874,0.21002036,1.2492473,1.6692882
IL-115-SW-ETAL-003,IL-115-SW-ETAL-003,39.901458740234375,-88.746587,25.0,1.520182194,1.4605234,0.098502874,0.21002036,1.2505031,1.6705437
IL-115-SW-ETAL-003,IL-115-SW-ETAL-003,39.901458740234375,-88.746587,40.0,1.622686839,1.4615182,0.094715685,0.2019456,1.2595725,1.6634638
IL-115-SW-ETAL-003,IL-115-SW-ETAL-003,39.901458740234375,-88.746587,75.0,1.594135287,1.309119,0.19247513,0.41038087,0.89873815,1.7194998
IL-147-SW-TS-001,IL-147-SW-TS-001,39.876683,-88.700021,2.5,1.176885435,1.4011865,0.10232546,0.2181706,1.1830158,1.6193571
IL-147-SW-TS-001,IL-147-SW-TS-001,39.876683,-88.700021,7.5,1.499133067,1.3922446,0.10232546,0.2181706,1.1740739,1.6104152
IL-147-SW-TS-001,IL-147-SW-TS-001,39.876683,-88.700021,15.0,1.625939676,1.4294922,0.095962964,0.20460495,1.2248873,1.6340972
IL-147-SW-TS-001,IL-147-SW-TS-001,39.876683,-88.700021,25.0,1.499337687,1.4313263,0.095962964,0.20460495,1.2267213,1.6359313
IL-147-SW-TS-001,IL-147-SW-TS-001,39.876683,-88.700021,40.0,1.573813969,1.4323094,0.09255954,0.19734843,1.2349609,1.6296579
IL-147-SW-TS-001,IL-147-SW-TS-001,39.876683,-88.700021,75.0,1.672023687,1.2890614,0.17954005,0.38280168,0.9062598,1.6718631
IL-147-SW-TS-002,IL-147-SW-TS-002,39.878541,-88.700776,2.5,1.151373061,1.3963202,0.10325014,0.22014211,1.1761781,1.6164623
IL-147-SW-TS-002,IL-147-SW-TS-002,39.878541,-88.700776,7.5,1.523168736,1.3897,0.10488855,0.22363542,1.1660646,1.6133355
IL-147-SW-TS-002,IL-147-SW-TS-002,39.878541,-88.700776,15.0,1.57216405,1.4320008,0.0968823,0.2065651,1.2254356,1.6385659
IL-147-SW-TS-002,IL-147-SW-TS-002,39.878541,-88.700776,25.0,1.653609766,1.4338367,0.0968823,0.2065651,1.2272716,1.6404018
IL-147-SW-TS-002,IL-147-SW-TS-002,39.878541,-88.700776,40.0,1.644970098,1.4348208,0.09347602,0.19930248,1.2355183,1.6341232
IL-147-SW-TS-002,IL-147-SW-TS-002,39.878541,-88.700776,75.0,1.634516266,1.284637,0.18227321,0.3886291,0.8960079,1.673266
IL-147-SW-TS-003,IL-147-SW-TS-003,39.878261,-88.705988,2.5,0.952734709,1.4070886,0.103207186,0.22005054,1.1870381,1.6271392
IL-147-SW-TS-003,IL-147-SW-TS-003,39.878261,-88.705988,7.5,1.528427853,1.4020847,0.103207186,0.22005054,1.1820341,1.6221353
IL-147-SW-TS-003,IL-147-SW-TS-003,39.878261,-88.705988,15.0,1.530007981,1.4406253,0.09597786,0.20463671,1.2359886,1.645262
IL-147-SW-TS-003,IL-147-SW-TS-003,39.878261,-88.705988,25.0,1.803756022,1.4424678,0.09597786,0.20463671,1.2378311,1.6471045
IL-147-SW-TS-003,IL-147-SW-TS-003,39.878261,-88.705988,40.0,1.584431446,1.4434555,0.09257439,0.1973801,1.2460754,1.6408355
IL-147-SW-TS-003,IL-147-SW-TS-003,39.878261,-88.705988,75.0,1.613483464,1.275479,0.17791867,0.3793447,0.89613426,1.6548237
IL-147-SW-CRP-001,IL-147-SW-CRP-001,39.895694,-88.743611,2.5,1.447685892,1.4153752,0.108707465,0.23177782,1.1835974,1.647153
IL-147-SW-CRP-001,IL-147-SW-CRP-001,39.895694,-88.743611,7.5,1.888319016,1.410689,0.108707465,0.23177782,1.1789112,1.6424668
IL-147-SW-CRP-001,IL-147-SW-CRP-001,39.895694,-88.743611,15.0,1.777285093,1.4474537,0.10149778,0.21640587,1.2310479,1.6638596
IL-147-SW-CRP-001,IL-147-SW-CRP-001,39.895694,-88.743611,25.0,1.411527091,1.4487033,0.10149778,0.21640587,1.2322974,1.6651092
IL-147-SW-CRP-001,IL-147-SW-CRP-001,39.895694,-88.743611,40.0,1.580779661,1.4496933,0.09807716,0.20911269,1.2405807,1.658806
IL-147-SW-CRP-001,IL-147-SW-CRP-001,39.895694,-88.743611,75.0,1.615054336,1.3007994,0.18682763,0.39833972,0.9024596,1.6991391
IL-147-SW-CRP-002,IL-147-SW-CRP-002,39.896889,-88.743611,2.5,1.052235458,1.4153607,0.10717214,0.22850432,1.1868564,1.643865
IL-147-SW-CRP-002,IL-147-SW-CRP-002,39.896889,-88.743611,7.5,1.538188252,1.406713,0.10717214,0.22850432,1.1782087,1.6352173
IL-147-SW-CRP-002,IL-147-SW-CRP-002,39.896889,-88.743611,15.0,1.489643023,1.4439331,0.099972434,0.21315365,1.2307795,1.6570867
IL-147-SW-CRP-002,IL-147-SW-CRP-002,39.896889,-88.743611,25.0,1.609299136,1.4451809,0.099972434,0.21315365,1.2320273,1.6583345
IL-147-SW-CRP-002,IL-147-SW-CRP-002,39.896889,-88.743611,40.0,1.539130753,1.4466125,0.09655655,0.20587055,1.240742,1.652483
IL-147-SW-CRP-002,IL-147-SW-CRP-002,39.896889,-88.743611,75.0,1.569279905,1.3107425,0.18718715,0.39910626,0.91163623,1.7098488
IL-147-SW-CRP-003,IL-147-SW-CRP-003,39.898194,-88.743333,2.5,1.255692801,1.4156221,0.10717214,0.22850432,1.1871178,1.6441264
IL-147-SW-CRP-003,IL-147-SW-CRP-003,39.898194,-88.743333,7.5,1.630885247,1.4069735,0.10717214,0.22850432,1.1784692,1.6354778
IL-147-SW-CRP-003,IL-147-SW-CRP-003,39.898194,-88.743333,15.0,1.651329895,1.4441977,0.099972434,0.21315365,1.231044,1.6573513
IL-147-SW-CRP-003,IL-147-SW-CRP-003,39.898194,-88.743333,25.0,1.619216887,1.4454455,0.099972434,0.21315365,1.2322919,1.6585991
IL-147-SW-CRP-003,IL-147-SW-CRP-003,39.898194,-88.743333,40.0,1.580593012,1.4468774,0.09655655,0.20587055,1.2410069,1.6527479
IL-147-SW-CRP-003,IL-147-SW-CRP-003,39.898194,-88.743333,75.0,1.499399801,1.311962,0.18718715,0.39910626,0.91285574,1.7110683
IL-019-SW-ARBRTM-001,IL-019-SW-ARBRTM-001,40.0916401,-88.216396,2.5,1.133035004,1.2885816,0.15350139,0.32728404,0.9612976,1.6158657
IL-019-SW-ARBRTM-001,IL-019-SW-ARBRTM-001,40.0916401,-88.216396,15.0,1.401303885,1.4309738,0.12144457,0.25893492,1.1720388,1.6899087
IL-019-SW-ARBRTM-001,IL-019-SW-ARBRTM-001,40.0916401,-88.216396,25.0,1.505640297,1.4487952,0.119278505,0.2543166,1.1944786,1.7031118
IL-019-SW-ARBRTM-001,IL-019-SW-ARBRTM-001,40.0916401,-88.216396,40.0,1.47094083,1.4508488,0.11627633,0.24791558,1.2029332,1.6987644
IL-019-SW-ARBRTM-001,IL-019-SW-ARBRTM-001,40.0916401,-88.216396,75.0,1.608168063,1.245288,0.2067515,0.44081986,0.80446815,1.6861079
IL-019-SW-ARBRTM-002,IL-019-SW-ARBRTM-002,40.0918033,-88.2161899,2.5,0.994371983,1.2885816,0.15514445,0.33078724,0.95779437,1.6193688
IL-019-SW-ARBRTM-002,IL-019-SW-ARBRTM-002,40.0918033,-88.2161899,7.5,1.195271529,1.3187467,0.14666894,0.3127164,1.0060303,1.631463
IL-019-SW-ARBRTM-002,IL-019-SW-ARBRTM-002,40.0918033,-88.2161899,15.0,1.388169626,1.4309738,0.121796,0.2596842,1.1712896,1.690658
IL-019-SW-ARBRTM-002,IL-019-SW-ARBRTM-002,40.0918033,-88.2161899,25.0,1.318460552,1.4487952,0.119629264,0.25506446,1.1937307,1.7038597
IL-019-SW-ARBRTM-002,IL-019-SW-ARBRTM-002,40.0918033,-88.2161899,40.0,1.462408937,1.4508488,0.11662614,0.24866141,1.2021874,1.6995102
IL-019-SW-ARBRTM-002,IL-019-SW-ARBRTM-002,40.0918033,-88.2161899,75.0,1.62427423,1.245288,0.20712964,0.44162613,0.8036619,1.6869142
IL-019-SW-ARBRTM-003,IL-019-SW-ARBRTM-003,40.0914285,-88.2159005,2.5,1.035571668,1.2885816,0.15350139,0.32728404,0.9612976,1.6158657
IL-019-SW-ARBRTM-003,IL-019-SW-ARBRTM-003,40.0914285,-88.2159005,7.5,1.304833526,1.3187467,0.14503792,0.30923885,1.0095079,1.6279855
IL-019-SW-ARBRTM-003,IL-019-SW-ARBRTM-003,40.0914285,-88.2159005,15.0,1.470932253,1.4309738,0.12144457,0.25893492,1.1720388,1.6899087
IL-019-SW-ARBRTM-003,IL-019-SW-ARBRTM-003,40.0914285,-88.2159005,25.0,1.376170464,1.4487952,0.119278505,0.2543166,1.1944786,1.7031118
IL-019-SW-ARBRTM-003,IL-019-SW-ARBRTM-003,40.0914285,-88.2159005,40.0,1.559880307,1.4508488,0.11627633,0.24791558,1.2029332,1.6987644
IL-019-SW-ARBRTM-003,IL-019-SW-ARBRTM-003,40.0914285,-88.2159005,75.0,1.756635779,1.245288,0.2067515,0.44081986,0.80446815,1.6861079
TX-AX1-1-CON,AX1-1,26.371829986572266,-97.86128997802734,2.5,1.468682925,1.441424,0.13845286,0.29519868,1.1462253,1.7366227
TX-AX1-1-CON,AX1-1,26.371829986572266,-97.86128997802734,7.5,1.657294368,1.4521348,0.13791946,0.2940614,1.1580734,1.7461963
TX-AX1-1-CON,AX1-1,26.371829986572266,-97.86128997802734,20.0,1.32280528,1.489617,0.11995965,0.25576887,1.2338481,1.7453859
TX-AX1-2-CON,AX1-2,26.376803,-97.861285,2.5,1.576974253,1.4410696,0.13186422,0.2811509,1.1599187,1.7222205
TX-AX1-2-CON,AX1-2,26.376803,-97.861285,7.5,1.945553257,1.450461,0.13133384,0.28002006,1.1704409,1.7304811
TX-AX1-2-CON,AX1-2,26.376803,-97.861285,20.0,1.960898575,1.4892808,0.11444121,0.24400286,1.245278,1.7332836
TX-AX1-3-CON,AX1-3,26.381147384643555,-97.861396,2.5,1.462175733,1.4032105,0.13686197,0.2918067,1.1114038,1.6950172
TX-AX1-3-CON,AX1-3,26.381147384643555,-97.861396,7.5,1.793459787,1.4149325,0.13686197,0.2918067,1.1231258,1.7067392
TX-AX1-3-CON,AX1-3,26.381147384643555,-97.861396,20.0,1.6303915,1.4378588,0.1260422,0.2687376,1.1691213,1.7065964
TX-AX2-1-CON,AX2-1,26.372257232666016,-97.860439,2.5,1.856880627,1.4408094,0.13993254,0.29835355,1.1424558,1.7391629
TX-AX2-1-CON,AX2-1,26.372257232666016,-97.860439,7.5,0.680341482,1.4559113,0.13939846,0.2972148,1.1586964,1.7531261
TX-AX2-1-CON,AX2-1,26.372257232666016,-97.860439,20.0,1.59571885,1.4924269,0.121415295,0.25887248,1.2335544,1.7512994
TX-AX2-2-CON,AX2-2,26.372359,-97.854799,2.5,1.208201004,1.4732141,0.123871475,0.26410937,1.2091048,1.7373235
TX-AX2-2-CON,AX2-2,26.372359,-97.854799,7.5,1.751308723,1.4823678,0.123871475,0.26410937,1.2182584,1.7464771
TX-AX2-2-CON,AX2-2,26.372359,-97.854799,20.0,1.614366326,1.5214931,0.11952429,0.25484064,1.2666525,1.7763337
TX-AX2-3-CON,AX2-3,26.372348,-97.841816,2.5,1.413614599,1.4528319,0.13689788,0.29188326,1.1609486,1.7447151
TX-AX2-3-CON,AX2-3,26.372348,-97.841816,7.5,1.777628857,1.4619099,0.13543865,0.28877202,1.1731379,1.7506819
TX-AX2-3-CON,AX2-3,26.372348,-97.841816,20.0,1.650981421,1.5004854,0.12089366,0.2577603,1.2427251,1.7582457
TX-AX3-1-CON,AX3-1,26.449237,-97.845711,2.5,1.668560551,1.4306914,0.13811561,0.29447964,1.1362118,1.725171
TX-AX3-1-CON,AX3-1,26.449237,-97.845711,7.5,1.815506541,1.4392204,0.13481012,0.28743193,1.1517885,1.7266524
TX-AX3-1-CON,AX3-1,26.449237,-97.845711,20.0,1.886891408,1.4832813,0.11375264,0.24253476,1.2407465,1.725816
TX-AX3-2-CON,AX3-2,26.45138326,-97.84310718,2.5,1.639132504,1.4548409,0.1423356,0.30347717,1.1513637,1.7583181
TX-AX3-2-CON,AX3-2,26.45138326,-97.84310718,7.5,1.442557035,1.4639951,0.14086936,0.30035096,1.1636441,1.7643461
TX-AX3-2-CON,AX3-2,26.45138326,-97.84310718,20.0,1.626700854,1.5042119,0.12282634,0.261881,1.2423309,1.7660929
TX-AX3-3-CON,AX3-3,26.451224,-97.842418,7.5,1.592513816,1.4615608,0.14233667,0.30347946,1.1580814,1.7650403
TX-AX3-3-CON,AX3-3,26.451224,-97.842418,20.0,1.862513719,1.5017378,0.12368691,0.26371586,1.238022,1.7654537
TX-AY1-1-INT,AY1-1,26.429164,-97.87774658203124,2.5,1.748783544,1.4442881,0.13449815,0.28676677,1.1575214,1.7310549
TX-AY1-2-INT,AY1-2,26.428431,-97.876675,2.5,1.113603916,1.4529269,0.13551454,0.28893384,1.163993,1.7418607
TX-AY1-2-INT,AY1-2,26.428431,-97.876675,7.5,1.741305129,1.4631827,0.1332778,0.28416482,1.1790179,1.7473475
TX-AY1-2-INT,AY1-2,26.428431,-97.876675,20.0,1.308236939,1.5018234,0.11534731,0.24593478,1.2558887,1.7477582
TX-AY1-3-INT,AY1-3,26.423498153686523,-97.878012,2.5,1.904179171,1.4499644,0.1375648,0.29330522,1.1566591,1.7432697
TX-AY1-3-INT,AY1-3,26.423498153686523,-97.878012,20.0,1.592416693,1.4979483,0.11842398,0.25249463,1.2454536,1.750443
TX-AY2-1-INT,AY2-1,26.417867,-97.87735748291016,7.5,1.260064295,1.4719796,0.124134354,0.26466987,1.2073097,1.7366495
TX-AY2-1-INT,AY2-1,26.417867,-97.87735748291016,20.0,1.675553354,1.5079186,0.11948216,0.2547508,1.2531679,1.7626693
TX-AY2-2-INT,AY2-2,26.408338,-97.877546,2.5,1.86727271,1.4575452,0.13728805,0.29271516,1.16483,1.7502604
TX-AY2-2-INT,AY2-2,26.408338,-97.877546,20.0,1.378650583,1.5054785,0.11942413,0.25462708,1.2508514,1.7601056
TX-AY2-3-INT,AY2-3,26.408107,-97.867819,7.5,1.665452638,1.4586952,0.1357012,0.2893318,1.1693634,1.748027
TX-AY2-3-INT,AY2-3,26.408107,-97.867819,20.0,1.238891641,1.4974475,0.11771802,0.25098944,1.246458,1.7484369
TX-AY3-1-INT,AY3-1,26.378011,-97.894115,2.5,1.609704457,1.3992227,0.14494242,0.30903524,1.0901875,1.7082579
TX-AY3-1-INT,AY3-1,26.378011,-97.894115,7.5,1.659916669,1.4076575,0.14494242,0.30903524,1.0986223,1.7166927
TX-AY3-1-INT,AY3-1,26.378011,-97.894115,20.0,1.589891514,1.4521538,0.13114916,0.27962628,1.1725276,1.73178
TX-AY3-2-INT,AY3-2,26.371559,-97.882158,2.5,1.810844672,1.3031996,0.16443679,0.35059965,0.9526,1.6537993
TX-AY3-2-INT,AY3-2,26.371559,-97.882158,20.0,1.819100065,1.3701959,0.15113026,0.3222285,1.0479674,1.6924243
TX-AY3-3-INT,AY3-3,26.371856,-97.88148498535156,2.5,1.895243923,1.4007499,0.14425316,0.30756566,1.0931842,1.7083156
TX-AY3-3-INT,AY3-3,26.371856,-97.88148498535156,7.5,1.745772753,1.4096115,0.14425316,0.30756566,1.1020458,1.7171772
TX-AY3-3-INT,AY3-3,26.371856,-97.88148498535156,20.0,1.984402164,1.4531959,0.12908731,0.2752302,1.1779658,1.7284261
TX-AZ1-1-STR,AZ1-1,26.442916,-97.81415557861328,20.0,1.369715335,1.5071999,0.1173692,0.2502457,1.2569542,1.7574456
TX-AZ1-2-STR,AZ1-2,26.440373,-97.81413269042967,20.0,1.901848237,1.5092193,0.11739048,0.25029108,1.2589282,1.7595104
TX-AZ1-3-STR,AZ1-3,26.441953659057617,-97.814157,20.0,1.610869924,1.5059503,0.1173692,0.2502457,1.2557046,1.756196
TX-AZ2-1-STR,AZ2-1,26.35834312438965,-97.857232,2.5,1.233938405,1.4432247,0.13941202,0.29724374,1.145981,1.7404684
TX-AZ2-1-STR,AZ2-1,26.35834312438965,-97.857232,7.5,0.991812593,1.4560869,0.13941202,0.29724374,1.1588432,1.7533306
TX-AZ2-1-STR,AZ2-1,26.35834312438965,-97.857232,20.0,1.35708944,1.4941801,0.124680236,0.26583374,1.2283463,1.7600138
TX-AZ2-2-STR,AZ2-2,26.358388,-97.846311,2.5,1.241805309,1.4538127,0.14052752,0.29962212,1.1541905,1.7534349
TX-AZ2-2-STR,AZ2-2,26.358388,-97.846311,7.5,1.186834105,1.4634486,0.13906357,0.2965008,1.1669478,1.7599494
TX-AZ2-2-STR,AZ2-2,26.358388,-97.846311,20.0,1.235395239,1.5018885,0.12129845,0.25862336,1.2432652,1.7605119
TX-AZ2-3-STR,AZ2-3,26.365039825439453,-97.85823822021484,2.5,1.344269301,1.441686,0.14467606,0.30846733,1.1332188,1.7501533
TX-AZ2-3-STR,AZ2-3,26.365039825439453,-97.85823822021484,7.5,1.505977876,1.4453375,0.14413972,0.30732378,1.1380137,1.7526613
TX-AZ2-3-STR,AZ2-3,26.365039825439453,-97.85823822021484,20.0,1.521808805,1.4773136,0.12391926,0.26421127,1.2131023,1.7415249
TX-AZ3-1-STR,AZ3-1,26.389298,-97.852623,2.5,1.695851908,1.4394656,0.14689231,0.31319264,1.126273,1.7526582
TX-AZ3-1-STR,AZ3-1,26.389298,-97.852623,7.5,0.815535678,1.4574908,0.14635497,0.31204697,1.1454438,1.7695378
TX-AZ3-1-STR,AZ3-1,26.389298,-97.852623,20.0,0.883521265,1.4900136,0.12777112,0.2724239,1.2175897,1.7624375
TX-AZ3-2-STR,AZ3-2,26.387731,-97.852666,2.5,1.401862805,1.438606,0.1461771,0.31166774,1.1269383,1.7502737
TX-AZ3-2-STR,AZ3-2,26.387731,-97.852666,7.5,1.639909482,1.4573478,0.14564005,0.31052268,1.1468251,1.7678704
TX-AZ3-2-STR,AZ3-2,26.387731,-97.852666,20.0,0.951506852,1.4928696,0.12549154,0.26756355,1.225306,1.7604332
TX-AZ3-3-STR,AZ3-3,26.38783264160156,-97.849146,2.5,1.336596642,1.4443012,0.15032172,0.32050458,1.1237967,1.7648058
TX-AZ3-3-STR,AZ3-3,26.38783264160156,-97.849146,7.5,1.267931199,1.4631866,0.14884521,0.31735647,1.1458302,1.7805431
TX-AZ3-3-STR,AZ3-3,26.38783264160156,-97.849146,20.0,1.434981498,1.4957848,0.12823428,0.27341142,1.2223734,1.7691962
TX-AR2-1-REF,AR2-1,26.309165954589844,-98.203663,2.5,1.977215116,1.304036,0.18030944,0.38444212,0.91959393,1.6884781
TX-AR2-1-REF,AR2-1,26.309165954589844,-98.203663,7.5,1.868535299,1.3404123,0.16961107,0.36163187,0.9787804,1.7020441
TX-AR2-1-REF,AR2-1,26.309165954589844,-98.203663,20.0,1.656420267,1.4185644,0.15655088,0.33378592,1.0847785,1.7523503
TX-AR2-2-REF,AR2-2,26.30907954,-98.20307159423828,20.0,1.491118169,1.39108,0.15809703,0.3370825,1.0539975,1.7281625
TX-AR2-3-REF,AR2-3,26.3089599609375,-98.202272,7.5,1.800549712,1.312057,0.17737055,0.37817603,0.933881,1.690233
TX-AR3-1-REF,AR3-1,26.425935745239254,-97.865571,2.5,0.887988889,1.2890226,0.17874406,0.38110453,0.90791804,1.6701272
TX-AR3-1-REF,AR3-1,26.425935745239254,-97.865571,7.5,1.305614638,1.2919947,0.17874406,0.38110453,0.91089016,1.6730993
TX-AR3-1-REF,AR3-1,26.425935745239254,-97.865571,20.0,1.321639812,1.372977,0.16078426,0.342812,1.030165,1.7157891
TX-AR3-2-REF,AR3-2,26.425750732421875,-97.86554718017578,2.5,1.842895021,1.3069681,0.16573459,0.35336673,0.95360136,1.6603348
TX-AR3-2-REF,AR3-2,26.425750732421875,-97.86554718017578,7.5,1.342035488,1.3275926,0.16527425,0.35238522,0.9752074,1.6799779
TX-AR3-2-REF,AR3-2,26.425750732421875,-97.86554718017578,20.0,1.677204433,1.4116659,0.15285864,0.3259136,1.0857522,1.7375796
TX-AR3-3-REF,AR3-3,26.425912,-97.863987,2.5,1.156531958,1.3961213,0.15171647,0.32347837,1.0726429,1.7195996
TX-AR3-3-REF,AR3-3,26.425912,-97.863987,7.5,1.545021027,1.4073706,0.15171647,0.32347837,1.0838922,1.7308489
TX-AR3-3-REF,AR3-3,26.425912,-97.863987,20.0,1.302409603,1.4652267,0.1386218,0.2955589,1.1696677,1.7607856
S2020CT013001,PaN1-1,41.797167,-72.22985076904297,2.5,1.05,1.0715679,0.17346641,0.36985195,0.70171595,1.4414198
S2020CT013001,PaN1-1,41.797167,-72.22985076904297,7.5,1.2,1.1204507,0.17346641,0.36985195,0.7505988,1.4903027
S2020CT013001,PaN1-1,41.797167,-72.22985076904297,16.5,1.2,1.1515597,0.1751155,0.373368,0.7781917,1.5249277
S2020CT013001,PaN1-1,41.797167,-72.22985076904297,36.0,1.52,1.166996,0.17256823,0.3679369,0.7990591,1.5349329
S2020CT013001,PaN1-1,41.797167,-72.22985076904297,62.5,1.53,1.0854326,0.20040512,0.4272886,0.65814406,1.5127213
S2020CT013001,PaN1-1,41.797167,-72.22985076904297,83.0,1.71,0.93667096,0.20292583,0.43266308,0.5040079,1.369334
S2020CT013001,PaN1-1,41.797167,-72.22985076904297,101.5,1.8,0.92810893,0.20292583,0.43266308,0.49544585,1.360772
S2020CT013002,PaT1-1,41.79724884033203,-72.229722,7.5,1.41,1.1204507,0.17346641,0.36985195,0.7505988,1.4903027
S2020CT013002,PaT1-1,41.79724884033203,-72.229722,17.0,1.44,1.1495726,0.1751155,0.373368,0.7762046,1.5229406
S2020CT013002,PaT1-1,41.79724884033203,-72.229722,31.0,1.44,1.166996,0.1751155,0.373368,0.793628,1.540364
S2020CT013002,PaT1-1,41.79724884033203,-72.229722,45.0,1.5,1.169635,0.17135122,0.36534208,0.804293,1.5349772
S2020CT013002,PaT1-1,41.79724884033203,-72.229722,62.0,1.46,1.0854326,0.20040512,0.4272886,0.65814406,1.5127213
S2020CT013002,PaT1-1,41.79724884033203,-72.229722,94.0,1.85,0.9255664,0.20292583,0.43266308,0.4929033,1.3582294
S2020CT013003,PaT1-2,41.797389,-72.2300556,2.5,1.15,1.0715679,0.17346641,0.36985195,0.70171595,1.4414198
S2020CT013003,PaT1-2,41.797389,-72.2300556,7.5,1.38,1.1204507,0.17346641,0.36985195,0.7505988,1.4903027
S2020CT013003,PaT1-2,41.797389,-72.2300556,19.5,1.51,1.1609029,0.1751155,0.373368,0.78753483,1.5342709
S2020CT013003,PaT1-2,41.797389,-72.2300556,34.5,1.54,1.166996,0.17280447,0.3684406,0.7985554,1.5354366
S2020CT013003,PaT1-2,41.797389,-72.2300556,56.5,1.77,1.1356299,0.180558,0.38497207,0.7506578,1.520602
S2020CT013003,PaT1-2,41.797389,-72.2300556,80.0,1.85,0.9350489,0.20414412,0.43526062,0.49978825,1.3703095
S2020CT013003,PaT1-2,41.797389,-72.2300556,101.0,1.94,0.92810893,0.20292583,0.43266308,0.49544585,1.360772
S2020CT013004,PaN1-2,41.7975278,-72.2302474975586,2.5,1.27,1.0715679,0.17346641,0.36985195,0.70171595,1.4414198
S2020CT013004,PaN1-2,41.7975278,-72.2302474975586,7.5,1.46,1.1204507,0.17346641,0.36985195,0.7505988,1.4903027
S2020CT013004,PaN1-2,41.7975278,-72.2302474975586,16.0,1.42,1.1515597,0.1751155,0.373368,0.7781917,1.5249277
S2020CT013004,PaN1-2,41.7975278,-72.2302474975586,28.0,1.46,1.166996,0.1751155,0.373368,0.793628,1.540364
S2020CT013004,PaN1-2,41.7975278,-72.2302474975586,48.5,1.76,1.1671486,0.17135122,0.36534208,0.8018065,1.5324907
S2020CT013004,PaN1-2,41.7975278,-72.2302474975586,83.5,1.99,0.93879247,0.20292583,0.43266308,0.5061294,1.3714556
S2020CT013006,PaN1-3,41.79774856567383,-72.2305556,2.5,1.19,1.0715679,0.17346641,0.36985195,0.70171595,1.4414198
S2020CT013006,PaN1-3,41.79774856567383,-72.2305556,7.5,1.42,1.1204507,0.17346641,0.36985195,0.7505988,1.4903027
S2020CT013006,PaN1-3,41.79774856567383,-72.2305556,19.0,1.29,1.1609029,0.1751155,0.373368,0.78753483,1.5342709
S2020CT013006,PaN1-3,41.79774856567383,-72.2305556,29.5,1.56,1.166996,0.1751155,0.373368,0.793628,1.540364
S2020CT013006,PaN1-3,41.79774856567383,-72.2305556,48.0,1.88,1.1671486,0.17135122,0.36534208,0.8018065,1.5324907
S2020CT013005,PaT1-3,41.7975833,-72.2303333,2.5,1.28,1.0715679,0.17346641,0.36985195,0.70171595,1.4414198
S2020CT013005,PaT1-3,41.7975833,-72.2303333,7.5,1.57,1.1204507,0.17346641,0.36985195,0.7505988,1.4903027
S2020CT013005,PaT1-3,41.7975833,-72.2303333,17.5,1.68,1.1495726,0.1751155,0.373368,0.7762046,1.5229406
S2020CT013005,PaT1-3,41.7975833,-72.2303333,28.0,1.66,1.166996,0.1751155,0.373368,0.793628,1.540364
S2020CT013005,PaT1-3,41.7975833,-72.2303333,46.0,1.87,1.169635,0.17135122,0.36534208,0.804293,1.5349772
S2020CT013005,PaT1-3,41.7975833,-72.2303333,76.0,1.97,0.945685,0.20414412,0.43526062,0.5104244,1.3809457
S2020CT013007,PaM1-1,41.8184833,-72.2374496459961,2.5,1.11,0.86200655,0.1705149,0.36355895,0.4984476,1.2255654
S2020CT013007,PaM1-1,41.8184833,-72.2374496459961,7.5,1.32,0.92356765,0.18345802,0.39115527,0.5324124,1.3147229
S2020CT013007,PaM1-1,41.8184833,-72.2374496459961,16.0,1.39,1.0174493,0.18560803,0.39573938,0.6217099,1.4131887
S2020CT013008,PaM1-2,41.81850051879883,-72.2377833,7.5,1.08,0.92356765,0.18345802,0.39115527,0.5324124,1.3147229
S2020CT013008,PaM1-2,41.81850051879883,-72.2377833,21.0,1.42,1.0452464,0.18560803,0.39573938,0.649507,1.4409857
S2020CT013008,PaM1-2,41.81850051879883,-72.2377833,41.0,1.56,1.0540231,0.1788676,0.38136792,0.6726552,1.4353911
S2020CT013008,PaM1-2,41.81850051879883,-72.2377833,63.5,1.65,0.9568351,0.22685596,0.48368508,0.47315,1.4405202
S2020CT013008,PaM1-2,41.81850051879883,-72.2377833,90.0,1.67,0.791065,0.21259947,0.45328847,0.3377765,1.2443534
S2020CT013009,PaU1-1,41.8184333,-72.2388333,2.5,0.73,0.98082876,0.17032366,0.3631512,0.61767757,1.34398
S2020CT013009,PaU1-1,41.8184333,-72.2388333,7.5,0.99,1.0477355,0.17032366,0.3631512,0.68458426,1.4108866
S2020CT013009,PaU1-1,41.8184333,-72.2388333,17.0,1.18,1.1436285,0.17200686,0.36674,0.7768885,1.5103685
S2020CT013009,PaU1-1,41.8184333,-72.2388333,30.0,1.27,1.1476997,0.17200686,0.36674,0.7809597,1.5144397
S2020CT013009,PaU1-1,41.8184333,-72.2388333,53.0,1.55,1.1320758,0.18134214,0.38664398,0.7454318,1.5187198
S2020CT013009,PaU1-1,41.8184333,-72.2388333,83.5,1.72,0.9256979,0.21469237,0.4577508,0.46794713,1.3834487
S2020CT013009,PaU1-1,41.8184333,-72.2388333,103.5,1.94,0.91927886,0.21469237,0.4577508,0.46152806,1.3770297
S2020CT013010,PaU1-2,41.818491,-72.238939,2.5,1.13,0.98082876,0.17032366,0.3631512,0.61767757,1.34398
S2020CT013010,PaU1-2,41.818491,-72.238939,22.5,1.28,1.145755,0.17200686,0.36674,0.77901506,1.512495
S2020CT013010,PaU1-2,41.818491,-72.238939,44.5,1.42,1.1501545,0.1680504,0.35830432,0.79185015,1.5084589
S2020CT013011,PaM2-1,41.8207833,-72.25135040283203,2.5,1.22,0.9718692,0.15831734,0.33755225,0.6343169,1.3094214
S2020CT013011,PaM2-1,41.8207833,-72.25135040283203,7.5,1.27,1.0240939,0.15831734,0.33755225,0.6865416,1.3616462
S2020CT013011,PaM2-1,41.8207833,-72.25135040283203,16.5,1.38,1.1233584,0.16153397,0.34441048,0.7789479,1.4677689
S2020CT013011,PaM2-1,41.8207833,-72.25135040283203,37.5,1.67,1.134672,0.15778936,0.33642653,0.79824555,1.4710985
S2020CT013011,PaM2-1,41.8207833,-72.25135040283203,56.5,1.79,1.1093013,0.17029674,0.3630938,0.74620754,1.4723952
S2020CT013011,PaM2-1,41.8207833,-72.25135040283203,71.0,1.89,0.9531341,0.20121004,0.4290048,0.52412933,1.382139
S2020CT013011,PaM2-1,41.8207833,-72.25135040283203,89.5,1.92,0.9095669,0.19999473,0.4264136,0.48315328,1.3359804
S2020CT013012,PaM2-2,41.82099914550781,-72.2543056,2.5,1.02,0.9873862,0.1605201,0.3422488,0.6451374,1.329635
S2020CT013012,PaM2-2,41.82099914550781,-72.2543056,7.5,1.31,1.0689939,0.16083077,0.34291115,0.7260828,1.411905
S2020CT013012,PaM2-2,41.82099914550781,-72.2543056,14.5,1.42,1.1468982,0.16358265,0.34877852,0.79811966,1.4956766
S2020CT013012,PaM2-2,41.82099914550781,-72.2543056,26.5,1.49,1.175787,0.16488561,0.3515566,0.8242304,1.5273435
S2020CT013012,PaM2-2,41.82099914550781,-72.2543056,41.5,1.55,1.1782737,0.16146739,0.34426853,0.8340051,1.5225422
S2020CT013012,PaM2-2,41.82099914550781,-72.2543056,58.0,1.69,1.1328939,0.17256021,0.3679198,0.7649741,1.5008137
S2020CT013013,PaU2-1,41.8216111,-72.2532778,2.5,0.88,0.8902827,0.1752887,0.3737373,0.5165454,1.26402
S2020CT013013,PaU2-1,41.8216111,-72.2532778,36.0,1.39,1.0996033,0.17514683,0.3734348,0.7261685,1.4730381
S2020CT013013,PaU2-1,41.8216111,-72.2532778,56.5,1.67,1.071715,0.18402068,0.39235494,0.67936003,1.46407
S2020CT013013,PaU2-1,41.8216111,-72.2532778,76.5,1.91,0.8558209,0.21015495,0.44807646,0.40774444,1.3038974
S2020CT013013,PaU2-1,41.8216111,-72.2532778,103.5,1.86,0.8263654,0.20634052,0.4399436,0.3864218,1.266309
S2020CT013014,PaU2-2,41.82161667,-72.25332641601562,7.5,1.01,0.98005617,0.17583765,0.3749077,0.60514843,1.3549639
S2020CT013014,PaU2-2,41.82161667,-72.25332641601562,16.5,1.16,1.0768696,0.17751876,0.37849203,0.6983776,1.4553616
S2020CT013014,PaU2-2,41.82161667,-72.25332641601562,30.0,1.41,1.1016779,0.17751876,0.37849203,0.7231859,1.4801699
S2020CT013014,PaU2-2,41.82161667,-72.25332641601562,41.5,1.29,1.1035298,0.17354755,0.37002492,0.7335049,1.4735547
S2020CT013014,PaU2-2,41.82161667,-72.25332641601562,53.0,1.56,1.078181,0.18270265,0.38954473,0.6886363,1.4677258
S2020CT013015,PaL1-1,41.7995278,-72.188333,2.5,1.22,0.8796257,0.16211864,0.34565708,0.53396857,1.2252828
S2020CT013015,PaL1-1,41.7995278,-72.188333,7.5,1.53,0.9609116,0.17297773,0.36881,0.5921016,1.3297216
S2020CT013015,PaL1-1,41.7995278,-72.188333,36.0,1.58,1.0978125,0.17377214,0.37050378,0.72730875,1.4683163
S2020CT013015,PaL1-1,41.7995278,-72.188333,59.0,1.77,1.0286357,0.18414684,0.39262393,0.63601184,1.4212596
S2020CT013015,PaL1-1,41.7995278,-72.188333,84.0,1.82,0.81976664,0.20065905,0.42783,0.39193663,1.2475966
S2020CT013015,PaL1-1,41.7995278,-72.188333,103.0,1.71,0.80949324,0.20065905,0.42783,0.38166323,1.2373233
S2020CT013016,PaL1-2,41.7995556,-72.18838889,2.5,1.21,0.8796257,0.16211864,0.34565708,0.53396857,1.2252828
S2020CT013016,PaL1-2,41.7995556,-72.18838889,7.5,1.22,0.9609116,0.17297773,0.36881,0.5921016,1.3297216
S2020CT013016,PaL1-2,41.7995556,-72.18838889,17.0,1.26,1.0760244,0.17614129,0.3755551,0.7004693,1.4515796
S2020CT013016,PaL1-2,41.7995556,-72.18838889,32.0,1.43,1.0978125,0.17495349,0.37302256,0.72479,1.4708351
S2020CT013016,PaL1-2,41.7995556,-72.18838889,48.5,1.47,1.0985115,0.17217474,0.3670979,0.73141354,1.4656093
S2020CT013017,PaL2-1,41.800011,-72.189595,2.5,1.2,0.8719289,0.16174334,0.3448569,0.52707195,1.2167858
S2020CT013017,PaL2-1,41.800011,-72.189595,7.5,1.33,0.9545077,0.17370611,0.370363,0.5841447,1.3248707
S2020CT013017,PaL2-1,41.800011,-72.189595,27.0,1.48,1.0708991,0.17778277,0.37905496,0.69184417,1.449954
S2020CT013017,PaL2-1,41.800011,-72.189595,47.5,1.48,1.0739259,0.17108682,0.36477834,0.7091475,1.4387043
S2020CT013017,PaL2-1,41.800011,-72.189595,62.0,1.4,0.986138,0.21338578,0.45496497,0.531173,1.441103
S2020CT013018,PaL2-2,41.8000602722168,-72.18949890136719,2.5,1.33,0.8719289,0.16174334,0.3448569,0.52707195,1.2167858
S2020CT013018,PaL2-2,41.8000602722168,-72.18949890136719,7.5,1.33,0.9545077,0.17370611,0.370363,0.5841447,1.3248707
S2020CT013018,PaL2-2,41.8000602722168,-72.18949890136719,19.5,1.47,1.0682694,0.17778277,0.37905496,0.6892144,1.4473243
S2020CT013018,PaL2-2,41.8000602722168,-72.18949890136719,36.5,1.48,1.0724295,0.17239955,0.36757725,0.7048523,1.4400067
S2020CT013018,PaL2-2,41.8000602722168,-72.18949890136719,52.0,1.48,1.0650004,0.17485605,0.3728148,0.69218564,1.4378152
S2020CT015004,PaH1-1,41.96549987792969,-71.9745277,21.5,1.37,1.1605473,0.17017484,0.3628339,0.7977134,1.5233811
S2020CT015004,PaH1-1,41.96549987792969,-71.9745277,42.5,1.3,1.1654744,0.16584744,0.35360733,0.8118671,1.5190817
S2020CT015004,PaH1-1,41.96549987792969,-71.9745277,62.5,1.4,1.0905669,0.19897252,0.42423412,0.6663327,1.514801
S2020CT015004,PaH1-1,41.96549987792969,-71.9745277,86.0,1.66,0.9371927,0.20149022,0.42960218,0.50759053,1.3667948
S2020CT015005,PaH1-2,41.96552778,-71.9745556,7.5,1.18,1.1043438,0.16801679,0.35823268,0.7461111,1.4625764
S2020CT015005,PaH1-2,41.96552778,-71.9745556,19.0,1.36,1.1603634,0.17017484,0.3628339,0.7975296,1.5231973
S2020CT015005,PaH1-2,41.96552778,-71.9745556,35.5,1.33,1.1620001,0.16743623,0.35699484,0.8050052,1.5189949
S2020CT015005,PaH1-2,41.96552778,-71.9745556,58.0,1.35,1.1330394,0.17827511,0.38010466,0.7529347,1.513144
S2020CT015001,PaN2-1,41.9655556,-71.9746667,2.5,1.41,1.0818145,0.16801679,0.35823268,0.72358185,1.4400473
S2020CT015001,PaN2-1,41.9655556,-71.9746667,7.5,1.46,1.1043438,0.16801679,0.35823268,0.7461111,1.4625764
S2020CT015001,PaN2-1,41.9655556,-71.9746667,25.0,1.51,1.1592988,0.17017484,0.3628339,0.7964649,1.5221326
S2020CT015001,PaN2-1,41.9655556,-71.9746667,44.5,1.35,1.1654744,0.16584744,0.35360733,0.8118671,1.5190817
S2020CT015001,PaN2-1,41.9655556,-71.9746667,70.5,1.45,1.0369614,0.20395377,0.43485478,0.6021067,1.4718162
S2020CT015001,PaN2-1,41.9655556,-71.9746667,97.0,1.71,0.93250287,0.20149022,0.42960218,0.5029007,1.362105
S2020CT015002,PaN2-2,41.9654722,-71.97463889,2.5,1.36,1.0818145,0.16801679,0.35823268,0.72358185,1.4400473
S2020CT015002,PaN2-2,41.9654722,-71.97463889,7.5,1.43,1.1043438,0.16801679,0.35823268,0.7461111,1.4625764
S2020CT015002,PaN2-2,41.9654722,-71.97463889,25.5,1.47,1.1592988,0.17017484,0.3628339,0.7964649,1.5221326
S2020CT015002,PaN2-2,41.9654722,-71.97463889,43.0,1.37,1.1654744,0.16584744,0.35360733,0.8118671,1.5190817
S2020CT015003,PaN2-3,41.96552778,-71.9746667,2.5,1.35,1.0818145,0.16801679,0.35823268,0.72358185,1.4400473
S2020CT015003,PaN2-3,41.96552778,-71.9746667,7.5,1.44,1.1043438,0.16801679,0.35823268,0.7461111,1.4625764
S2020CT015003,PaN2-3,41.96552778,-71.9746667,28.5,1.43,1.1620001,0.17017484,0.3628339,0.7991662,1.5248339
S2020CT015003,PaN2-3,41.96552778,-71.9746667,48.0,1.41,1.1654744,0.16584744,0.35360733,0.8118671,1.5190817
S2020CT013019,PaH2-1,41.7541111,-72.2346389,2.5,1.21,1.183436,0.1967961,0.41959372,0.76384234,1.6030297
S2020CT013019,PaH2-1,41.7541111,-72.2346389,7.5,1.42,1.2161751,0.19431728,0.41430858,0.80186653,1.6304836
S2020CT013019,PaH2-1,41.7541111,-72.2346389,14.5,1.38,1.2554977,0.19337729,0.4123044,0.8431933,1.6678021
S2020CT013019,PaH2-1,41.7541111,-72.2346389,25.5,1.4,1.2631341,0.19349304,0.4125512,0.85058296,1.6756853
S2020CT013019,PaH2-1,41.7541111,-72.2346389,36.5,1.38,1.2613584,0.18927693,0.40356192,0.85779643,1.6649203
S2020CT013019,PaH2-1,41.7541111,-72.2346389,48.0,1.56,1.2640773,0.18815427,0.40116826,0.8629091,1.6652455
S2020CT013019,PaH2-1,41.7541111,-72.2346389,65.0,1.93,1.093531,0.22074153,0.47064835,0.62288266,1.5641794
S2020CT013020,PaH2-2,41.7541389,-72.2345833,2.5,1.23,1.183436,0.1967961,0.41959372,0.76384234,1.6030297
S2020CT013020,PaH2-2,41.7541389,-72.2345833,7.5,1.39,1.2161751,0.19431728,0.41430858,0.80186653,1.6304836
S2020CT013020,PaH2-2,41.7541389,-72.2345833,17.5,1.37,1.2623054,0.19349304,0.4125512,0.8497542,1.6748565
S2020CT013020,PaH2-2,41.7541389,-72.2345833,30.5,1.52,1.261297,0.19349304,0.4125512,0.8487458,1.6738482
S2020CT013020,PaH2-2,41.7541389,-72.2345833,44.0,1.6,1.2641124,0.18815427,0.40116826,0.8629441,1.6652806
S2020CT013021,PaT2-1,41.7537778,-72.2351944,2.5,1.59,1.183436,0.1967961,0.41959372,0.76384234,1.6030297
S2020CT013021,PaT2-1,41.7537778,-72.2351944,7.5,1.47,1.2161751,0.19431728,0.41430858,0.80186653,1.6304836
S2020CT013021,PaT2-1,41.7537778,-72.2351944,14.5,1.51,1.2554977,0.19337729,0.4123044,0.8431933,1.6678021
S2020CT013021,PaT2-1,41.7537778,-72.2351944,24.5,1.73,1.2631341,0.19349304,0.4125512,0.85058296,1.6756853
S2020CT013021,PaT2-1,41.7537778,-72.2351944,37.5,1.84,1.2613584,0.18815427,0.40116826,0.86019015,1.6625266
S2020CT013021,PaT2-1,41.7537778,-72.2351944,53.5,1.88,1.2426509,0.19835667,0.42292106,0.8197298,1.6655719
S2020CT013021,PaT2-1,41.7537778,-72.2351944,71.0,1.98,1.0155307,0.2224768,0.47434816,0.5411825,1.4898789
S2020CT013021,PaT2-1,41.7537778,-72.2351944,87.0,1.97,0.9649777,0.22123997,0.4717111,0.49326658,1.4366888
S2020CT013022,PaT2-2,41.75379943847656,-72.2351833,2.5,1.58,1.183436,0.1967961,0.41959372,0.76384234,1.6030297
S2020CT013022,PaT2-2,41.75379943847656,-72.2351833,7.5,1.55,1.2161751,0.19431728,0.41430858,0.80186653,1.6304836
S2020CT013022,PaT2-2,41.75379943847656,-72.2351833,22.0,1.54,1.2624978,0.19349304,0.4125512,0.8499466,1.675049
S2020CT013022,PaT2-2,41.75379943847656,-72.2351833,34.0,1.7,1.2613584,0.18980388,0.40468544,0.85667294,1.6660438
S2020CT013022,PaT2-2,41.75379943847656,-72.2351833,47.5,1.85,1.2640773,0.18815427,0.40116826,0.8629091,1.6652455
S2020CT013023,PaT2-3,41.7537833,-72.23521667,2.5,1.58,1.183436,0.1967961,0.41959372,0.76384234,1.6030297
S2020CT013023,PaT2-3,41.7537833,-72.23521667,7.5,1.55,1.2161751,0.19431728,0.41430858,0.80186653,1.6304836
S2020CT013023,PaT2-3,41.7537833,-72.23521667,21.5,1.76,1.2624978,0.19349304,0.4125512,0.8499466,1.675049
S2020CT013023,PaT2-3,41.7537833,-72.23521667,32.0,1.8,1.261297,0.19076145,0.4067271,0.8545699,1.6680241
S2020CT013023,PaT2-3,41.7537833,-72.23521667,44.5,2.0,1.2641124,0.18815427,0.40116826,0.8629441,1.6652806
