DSP_Pedon,DSP_Pedon_ID,final_lat,final_lon,z_mid,observed_SOC_pct,predicted_SOC_pct,predicted_absolute_error,half_width_90,lower_90,upper_90
S2018KS153101,KeCF3-1,39.9519869,-100.89697265625,2.5,0.0245470703909069,0.021584319,0.006819567,0.01276126,0.008823059,0.03434558
S2018KS153101,KeCF3-1,39.9519869,-100.89697265625,7.5,0.0141529168597726,0.018798592,0.006009359,0.011245142,0.00755345,0.030043732
S2018KS153101,KeCF3-1,39.9519869,-100.89697265625,16.5,0.012406945245181,0.012792553,0.0046923454,0.008780652,0.004011901,0.021573205
S2018KS153101,KeCF3-1,39.9519869,-100.89697265625,31.5,0.0097813708198766,0.009787079,0.0038561246,0.0072158556,0.0025712233,0.017002935
S2018KS153101,KeCF3-1,39.9519869,-100.89697265625,48.5,0.0075563008565699,0.0075693,0.0032227268,0.0060305963,0.0015387037,0.013599897
S2018KS153101,KeCF3-1,39.9519869,-100.89697265625,65.5,0.0065803408241178,0.0061783846,0.0027255854,0.00510031,0.0010780748,0.0112786945
S2018KS153101,KeCF3-1,39.9519869,-100.89697265625,87.0,0.004477519078938,0.0061783846,0.0027255854,0.00510031,0.0010780748,0.0112786945
S2018KS153102,KeCF3-2,39.9521612,-100.8967806,2.5,0.0141805417310966,0.021731991,0.0067998474,0.0127243595,0.009007632,0.03445635
S2018KS153102,KeCF3-2,39.9521612,-100.8967806,7.5,0.0143666340067455,0.018945863,0.006000652,0.011228848,0.007717015,0.030174712
S2018KS153102,KeCF3-2,39.9521612,-100.8967806,15.5,0.014907029362952,0.012948155,0.004672667,0.008743828,0.0042043272,0.021691984
S2018KS153102,KeCF3-2,39.9521612,-100.8967806,28.5,0.0080398792987685,0.01035919,0.004296867,0.008040604,0.0023185862,0.018399794
S2018KS153102,KeCF3-2,39.9521612,-100.8967806,44.0,0.0075798373266708,0.00789261,0.003378675,0.006322418,0.0015701917,0.014215028
S2018KS153102,KeCF3-2,39.9521612,-100.8967806,63.5,0.0070927301931979,0.0065294355,0.0030254342,0.0056614084,0.0008680271,0.012190844
S2018KS153102,KeCF3-2,39.9521612,-100.8967806,87.5,0.0096544493494768,0.0063238326,0.0028436524,0.005321245,0.0010025874,0.011645078
S2018KS153103,KeCF3-3,39.9521612,-100.8967806,2.5,0.0181683698591504,0.021731991,0.0067998474,0.0127243595,0.009007632,0.03445635
S2018KS153103,KeCF3-3,39.9521612,-100.8967806,7.5,0.0146854988817347,0.018945863,0.006000652,0.011228848,0.007717015,0.030174712
S2018KS153103,KeCF3-3,39.9521612,-100.8967806,15.5,0.0063088942620097,0.012948155,0.004672667,0.008743828,0.0042043272,0.021691984
S2018KS153103,KeCF3-3,39.9521612,-100.8967806,29.0,0.0075202306732187,0.01035919,0.004296867,0.008040604,0.0023185862,0.018399794
S2018KS153103,KeCF3-3,39.9521612,-100.8967806,43.5,0.0068520737506769,0.0078891,0.003378675,0.006322418,0.0015666825,0.014211519
S2018KS153103,KeCF3-3,39.9521612,-100.8967806,66.5,0.0092281393074931,0.0063238326,0.0028436524,0.005321245,0.0010025874,0.011645078
S2018KS153104,KeC3-1,39.978288,-100.868944,2.5,0.0513844253228072,0.012572237,0.0044192616,0.008269638,0.0043025995,0.020841874
S2018KS153104,KeC3-1,39.978288,-100.868944,7.5,0.0505709523385962,0.01261322,0.004500943,0.008422486,0.0041907346,0.021035705
S2018KS153104,KeC3-1,39.978288,-100.868944,16.5,0.0126671679888666,0.011770947,0.004048718,0.0075762505,0.0041946964,0.019347198
S2018KS153104,KeC3-1,39.978288,-100.868944,31.0,0.0091279020771101,0.009819168,0.0037117456,0.006945683,0.0028734845,0.016764851
S2018KS153104,KeC3-1,39.978288,-100.868944,48.0,0.0063032423767983,0.0071456823,0.0030784393,0.005760595,0.0013850871,0.012906278
S2018KS153104,KeC3-1,39.978288,-100.868944,67.0,0.0082210311256272,0.0057795774,0.0024841623,0.004648542,0.0011310354,0.010428119
S2018KS153104,KeC3-1,39.978288,-100.868944,88.5,0.0062168319127965,0.0057795774,0.0024841623,0.004648542,0.0011310354,0.010428119
S2018KS153105,KeC3-2,39.978452,-100.868986,2.5,0.0160591791016038,0.012572237,0.0044192616,0.008269638,0.0043025995,0.020841874
S2018KS153105,KeC3-2,39.978452,-100.868986,7.5,0.0127882702581597,0.01261322,0.004500943,0.008422486,0.0041907346,0.021035705
S2018KS153105,KeC3-2,39.978452,-100.868986,12.5,0.0100005703197812,0.012086101,0.004375692,0.008188107,0.0038979938,0.020274207
S2018KS153105,KeC3-2,39.978452,-100.868986,20.5,0.0100455671280638,0.011210527,0.004065516,0.0076076835,0.0036028437,0.01881821
S2018KS153105,KeC3-2,39.978452,-100.868986,30.5,0.0119403320826435,0.009819168,0.0037117456,0.006945683,0.0028734845,0.016764851
S2018KS153105,KeC3-2,39.978452,-100.868986,45.0,0.010192100231874,0.0073232464,0.0030784393,0.005760595,0.0015626512,0.013083842
S2018KS153105,KeC3-2,39.978452,-100.868986,70.5,0.0059087004264728,0.0057795774,0.0024841623,0.004648542,0.0011310354,0.010428119
S2018KS153105,KeC3-2,39.978452,-100.868986,93.0,0.0053382180475455,0.0057795774,0.0024841623,0.004648542,0.0011310354,0.010428119
S2018KS153106,KeC3-3,39.9783659,-100.8687585,2.5,0.0154033837065586,0.012572237,0.0044192616,0.008269638,0.0043025995,0.020841874
S2018KS153106,KeC3-3,39.9783659,-100.8687585,7.5,0.0124651958815552,0.01261322,0.004500943,0.008422486,0.0041907346,0.021035705
S2018KS153106,KeC3-3,39.9783659,-100.8687585,14.0,0.0110743279255924,0.01228162,0.0044307313,0.008291101,0.003990519,0.020572722
S2018KS153106,KeC3-3,39.9783659,-100.8687585,23.5,0.0144173625086665,0.01087119,0.004183721,0.007828877,0.0030423123,0.018700067
S2018KS153106,KeC3-3,39.9783659,-100.8687585,35.0,0.012000184760319,0.008572729,0.0032540155,0.006089146,0.0024835835,0.014661875
S2018KS153106,KeC3-3,39.9783659,-100.8687585,49.0,0.007690005820672,0.006878967,0.0029672435,0.0055525177,0.0013264492,0.012431485
S2018KS153106,KeC3-3,39.9783659,-100.8687585,66.5,0.0047273090586463,0.0057795774,0.0024841623,0.004648542,0.0011310354,0.010428119
S2018KS153106,KeC3-3,39.9783659,-100.8687585,88.0,0.0050232983532836,0.0057795774,0.0024841623,0.004648542,0.0011310354,0.010428119
S2018KS153107,KeN3-1,39.9736474,-100.8692162,2.5,0.0142660463849473,0.02410401,0.009498562,0.017774386,0.006329624,0.041878395
S2018KS153107,KeN3-1,39.9736474,-100.8692162,7.5,0.0427626211337128,0.020477856,0.007977974,0.014928954,0.005548902,0.03540681
S2018KS153107,KeN3-1,39.9736474,-100.8692162,17.5,0.013049255179756,0.013036071,0.0060056085,0.011238123,0.001797948,0.024274195
S2018KS153107,KeN3-1,39.9736474,-100.8692162,34.0,0.0096323452703367,0.008938192,0.004160715,0.0077858265,0.0011523659,0.016724018
S2018KS153107,KeN3-1,39.9736474,-100.8692162,50.0,0.0079993738704203,0.0068504564,0.0038377538,0.0071814787,0.0,0.0140319355
S2018KS153107,KeN3-1,39.9736474,-100.8692162,70.0,0.0085037943924876,0.005931801,0.0033608272,0.0062890197,0.0,0.01222082
S2018KS153107,KeN3-1,39.9736474,-100.8692162,91.5,0.0110617434219124,0.005931801,0.0033608272,0.0062890197,0.0,0.01222082
S2018KS153108,KeN3-2,39.9739409,-100.8692095,2.5,0.0199819364044687,0.02410401,0.009498562,0.017774386,0.006329624,0.041878395
S2018KS153108,KeN3-2,39.9739409,-100.8692095,7.5,0.0164602148368499,0.020477856,0.007977974,0.014928954,0.005548902,0.03540681
S2018KS153108,KeN3-2,39.9739409,-100.8692095,17.5,0.01375784352953,0.013036071,0.0060056085,0.011238123,0.001797948,0.024274195
S2018KS153108,KeN3-2,39.9739409,-100.8692095,35.0,0.008912136950696,0.008786493,0.0041444045,0.0077553056,0.0010311874,0.016541798
S2018KS153108,KeN3-2,39.9739409,-100.8692095,58.0,0.0078191890216053,0.006440248,0.0035842068,0.0067070234,0.0,0.013147271
S2018KS153108,KeN3-2,39.9739409,-100.8692095,78.0,0.0094488716842643,0.005931801,0.0033608272,0.0062890197,0.0,0.01222082
S2018KS153108,KeN3-2,39.9739409,-100.8692095,92.5,0.0121814980430686,0.005931801,0.0033608272,0.0062890197,0.0,0.01222082
S2018KS153109,KeN3-3,39.9737363,-100.8690184,2.5,0.0205036426759587,0.0237547,0.009112412,0.017051795,0.0067029037,0.040806495
S2018KS153109,KeN3-3,39.9737363,-100.8690184,7.5,0.0156393753272012,0.02033585,0.007760079,0.014521214,0.005814635,0.034857064
S2018KS153109,KeN3-3,39.9737363,-100.8690184,18.0,0.0123862689999452,0.012942332,0.005660656,0.010592624,0.0023497082,0.023534955
S2018KS153109,KeN3-3,39.9737363,-100.8690184,35.0,0.0087876093702201,0.009139809,0.004262327,0.007975971,0.0011638375,0.01711578
S2018KS153109,KeN3-3,39.9737363,-100.8690184,54.5,0.0096333753577499,0.0073023653,0.0036471603,0.0068248264,0.0004775389,0.014127191
S2018KS153109,KeN3-3,39.9737363,-100.8690184,72.0,0.0115941390166454,0.0063832947,0.0032875761,0.006151947,0.00023134751,0.012535242
S2018KS153109,KeN3-3,39.9737363,-100.8690184,89.5,0.0078499431665286,0.0063832947,0.0032875761,0.006151947,0.00023134751,0.012535242
S2018KS179104,KeCF1-1,39.2447359,-100.5431538,2.5,0.028708361809518,0.021614771,0.0071478025,0.013375478,0.0082392935,0.03499025
S2018KS179104,KeCF1-1,39.2447359,-100.5431538,7.5,0.0137457425549299,0.01814238,0.006254915,0.011704643,0.0064377366,0.029847022
S2018KS179104,KeCF1-1,39.2447359,-100.5431538,14.0,0.0129880873730902,0.013891628,0.004765012,0.00891663,0.0049749976,0.022808257
S2018KS179104,KeCF1-1,39.2447359,-100.5431538,22.5,0.0088444955664223,0.011088035,0.004395116,0.008224455,0.0028635804,0.01931249
S2018KS179104,KeCF1-1,39.2447359,-100.5431538,32.0,0.0088071072561783,0.008173273,0.003358517,0.006284697,0.001888576,0.01445797
S2018KS179104,KeCF1-1,39.2447359,-100.5431538,48.0,0.0084121781214698,0.0060939207,0.0026858004,0.0050258613,0.0010680594,0.011119782
S2018KS179104,KeCF1-1,39.2447359,-100.5431538,79.5,0.0058628284531679,0.0047276616,0.00248631,0.0046525607,7.510092e-05,0.009380222
S2018KS179105,KeCF1-2,39.2450134,-100.5430643,2.5,0.0228244455657845,0.021889197,0.0067948964,0.012715095,0.009174102,0.034604292
S2018KS179105,KeCF1-2,39.2450134,-100.5430643,7.5,0.0150492647539471,0.018415872,0.0059504616,0.011134928,0.007280944,0.0295508
S2018KS179105,KeCF1-2,39.2450134,-100.5430643,14.0,0.0132350625003905,0.014278473,0.004486041,0.008394601,0.0058838725,0.022673074
S2018KS179105,KeCF1-2,39.2450134,-100.5430643,25.0,0.0077382863375145,0.009996557,0.0040958226,0.0076643955,0.0023321612,0.017660953
S2018KS179105,KeCF1-2,39.2450134,-100.5430643,38.5,0.0070550238264134,0.0074671106,0.0031627293,0.005918325,0.0015487857,0.013385436
S2018KS179105,KeCF1-2,39.2450134,-100.5430643,55.5,0.0054026538024562,0.006238029,0.0026656177,0.0049880943,0.0012499345,0.011226123
S2018KS179105,KeCF1-2,39.2450134,-100.5430643,83.0,0.005386764305,0.005410414,0.0025506343,0.004772929,0.0006374852,0.010183344
S2018KS179106,KeCF1-3,39.2447102,-100.5427146,2.5,0.0200884870359533,0.021614771,0.0071478025,0.013375478,0.0082392935,0.03499025
S2018KS179106,KeCF1-3,39.2447102,-100.5427146,7.5,0.0149859483237904,0.01814238,0.006254915,0.011704643,0.0064377366,0.029847022
S2018KS179106,KeCF1-3,39.2447102,-100.5427146,14.0,0.0134496456984622,0.013891628,0.004765012,0.00891663,0.0049749976,0.022808257
S2018KS179106,KeCF1-3,39.2447102,-100.5427146,61.5,0.0072126500805931,0.004958634,0.00248631,0.0046525607,0.0003060731,0.009611195
S2018KS179106,KeCF1-3,39.2447102,-100.5427146,86.0,0.0067760246277439,0.0047276616,0.00248631,0.0046525607,7.510092e-05,0.009380222
S2018KS179106,KeCF1-3,39.2447102,-100.5427146,97.5,0.0070718544916598,0.0047276616,0.00248631,0.0046525607,7.510092e-05,0.009380222
S2018KS179107,KeN1-1,39.249205,-100.56165313720705,2.5,0.0367874133449721,0.025680631,0.008607151,0.016106315,0.009574316,0.041786946
S2018KS179107,KeN1-1,39.249205,-100.56165313720705,7.5,0.0250656205213723,0.021597216,0.007643245,0.014302586,0.0072946297,0.035899803
S2018KS179107,KeN1-1,39.249205,-100.56165313720705,16.5,0.013372680336085,0.0139202485,0.0049368874,0.009238256,0.0046819923,0.023158506
S2018KS179107,KeN1-1,39.249205,-100.56165313720705,33.5,0.0125938174604614,0.009516104,0.003823413,0.0071546435,0.0023614606,0.016670749
S2018KS179107,KeN1-1,39.249205,-100.56165313720705,56.0,0.0084296488594668,0.007306283,0.0032085169,0.0060040057,0.0013022772,0.013310289
S2018KS179107,KeN1-1,39.249205,-100.56165313720705,74.0,0.0078113565557689,0.006516012,0.003030873,0.005671586,0.000844426,0.012187598
S2018KS179107,KeN1-1,39.249205,-100.56165313720705,90.0,0.0058796189398089,0.006516012,0.003030873,0.005671586,0.000844426,0.012187598
S2018KS179108,KeN1-2,39.249205,-100.56165313720705,2.5,0.0298492943342558,0.025680631,0.008607151,0.016106315,0.009574316,0.041786946
S2018KS179108,KeN1-2,39.249205,-100.56165313720705,7.5,0.0205780094207799,0.021597216,0.007643245,0.014302586,0.0072946297,0.035899803
S2018KS179108,KeN1-2,39.249205,-100.56165313720705,19.0,0.0187729507399973,0.012951687,0.004958402,0.009278515,0.0036731716,0.022230202
S2018KS179108,KeN1-2,39.249205,-100.56165313720705,35.0,0.0108659607787215,0.009364315,0.003823413,0.0071546435,0.0022096718,0.016518958
S2018KS179108,KeN1-2,39.249205,-100.56165313720705,53.0,0.0065984956182005,0.007398527,0.0032085169,0.0060040057,0.0013945214,0.013402533
S2018KS179108,KeN1-2,39.249205,-100.56165313720705,75.0,0.0061734338897483,0.006516012,0.003030873,0.005671586,0.000844426,0.012187598
S2018KS179108,KeN1-2,39.249205,-100.56165313720705,93.0,0.0064301493753761,0.006516012,0.003030873,0.005671586,0.000844426,0.012187598
S2018KS179109,KeN1-3,39.249205,-100.56165313720705,2.5,0.0299662823994268,0.025680631,0.008607151,0.016106315,0.009574316,0.041786946
S2018KS179109,KeN1-3,39.249205,-100.56165313720705,7.5,0.022025881347982,0.021597216,0.007643245,0.014302586,0.0072946297,0.035899803
S2018KS179109,KeN1-3,39.249205,-100.56165313720705,18.0,0.0154768341895758,0.0139202485,0.004957508,0.009276843,0.004643406,0.023197092
S2018KS179109,KeN1-3,39.249205,-100.56165313720705,33.5,0.0088888798407553,0.009516104,0.003823413,0.0071546435,0.0023614606,0.016670749
S2018KS179109,KeN1-3,39.249205,-100.56165313720705,50.0,0.0058479646959525,0.007398527,0.0032085169,0.0060040057,0.0013945214,0.013402533
S2018KS179109,KeN1-3,39.249205,-100.56165313720705,69.5,0.006594785142477,0.006516012,0.003030873,0.005671586,0.000844426,0.012187598
S2018KS179109,KeN1-3,39.249205,-100.56165313720705,90.0,0.0050425551986746,0.006516012,0.003030873,0.005671586,0.000844426,0.012187598
S2018KS179110,KeC1-1,39.244626,-100.557271,2.5,0.0240921891000451,0.013325671,0.004488688,0.008399554,0.004926117,0.021725224
S2018KS179110,KeC1-1,39.244626,-100.557271,7.5,0.0269930164092822,0.0124238515,0.004519013,0.0084563,0.0039675515,0.020880152
S2018KS179110,KeC1-1,39.244626,-100.557271,16.5,0.0204347608166661,0.011632319,0.003952981,0.0073971003,0.0042352183,0.01902942
S2018KS179110,KeC1-1,39.244626,-100.557271,29.5,0.0145616172554757,0.008700735,0.0031370046,0.0058701867,0.0028305482,0.014570922
S2018KS179110,KeC1-1,39.244626,-100.557271,45.0,0.0103308065126682,0.0065945657,0.0028118086,0.005261657,0.0013329089,0.0118562225
S2018KS179110,KeC1-1,39.244626,-100.557271,61.5,0.0084206288866056,0.005338382,0.0023241108,0.004349042,0.0009893398,0.009687424
S2018KS179110,KeC1-1,39.244626,-100.557271,78.0,0.0106877318828953,0.005088591,0.0023241108,0.004349042,0.0007395488,0.009437634
S2018KS179110,KeC1-1,39.244626,-100.557271,93.5,0.0058885572462264,0.005088591,0.0023241108,0.004349042,0.0007395488,0.009437634
S2018KS179111,KeC1-2,39.244626,-100.557271,2.5,0.0266299515596521,0.013325671,0.004488688,0.008399554,0.004926117,0.021725224
S2018KS179111,KeC1-2,39.244626,-100.557271,7.5,0.0228582970750837,0.0124238515,0.004519013,0.0084563,0.0039675515,0.020880152
S2018KS179111,KeC1-2,39.244626,-100.557271,17.5,0.0150100054008117,0.011632319,0.003964702,0.0074190334,0.004213285,0.019051353
S2018KS179111,KeC1-2,39.244626,-100.557271,30.5,0.009850920405,0.008700735,0.0031370046,0.0058701867,0.0028305482,0.014570922
S2018KS179111,KeC1-2,39.244626,-100.557271,47.5,0.0078308875602097,0.006417131,0.0026384015,0.004937165,0.0014799661,0.011354296
S2018KS179111,KeC1-2,39.244626,-100.557271,68.5,0.007687761652165,0.005088591,0.0023241108,0.004349042,0.0007395488,0.009437634
S2018KS179111,KeC1-2,39.244626,-100.557271,89.0,0.007540911830579,0.005088591,0.0023241108,0.004349042,0.0007395488,0.009437634
S2018KS179112,KeC1-3,39.244626,-100.557271,2.5,0.02097141552833,0.013325671,0.004488688,0.008399554,0.004926117,0.021725224
S2018KS179112,KeC1-3,39.244626,-100.557271,7.5,0.021042275197584,0.0124238515,0.004519013,0.0084563,0.0039675515,0.020880152
S2018KS179112,KeC1-3,39.244626,-100.557271,17.0,0.0166533040700701,0.011632319,0.003964702,0.0074190334,0.004213285,0.019051353
S2018KS179112,KeC1-3,39.244626,-100.557271,31.0,0.01136736015381,0.008700735,0.0031370046,0.0058701867,0.0028305482,0.014570922
S2018KS193101,KeC2-1,39.3817794,-101.0631493,2.5,0.0221350619322573,0.014547331,0.004338938,0.00811933,0.0064280014,0.022666661
S2018KS193101,KeC2-1,39.3817794,-101.0631493,7.5,0.0197381394568156,0.014310124,0.004446334,0.008320298,0.0059898263,0.022630423
S2018KS193101,KeC2-1,39.3817794,-101.0631493,16.0,0.0153914127665047,0.012319802,0.004339857,0.00812105,0.0041987523,0.020440852
S2018KS193101,KeC2-1,39.3817794,-101.0631493,32.0,0.0097651492610482,0.009636925,0.0036336558,0.0067995563,0.0028373683,0.01643648
S2018KS193101,KeC2-1,39.3817794,-101.0631493,49.0,0.0103685581949999,0.007094516,0.0029675006,0.0055529987,0.0015415172,0.012647515
S2018KS193101,KeC2-1,39.3817794,-101.0631493,62.5,0.0139542844140618,0.0062505146,0.0024704856,0.004622949,0.0016275658,0.010873463
S2018KS193101,KeC2-1,39.3817794,-101.0631493,76.5,0.0103000837553561,0.006000497,0.0023975358,0.00448644,0.0015140567,0.010486937
S2018KS193101,KeC2-1,39.3817794,-101.0631493,92.0,0.0073326695517559,0.006000497,0.0023975358,0.00448644,0.0015140567,0.010486937
S2018KS193102,KeC2-2,39.3815262,-101.0632519,2.5,0.0315118472969784,0.015188164,0.0045877565,0.008584937,0.006603227,0.0237731
S2018KS193102,KeC2-2,39.3815262,-101.0632519,7.5,0.0232220628260355,0.014809842,0.0045400923,0.008495744,0.006314098,0.023305587
S2018KS193102,KeC2-2,39.3815262,-101.0632519,16.5,0.0180916421125,0.012387668,0.004478644,0.008380759,0.004006909,0.020768426
S2018KS193102,KeC2-2,39.3815262,-101.0632519,31.5,0.012028750680059,0.009502459,0.0036794594,0.0068852673,0.002617192,0.016387727
S2018KS193102,KeC2-2,39.3815262,-101.0632519,48.0,0.0104079977980368,0.0072583933,0.0030513564,0.005709916,0.0015484774,0.012968309
S2018KS193102,KeC2-2,39.3815262,-101.0632519,62.5,0.0095527914384056,0.0061477306,0.0025543,0.0047797887,0.001367942,0.010927519
S2018KS193102,KeC2-2,39.3815262,-101.0632519,74.0,0.0089196221120997,0.0058977385,0.0024813442,0.0046432684,0.0012544701,0.010541007
S2018KS193102,KeC2-3,39.3816973,-101.0629297,89.5,0.0101208462139695,0.006000497,0.0023975358,0.00448644,0.0015140567,0.010486937
S2018KS193103,KeC2-3,39.3816973,-101.0629297,2.5,0.0241937399404279,0.014547331,0.004338938,0.00811933,0.0064280014,0.022666661
S2018KS193103,KeC2-3,39.3816973,-101.0629297,7.5,0.0214949650386549,0.014310124,0.004446334,0.008320298,0.0059898263,0.022630423
S2018KS193103,KeC2-3,39.3816973,-101.0629297,18.0,0.0164077074933762,0.012321044,0.0044562398,0.008338834,0.0039822096,0.020659879
S2018KS193103,KeC2-3,39.3816973,-101.0629297,33.0,0.0114538348799005,0.009637404,0.0036336558,0.0067995563,0.002837848,0.01643696
S2018KS193103,KeC2-3,39.3816973,-101.0629297,46.0,0.0130282081791967,0.007361291,0.0029675006,0.0055529987,0.0018082922,0.01291429
S2018KS193103,KeC2-3,39.3816973,-101.0629297,59.0,0.016885011705234,0.0064321463,0.0026444506,0.0049484847,0.0014836616,0.0113806315
S2018KS193103,KeC2-3,39.3816973,-101.0629297,73.5,0.016600237575,0.006000497,0.0023975358,0.00448644,0.0015140567,0.010486937
S2018KS193103,KeC2-3,39.3816973,-101.0629297,90.5,0.0113421722121392,0.006000497,0.0023975358,0.00448644,0.0015140567,0.010486937
S2018KS193104,KeN2-1,39.3843208,-101.0636022,2.5,0.0102738333701405,0.02661466,0.009151582,0.017125092,0.009489568,0.04373975
S2018KS193104,KeN2-1,39.3843208,-101.0636022,7.5,0.0225981888554238,0.021366723,0.007812296,0.014618926,0.006747797,0.03598565
S2018KS193104,KeN2-1,39.3843208,-101.0636022,17.5,0.0192932546234918,0.013116903,0.005265463,0.009853111,0.003263792,0.022970013
S2018KS193104,KeN2-1,39.3843208,-101.0636022,34.5,0.0186597148627657,0.008725937,0.0037088203,0.0069402093,0.0017857281,0.015666146
S2018KS193104,KeN2-1,39.3843208,-101.0636022,57.0,0.0114275093054879,0.0064434526,0.003190321,0.005969956,0.0004734965,0.012413409
S2018KS193104,KeN2-1,39.3843208,-101.0636022,79.0,0.0077731110614872,0.005853387,0.0029432722,0.005507661,0.00034572603,0.011361048
S2018KS193104,KeN2-1,39.3843208,-101.0636022,94.0,0.0084846474131494,0.005853387,0.0029432722,0.005507661,0.00034572603,0.011361048
S2018KS193105,KeN2-2,39.3840397,-101.0636425,2.5,0.0314610704156553,0.027403316,0.009079976,0.0169911,0.010412216,0.044394415
S2018KS193105,KeN2-2,39.3840397,-101.0636425,7.5,0.0246504654556781,0.022218814,0.008231217,0.01540284,0.0068159737,0.037621655
S2018KS193105,KeN2-2,39.3840397,-101.0636425,18.0,0.0195206070711883,0.0141028315,0.005358714,0.010027609,0.0040752226,0.024130441
S2018KS193105,KeN2-2,39.3840397,-101.0636425,36.0,0.0212532521335211,0.009646079,0.0042308955,0.007917154,0.0017289249,0.017563231
S2018KS193105,KeN2-2,39.3840397,-101.0636425,57.5,0.0139999826738693,0.007593116,0.0035447238,0.00663314,0.00095997564,0.014226256
S2018KS193105,KeN2-2,39.3840397,-101.0636425,81.0,0.0092039236784972,0.007002375,0.0035447238,0.00663314,0.00036923494,0.013635515
S2018KS193105,KeN2-2,39.3840397,-101.0636425,96.5,0.0078378847408814,0.007002375,0.0035447238,0.00663314,0.00036923494,0.013635515
S2018KS193106,KeN2-3,39.384217,-101.063449,2.5,0.0326944359000289,0.027403316,0.009079976,0.0169911,0.010412216,0.044394415
S2018KS193106,KeN2-3,39.384217,-101.063449,7.5,0.027395983883202,0.022218814,0.008231217,0.01540284,0.0068159737,0.037621655
S2018KS193106,KeN2-3,39.384217,-101.063449,17.5,0.0209945683035528,0.0141028315,0.005358714,0.010027609,0.0040752226,0.024130441
S2018KS193106,KeN2-3,39.384217,-101.063449,34.5,0.0162295964663025,0.01007477,0.004631403,0.008666611,0.0014081588,0.01874138
S2018KS193106,KeN2-3,39.384217,-101.063449,50.0,0.0135491268703938,0.007957903,0.0037400024,0.0069985595,0.0009593433,0.014956462
S2018KS193106,KeN2-3,39.384217,-101.063449,69.0,0.0100063855184363,0.007002375,0.0035447238,0.00663314,0.00036923494,0.013635515
S2018KS193106,KeN2-3,39.384217,-101.063449,91.0,0.0083999951788899,0.007002375,0.0035447238,0.00663314,0.00036923494,0.013635515
C1B,CeC1-2,35.73571014404297,-78.68135070800781,2.5,0.0279576249547338,0.026209014,0.009433546,0.017652724,0.00855629,0.04386174
C1B,CeC1-2,35.73571014404297,-78.68135070800781,7.5,0.0264699963798229,0.022852812,0.009458872,0.017700115,0.0051526967,0.04055293
C1B,CeC1-2,35.73571014404297,-78.68135070800781,17.0,0.0087632907905308,0.014204138,0.005367058,0.0100432215,0.0041609164,0.02424736
C1B,CeC1-2,35.73571014404297,-78.68135070800781,42.5,0.004095247581264,0.005493784,0.0026459922,0.0049513695,0.0005424144,0.010445153
C1B,CeC1-2,35.73571014404297,-78.68135070800781,80.5,0.0026487626774769,0.004066193,0.0025615797,0.0047934107,0.0,0.008859604
C1C,CeC1-3,35.735939025878906,-78.68177032470703,2.5,0.0223003063138526,0.028087672,0.010315688,0.019303452,0.00878422,0.047391124
C1C,CeC1-3,35.735939025878906,-78.68177032470703,7.5,0.0196440482676604,0.02385034,0.009482081,0.017743547,0.006106794,0.041593887
C1C,CeC1-3,35.735939025878906,-78.68177032470703,15.5,0.0181455649443228,0.014987328,0.0051971558,0.0097252885,0.0052620396,0.024712617
C1C,CeC1-3,35.735939025878906,-78.68177032470703,38.0,0.0064588711365899,0.0067451317,0.0030441387,0.0056964094,0.0010487223,0.012441541
C1C,CeC1-3,35.735939025878906,-78.68177032470703,77.5,0.0024702544923169,0.00444673,0.0025178797,0.0047116363,0.0,0.009158366
C1Pit,CeC1-1,35.735469818115234,-78.68930053710938,2.5,0.0162823510374188,0.04340847,0.014848965,0.027786443,0.015622025,0.07119491
C1Pit,CeC1-1,35.735469818115234,-78.68930053710938,7.5,0.0379096894330616,0.035327174,0.013660482,0.025562469,0.009764705,0.060889643
C1Pit,CeC1-1,35.735469818115234,-78.68930053710938,15.0,0.0291458144325438,0.019602304,0.008020564,0.015008652,0.0045936527,0.034610957
C1Pit,CeC1-1,35.735469818115234,-78.68930053710938,31.0,0.00822769017181,0.010923005,0.0049805082,0.009319883,0.0016031219,0.020242888
C1Pit,CeC1-1,35.735469818115234,-78.68930053710938,55.5,0.0043369164613227,0.007455316,0.0037269786,0.006974188,0.00048112776,0.014429504
C1Pit,CeC1-1,35.735469818115234,-78.68930053710938,84.5,0.006120280464801,0.0066727265,0.0036157118,0.006765978,0.0,0.013438704
C2A,CeC2-1,35.727909088134766,-78.6749496459961,2.5,0.0169137377497077,0.028731754,0.010939995,0.0204717,0.0082600545,0.049203455
C2A,CeC2-1,35.727909088134766,-78.6749496459961,7.5,0.0207820104284727,0.02435695,0.009594944,0.017954744,0.0064022057,0.042311694
C2A,CeC2-1,35.727909088134766,-78.6749496459961,17.5,0.0111404826790829,0.015399583,0.005618367,0.010513489,0.0048860935,0.02591307
C2A,CeC2-1,35.727909088134766,-78.6749496459961,34.0,0.0188332494587979,0.00863164,0.0034391938,0.006435665,0.0021959753,0.015067305
C2A,CeC2-1,35.727909088134766,-78.6749496459961,71.5,0.0059697229225662,0.0049301772,0.0026260545,0.0049140607,1.6116537e-05,0.009844238
C2B,CeC2-2,35.7276496887207,-78.67524719238281,2.5,0.031405969213083,0.028143987,0.010596959,0.019829785,0.008314202,0.047973774
C2B,CeC2-2,35.7276496887207,-78.67524719238281,7.5,0.0177174789655826,0.023931753,0.0096317455,0.01802361,0.005908143,0.041955363
C2B,CeC2-2,35.7276496887207,-78.67524719238281,22.0,0.0148003672346683,0.012395727,0.005633436,0.010541688,0.0018540397,0.022937415
C2B,CeC2-2,35.7276496887207,-78.67524719238281,49.0,0.0040445605904839,0.005923018,0.002962171,0.005543026,0.00037999172,0.011466044
C2B,CeC2-2,35.7276496887207,-78.67524719238281,82.0,0.0041673252324974,0.0049382355,0.0028745532,0.005379069,0.0,0.010317305
C2C,CeC2-3,35.72739028930664,-78.67555236816406,2.5,0.0251460560590083,0.028143987,0.010596959,0.019829785,0.008314202,0.047973774
C2C,CeC2-3,35.72739028930664,-78.67555236816406,7.5,0.0180657529994598,0.023931753,0.0096317455,0.01802361,0.005908143,0.041955363
C2C,CeC2-3,35.72739028930664,-78.67555236816406,18.0,0.0240416738233301,0.015407726,0.0058676084,0.010979887,0.004427839,0.026387613
C2C,CeC2-3,35.72739028930664,-78.67555236816406,36.0,0.0075275135847531,0.007604268,0.0035122426,0.006572359,0.0010319091,0.014176627
C2C,CeC2-3,35.72739028930664,-78.67555236816406,73.0,0.001590585470304,0.0049382355,0.0028745532,0.005379069,0.0,0.010317305
C3A,CeC3-1,35.724510192871094,-78.67194366455078,2.5,0.0323884979074931,0.036644142,0.012253983,0.022930527,0.013713615,0.05957467
C3A,CeC3-1,35.724510192871094,-78.67194366455078,7.5,0.0284981558910453,0.030263528,0.012368199,0.023144258,0.00711927,0.05340779
C3A,CeC3-1,35.724510192871094,-78.67194366455078,29.5,0.0235650574491914,0.008316632,0.0044549014,0.00833633,0.0,0.016652962
C3A,CeC3-1,35.724510192871094,-78.67194366455078,64.0,0.0090641801440847,0.003674556,0.0035345848,0.0066141672,0.0,0.010288723
C3A,CeC3-1,35.724510192871094,-78.67194366455078,89.5,0.0133193340316431,0.0035720025,0.0035345848,0.0066141672,0.0,0.010186169
C3B,CeC3-2,35.72481155395508,-78.67194366455078,2.5,0.0297178477367575,0.036644142,0.012253983,0.022930527,0.013713615,0.05957467
C3B,CeC3-2,35.72481155395508,-78.67194366455078,7.5,0.0261440949488769,0.030263528,0.012368199,0.023144258,0.00711927,0.05340779
C3B,CeC3-2,35.72481155395508,-78.67194366455078,24.5,0.0360927767168643,0.008788961,0.004476785,0.00837728,0.0004116809,0.017166242
C3B,CeC3-2,35.72481155395508,-78.67194366455078,58.0,0.0146061793952582,0.0038885958,0.0035345848,0.0066141672,0.0,0.010502763
C3B,CeC3-2,35.72481155395508,-78.67194366455078,85.5,0.0099880182909078,0.0035720025,0.0035345848,0.0066141672,0.0,0.010186169
C3C,CeC3-3,35.7251091003418,-78.67194366455078,2.5,0.0327113420912444,0.036644142,0.012253983,0.022930527,0.013713615,0.05957467
C3C,CeC3-3,35.7251091003418,-78.67194366455078,7.5,0.0361236740006656,0.030263528,0.012368199,0.023144258,0.00711927,0.05340779
C3C,CeC3-3,35.7251091003418,-78.67194366455078,27.5,0.0297639863910704,0.00861381,0.004476785,0.00837728,0.00023652986,0.01699109
C3C,CeC3-3,35.7251091003418,-78.67194366455078,55.5,0.0097418101854534,0.004168581,0.0035345848,0.0066141672,0.0,0.010782748
C3C,CeC3-3,35.7251091003418,-78.67194366455078,77.5,0.0142791267943606,0.0035720025,0.0035345848,0.0066141672,0.0,0.010186169
C3C,CeC3-3,35.7251091003418,-78.67194366455078,94.5,0.006033409349662,0.0035720025,0.0035345848,0.0066141672,0.0,0.010186169
F3B,CeF3-2,35.72618865966797,-78.66951751708984,2.5,0.0325107174359905,0.040290385,0.014784118,0.027665097,0.012625288,0.06795548
F3B,CeF3-2,35.72618865966797,-78.66951751708984,7.5,0.023443516007314,0.031932607,0.013844827,0.025907429,0.0060251784,0.057840034
F3B,CeF3-2,35.72618865966797,-78.66951751708984,25.0,0.0090861467233975,0.010272495,0.004761172,0.008909445,0.0013630502,0.01918194
F3B,CeF3-2,35.72618865966797,-78.66951751708984,50.0,0.0043525391328578,0.0058760117,0.0029300451,0.0054829097,0.00039310195,0.011358921
F3B,CeF3-2,35.72618865966797,-78.66951751708984,80.0,0.0030379496737171,0.005140597,0.00284243,0.005318958,0.0,0.010459555
F3PIT,CeF3-1,35.72611999511719,-78.66969299316406,2.5,0.0267595061978406,0.039782826,0.014271738,0.026706295,0.013076531,0.06648912
F3PIT,CeF3-1,35.72611999511719,-78.66969299316406,7.5,0.0326911642740955,0.031429123,0.012958951,0.024249714,0.0071794093,0.055678837
F3PIT,CeF3-1,35.72611999511719,-78.66969299316406,25.0,0.0070989472220649,0.010330988,0.0045441044,0.008503253,0.0018277355,0.01883424
F3PIT,CeF3-1,35.72611999511719,-78.66969299316406,55.0,0.0026991707652688,0.005934251,0.002713372,0.005077455,0.0008567958,0.011011707
F3PIT,CeF3-1,35.72611999511719,-78.66969299316406,85.0,0.0017337278728344,0.0051987935,0.0026257758,0.004913539,0.00028525433,0.010112332
P1A,CeH1-1,35.73408889770508,-78.68048095703125,2.5,0.0290602737543867,0.037341397,0.011695995,0.02188638,0.015455017,0.05922778
P1A,CeH1-1,35.73408889770508,-78.68048095703125,7.5,0.0073752339580364,0.029469281,0.011907941,0.022282988,0.0071862936,0.05175227
P1A,CeH1-1,35.73408889770508,-78.68048095703125,27.0,0.0087672725818725,0.009329424,0.003914065,0.0073242784,0.002005146,0.016653702
P1A,CeH1-1,35.73408889770508,-78.68048095703125,59.5,0.0047751879908244,0.0049635274,0.0025374258,0.004748212,0.00021531526,0.00971174
P1A,CeH1-1,35.73408889770508,-78.68048095703125,87.5,0.0039304299025679,0.004627013,0.0025374258,0.004748212,0.0,0.009375226
P1B,CeH1-2,35.73442840576172,-78.680419921875,2.5,0.0453519454589102,0.035930507,0.012076899,0.022599157,0.01333135,0.058529664
P1B,CeH1-2,35.73442840576172,-78.680419921875,7.5,0.0317826549894665,0.028737122,0.012012229,0.02247814,0.0062589813,0.05121526
P1B,CeH1-2,35.73442840576172,-78.680419921875,16.5,0.0218394526919335,0.015259684,0.0057266047,0.010716031,0.0045436528,0.025975715
P1B,CeH1-2,35.73442840576172,-78.680419921875,36.0,0.0091241076949594,0.006873318,0.003131392,0.005859684,0.0010136338,0.012733002
P1B,CeH1-2,35.73442840576172,-78.680419921875,74.5,0.003233179666178,0.004415136,0.0026050871,0.004874825,0.0,0.009289961
P1PIT,CeH1-3,35.734771728515625,-78.68035888671875,2.5,0.0632238847572122,0.035930507,0.012076899,0.022599157,0.01333135,0.058529664
P1PIT,CeH1-3,35.734771728515625,-78.68035888671875,7.5,0.0394584402832724,0.028737122,0.012012229,0.02247814,0.0062589813,0.05121526
P1PIT,CeH1-3,35.734771728515625,-78.68035888671875,13.0,0.0299089675316932,0.018976467,0.0070277196,0.01315077,0.0058256965,0.03212724
P1PIT,CeH1-3,35.734771728515625,-78.68035888671875,38.5,0.0096159838001048,0.0064801145,0.0030649551,0.005735363,0.00074475165,0.012215477
P1PIT,CeH1-3,35.734771728515625,-78.68035888671875,80.5,0.0036024859215497,0.004415136,0.0026050871,0.004874825,0.0,0.009289961
P2A,CeH2-1,35.7287712097168,-78.67504119873047,2.5,0.0229718611577132,0.034297016,0.012147322,0.022730937,0.011566078,0.05702795
P2A,CeH2-1,35.7287712097168,-78.67504119873047,7.5,0.0308932057586729,0.02718967,0.011076536,0.020727204,0.006462466,0.047916874
P2A,CeH2-1,35.7287712097168,-78.67504119873047,46.0,0.007158789076417,0.006017308,0.0031131918,0.0058256267,0.00019168155,0.011842934
P2B,CeH2-2,35.72871017456055,-78.6747817993164,2.5,0.0294014519520634,0.03486448,0.012077695,0.022600645,0.012263836,0.05746513
P2B,CeH2-2,35.72871017456055,-78.6747817993164,7.5,0.0217800354859501,0.02777418,0.011621392,0.021746779,0.0060274005,0.04952096
P2B,CeH2-2,35.72871017456055,-78.6747817993164,36.5,0.0083660020998766,0.008149476,0.003805818,0.0071217185,0.0010277573,0.015271194
P2B,CeH2-2,35.72871017456055,-78.6747817993164,79.0,0.0044041232972575,0.0057371724,0.0030159333,0.0056436295,9.354297e-05,0.011380802
P2C,CeH2-3,35.7286491394043,-78.67452239990234,2.5,0.0327254099023704,0.03455568,0.012137552,0.022712654,0.011843028,0.057268336
P2C,CeH2-3,35.7286491394043,-78.67452239990234,7.5,0.0229824348709858,0.027036948,0.0111211,0.020810595,0.0062263533,0.047847543
P2C,CeH2-3,35.7286491394043,-78.67452239990234,16.0,0.0244232807657438,0.0165838,0.0068275575,0.012776213,0.0038075875,0.029360013
P2C,CeH2-3,35.7286491394043,-78.67452239990234,37.0,0.0114160418831789,0.0072985995,0.0035968367,0.0067306575,0.0005679419,0.014029257
P2C,CeH2-3,35.7286491394043,-78.67452239990234,76.0,0.0022544766743061,0.0048883264,0.002924581,0.0054726847,0.0,0.010361011
P3A,CeH3-1,35.732460021972656,-78.67191314697266,2.5,0.0471635078089239,0.04215682,0.01309621,0.024506561,0.017650258,0.066663384
P3A,CeH3-1,35.732460021972656,-78.67191314697266,7.5,0.0295106359490341,0.03429983,0.0123328185,0.02307805,0.011221781,0.057377882
P3A,CeH3-1,35.732460021972656,-78.67191314697266,35.0,0.0131669698140383,0.010897766,0.0049840696,0.009326546,0.0015712194,0.020224312
P3A,CeH3-1,35.732460021972656,-78.67191314697266,63.5,0.0062032960660967,0.0075625917,0.0038326327,0.007171896,0.00039069587,0.014734488
P3B,CeH3-2,35.73284912109375,-78.67204284667969,2.5,0.0230916186805418,0.041885056,0.012314599,0.023043957,0.018841099,0.06492901
P3B,CeH3-2,35.73284912109375,-78.67204284667969,7.5,0.0149029052055169,0.033467993,0.011416172,0.021362755,0.012105238,0.05483075
P3B,CeH3-2,35.73284912109375,-78.67204284667969,17.0,0.0086110835641398,0.017740004,0.006441524,0.012053839,0.005686165,0.029793844
P3B,CeH3-2,35.73284912109375,-78.67204284667969,34.0,0.0069653672805607,0.009540264,0.0038443923,0.007193901,0.0023463625,0.016734164
P3C,CeH3-3,35.73324966430664,-78.67214965820312,2.5,0.0342892876642125,0.041885056,0.012314599,0.023043957,0.018841099,0.06492901
P3C,CeH3-3,35.73324966430664,-78.67214965820312,7.5,0.0168806102159428,0.033467993,0.011416172,0.021362755,0.012105238,0.05483075
P3C,CeH3-3,35.73324966430664,-78.67214965820312,15.0,0.0111179272091977,0.019009609,0.006970387,0.013043486,0.005966123,0.032053094
P3C,CeH3-3,35.73324966430664,-78.67214965820312,28.0,0.0099438193503317,0.0107613485,0.00447816,0.008379852,0.0023814961,0.0191412
P3C,CeH3-3,35.73324966430664,-78.67214965820312,68.0,0.002872883256158,0.0058157193,0.0026407489,0.0049415575,0.0008741617,0.010757277
NAT_R1,NAT-1-1,32.060626,-102.406408,2.5,0.0083160003304481,0.00677744,0.0035804796,0.006700049,7.739104e-05,0.013477489
NAT_R1,NAT-1-1,32.060626,-102.406408,7.5,0.004424000018835,0.005798202,0.0030712315,0.005747108,5.109422e-05,0.01154531
NAT_R1,NAT-1-1,32.060626,-102.406408,20.0,0.0027880000293253,0.006444728,0.0032099546,0.0060066963,0.00043803174,0.012451424
NAT_R1,NAT-1-1,32.060626,-102.406408,50.0,0.0038399999141692,0.002810555,0.0027138991,0.005078442,0.0,0.007888997
NAT_R1,NAT-1-1,32.060626,-102.406408,85.0,0.0032969998970626,0.0018878321,0.0027138991,0.005078442,0.0,0.006966274
NAT_R2,NAT-2-2,33.059817,-102.406791,2.5,0.0068459997862576,0.009150325,0.0044082794,0.008249087,0.00090123806,0.017399412
NAT_R2,NAT-2-2,33.059817,-102.406791,7.5,0.004275,0.007802157,0.0036987497,0.0069213645,0.00088079274,0.014723522
NAT_R2,NAT-2-2,33.059817,-102.406791,20.0,0.0022860000908373,0.0072971773,0.0035651852,0.006671429,0.0006257482,0.0139686065
NAT_R2,NAT-2-2,33.059817,-102.406791,50.0,0.00425,0.0032293452,0.0026867257,0.0050275926,0.0,0.008256938
NAT_R2,NAT-2-2,33.059817,-102.406791,85.0,0.0045000001788137,0.0023272636,0.0026867257,0.0050275926,0.0,0.0073548565
NAT_R3,NAT-3-3,33.060119,-102.406186,2.5,0.0095159996509551,0.008747034,0.003896952,0.0072922544,0.0014547794,0.016039288
NAT_R3,NAT-3-3,33.060119,-102.406186,7.5,0.0045600001811979,0.007399402,0.0036987497,0.0069213645,0.00047803763,0.014320767
NAT_R3,NAT-3-3,33.060119,-102.406186,20.0,0.0033179998964069,0.0072128787,0.0035651852,0.006671429,0.0005414495,0.013884308
NAT_R3,NAT-3-3,33.060119,-102.406186,50.0,0.002623999941349,0.003406272,0.0026867257,0.0050275926,0.0,0.008433864
NAT_R3,NAT-3-3,33.060119,-102.406186,85.0,0.0043120000183581,0.002504031,0.0026867257,0.0050275926,0.0,0.0075316234
P1_R1a,CVT-1-1,32.774177,-101.94719696044922,2.5,0.0016650000661611,0.007910176,0.0033188097,0.0062103937,0.0016997824,0.014120569
P1_R1a,CVT-1-1,32.774177,-101.94719696044922,7.5,0.0017250000685452,0.0073848963,0.0032103613,0.006007457,0.0013774391,0.013392353
P1_R1a,CVT-1-1,32.774177,-101.94719696044922,22.5,0.0024310000255702,0.0058978787,0.002598985,0.0048634065,0.0010344721,0.010761285
P1_R1a,CVT-1-1,32.774177,-101.94719696044922,55.0,0.002448000025749,0.0024263386,0.0023725992,0.0044397768,0.0,0.006866115
P1_R1a,CVT-1-1,32.774177,-101.94719696044922,87.5,0.0015069999918341,0.0016979999,0.0023725992,0.0044397768,0.0,0.0061377767
P1_R1b,CVT-1-2,32.774177,-101.94719696044922,2.5,0.0020340000808238,0.007910176,0.0033188097,0.0062103937,0.0016997824,0.014120569
P1_R1b,CVT-1-2,32.774177,-101.94719696044922,7.5,0.0024650000259278,0.0073848963,0.0032103613,0.006007457,0.0013774391,0.013392353
P1_R1b,CVT-1-2,32.774177,-101.94719696044922,22.5,0.0019040000081061,0.0058978787,0.002598985,0.0048634065,0.0010344721,0.010761285
P1_R1b,CVT-1-2,32.774177,-101.94719696044922,55.0,0.0032339998990295,0.0024263386,0.0023725992,0.0044397768,0.0,0.006866115
P1_R1b,CVT-1-2,32.774177,-101.94719696044922,87.5,0.0021450000852345,0.0016979999,0.0023725992,0.0044397768,0.0,0.0061377767
P1_R1c,CVT-1-3,32.774177,-101.94719696044922,2.5,0.0036119998872278,0.007910176,0.0033188097,0.0062103937,0.0016997824,0.014120569
P1_R1c,CVT-1-3,32.774177,-101.94719696044922,7.5,0.0018020000189541,0.0073848963,0.0032103613,0.006007457,0.0013774391,0.013392353
P1_R1c,CVT-1-3,32.774177,-101.94719696044922,22.5,0.0027030000284312,0.0058978787,0.002598985,0.0048634065,0.0010344721,0.010761285
P1_R1c,CVT-1-3,32.774177,-101.94719696044922,55.0,0.0023250000923871,0.0024263386,0.0023725992,0.0044397768,0.0,0.006866115
P1_R1c,CVT-1-3,32.774177,-101.94719696044922,87.5,0.0022200000882148,0.0016979999,0.0023725992,0.0044397768,0.0,0.0061377767
P2_R1a,NTR-1-1,32.775007,-101.947399,2.5,0.0082350001931189,0.007950538,0.0033188097,0.0062103937,0.0017401441,0.014160931
P2_R1a,NTR-1-1,32.775007,-101.947399,7.5,0.0055900000929831,0.0074252356,0.0032103613,0.006007457,0.0014177784,0.013432693
P2_R1a,NTR-1-1,32.775007,-101.947399,22.5,0.0019239999294279,0.005938158,0.002598985,0.0048634065,0.0010747514,0.010801565
P2_R1a,NTR-1-1,32.775007,-101.947399,55.0,0.0027739999651908,0.0024664784,0.0023725992,0.0044397768,0.0,0.006906255
P2_R1a,NTR-1-1,32.775007,-101.947399,87.5,0.0022050000876187,0.0017381109,0.0023725992,0.0044397768,0.0,0.006177888
P2_R1b,NTR-1-2,32.775007,-101.947399,2.5,0.0093000000715255,0.007950538,0.0033188097,0.0062103937,0.0017401441,0.014160931
P2_R1b,NTR-1-2,32.775007,-101.947399,7.5,0.0044200000464915,0.0074252356,0.0032103613,0.006007457,0.0014177784,0.013432693
P2_R1b,NTR-1-2,32.775007,-101.947399,22.5,0.0023550000935792,0.005938158,0.002598985,0.0048634065,0.0010747514,0.010801565
P2_R1b,NTR-1-2,32.775007,-101.947399,55.0,0.0025670000270007,0.0024664784,0.0023725992,0.0044397768,0.0,0.006906255
P2_R1b,NTR-1-2,32.775007,-101.947399,87.5,0.0025670000270007,0.0017381109,0.0023725992,0.0044397768,0.0,0.006177888
P2_R1c,NTR-1-3,32.775007,-101.947399,2.5,0.0113560001194475,0.007950538,0.0033188097,0.0062103937,0.0017401441,0.014160931
P2_R1c,NTR-1-3,32.775007,-101.947399,7.5,0.0048960000514982,0.0074252356,0.0032103613,0.006007457,0.0014177784,0.013432693
P2_R1c,NTR-1-3,32.775007,-101.947399,22.5,0.0026820001065729,0.005938158,0.002598985,0.0048634065,0.0010747514,0.010801565
P2_R1c,NTR-1-3,32.775007,-101.947399,55.0,0.0022350000888108,0.0024664784,0.0023725992,0.0044397768,0.0,0.006906255
P2_R1c,NTR-1-3,32.775007,-101.947399,87.5,0.0031800000473856,0.0017381109,0.0023725992,0.0044397768,0.0,0.006177888
P3_R1a,NTM-1-1,32.774275,-101.946881,2.5,0.0084699998557567,0.007950538,0.0033188097,0.0062103937,0.0017401441,0.014160931
P3_R1a,NTM-1-1,32.774275,-101.946881,7.5,0.0040180000782012,0.0074252356,0.0032103613,0.006007457,0.0014177784,0.013432693
P3_R1a,NTM-1-1,32.774275,-101.946881,22.5,0.0023839999467134,0.005938158,0.002598985,0.0048634065,0.0010747514,0.010801565
P3_R1a,NTM-1-1,32.774275,-101.946881,55.0,0.001679999962449,0.0024664784,0.0023725992,0.0044397768,0.0,0.006906255
P3_R1a,NTM-1-1,32.774275,-101.946881,87.5,0.0016499999910592,0.0017381109,0.0023725992,0.0044397768,0.0,0.006177888
P3_R1b,NTM-1-2,32.774275,-101.946881,2.5,0.00759799978137,0.007950538,0.0033188097,0.0062103937,0.0017401441,0.014160931
P3_R1b,NTM-1-2,32.774275,-101.946881,7.5,0.0054000002145766,0.0074252356,0.0032103613,0.006007457,0.0014177784,0.013432693
P3_R1b,NTM-1-2,32.774275,-101.946881,22.5,0.0023100000098346,0.005938158,0.002598985,0.0048634065,0.0010747514,0.010801565
P3_R1b,NTM-1-2,32.774275,-101.946881,55.0,0.0021700000092386,0.0024664784,0.0023725992,0.0044397768,0.0,0.006906255
P3_R1b,NTM-1-2,32.774275,-101.946881,87.5,0.0017999999597668,0.0017381109,0.0023725992,0.0044397768,0.0,0.006177888
P3_R1c,NTM-1-3,32.774275,-101.946881,2.5,0.0074259999811648,0.007950538,0.0033188097,0.0062103937,0.0017401441,0.014160931
P3_R1c,NTM-1-3,32.774275,-101.946881,7.5,0.0057149998486041,0.0074252356,0.0032103613,0.006007457,0.0014177784,0.013432693
P3_R1c,NTM-1-3,32.774275,-101.946881,22.5,0.0021140000090002,0.005938158,0.002598985,0.0048634065,0.0010747514,0.010801565
P3_R1c,NTM-1-3,32.774275,-101.946881,55.0,0.0032339999824761,0.0024664784,0.0023725992,0.0044397768,0.0,0.006906255
P3_R1c,NTM-1-3,32.774275,-101.946881,87.5,0.0023199999481439,0.0017381109,0.0023725992,0.0044397768,0.0,0.006177888
P4_R2a,NTR-2-1,32.775007,-101.947399,2.5,0.0090420003592967,0.007950538,0.0033188097,0.0062103937,0.0017401441,0.014160931
P4_R2a,NTR-2-1,32.775007,-101.947399,7.5,0.00305,0.0074252356,0.0032103613,0.006007457,0.0014177784,0.013432693
P4_R2a,NTR-2-1,32.775007,-101.947399,22.5,0.0021150000840424,0.005938158,0.002598985,0.0048634065,0.0010747514,0.010801565
P4_R2a,NTR-2-1,32.775007,-101.947399,55.0,0.0022440000236033,0.0024664784,0.0023725992,0.0044397768,0.0,0.006906255
P4_R2a,NTR-2-1,32.775007,-101.947399,87.5,0.0022800000905989,0.0017381109,0.0023725992,0.0044397768,0.0,0.006177888
P4_R2b,NTR-2-2,32.775007,-101.947399,2.5,0.0076200003027914,0.007950538,0.0033188097,0.0062103937,0.0017401441,0.014160931
P4_R2b,NTR-2-2,32.775007,-101.947399,7.5,0.0053239999711513,0.0074252356,0.0032103613,0.006007457,0.0014177784,0.013432693
P4_R2b,NTR-2-2,32.775007,-101.947399,22.5,0.0028499999642371,0.005938158,0.002598985,0.0048634065,0.0010747514,0.010801565
P4_R2b,NTR-2-2,32.775007,-101.947399,55.0,0.0026100001037119,0.0024664784,0.0023725992,0.0044397768,0.0,0.006906255
P4_R2b,NTR-2-2,32.775007,-101.947399,87.5,0.0022239999502897,0.0017381109,0.0023725992,0.0044397768,0.0,0.006177888
P4_R2c,NTR-2-3,32.775007,-101.947399,2.5,0.0076849995851516,0.007950538,0.0033188097,0.0062103937,0.0017401441,0.014160931
P4_R2c,NTR-2-3,32.775007,-101.947399,7.5,0.0055130000710487,0.0074252356,0.0032103613,0.006007457,0.0014177784,0.013432693
P4_R2c,NTR-2-3,32.775007,-101.947399,22.5,0.0020860000088809,0.005938158,0.002598985,0.0048634065,0.0010747514,0.010801565
P4_R2c,NTR-2-3,32.775007,-101.947399,55.0,0.00345,0.0024664784,0.0023725992,0.0044397768,0.0,0.006906255
P4_R2c,NTR-2-3,32.775007,-101.947399,87.5,0.0033539998769759,0.0017381109,0.0023725992,0.0044397768,0.0,0.006177888
P5_R2a,NTM-2-1,32.775004,-101.947229,2.5,0.0058879998683928,0.007950538,0.0033188097,0.0062103937,0.0017401441,0.014160931
P5_R2a,NTM-2-1,32.775004,-101.947229,7.5,0.0080850001752375,0.0074252356,0.0032103613,0.006007457,0.0014177784,0.013432693
P5_R2a,NTM-2-1,32.775004,-101.947229,22.5,0.0021140000090002,0.005938158,0.002598985,0.0048634065,0.0010747514,0.010801565
P5_R2a,NTM-2-1,32.775004,-101.947229,55.0,0.0023970000252126,0.0024664784,0.0023725992,0.0044397768,0.0,0.006906255
P5_R2a,NTM-2-1,32.775004,-101.947229,87.5,0.0025670000270007,0.0017381109,0.0023725992,0.0044397768,0.0,0.006177888
P5_R2b,NTM-2-2,32.775004,-101.947229,2.5,0.010948000115156,0.007950538,0.0033188097,0.0062103937,0.0017401441,0.014160931
P5_R2b,NTM-2-2,32.775004,-101.947229,7.5,0.0071719999611377,0.0074252356,0.0032103613,0.006007457,0.0014177784,0.013432693
P5_R2b,NTM-2-2,32.775004,-101.947229,22.5,0.0024159999459981,0.005938158,0.002598985,0.0048634065,0.0010747514,0.010801565
P5_R2b,NTM-2-2,32.775004,-101.947229,55.0,0.0027800000414251,0.0024664784,0.0023725992,0.0044397768,0.0,0.006906255
P5_R2b,NTM-2-2,32.775004,-101.947229,87.5,0.0021600000858306,0.0017381109,0.0023725992,0.0044397768,0.0,0.006177888
P5_R2c,NTM-2-3,32.775004,-101.947229,2.5,0.0139400003910063,0.007950538,0.0033188097,0.0062103937,0.0017401441,0.014160931
P5_R2c,NTM-2-3,32.775004,-101.947229,7.5,0.006485999983549,0.0074252356,0.0032103613,0.006007457,0.0014177784,0.013432693
P5_R2c,NTM-2-3,32.775004,-101.947229,22.5,0.0024319999456405,0.005938158,0.002598985,0.0048634065,0.0010747514,0.010801565
P5_R2c,NTM-2-3,32.775004,-101.947229,55.0,0.0027400000408291,0.0024664784,0.0023725992,0.0044397768,0.0,0.006906255
P5_R2c,NTM-2-3,32.775004,-101.947229,87.5,0.0023970000252126,0.0017381109,0.0023725992,0.0044397768,0.0,0.006177888
P6_R2a,CVT-2-1,32.774988,-101.947051,2.5,0.0031459999829529,0.008371744,0.0033188097,0.0062103937,0.0021613506,0.0145821385
P6_R2a,CVT-2-1,32.774988,-101.947051,7.5,0.0023759999871253,0.007846231,0.0033859606,0.006336051,0.0015101796,0.014182282
P6_R2a,CVT-2-1,32.774988,-101.947051,22.5,0.0029000000432133,0.0059707765,0.002598985,0.0048634065,0.00110737,0.010834184
P6_R2a,CVT-2-1,32.774988,-101.947051,55.0,0.0025740001022814,0.0024989855,0.0023725992,0.0044397768,0.0,0.006938762
P6_R2a,CVT-2-1,32.774988,-101.947051,87.5,0.0023550000935792,0.0017705944,0.0023725992,0.0044397768,0.0,0.006210371
P6_R2b,CVT-2-2,32.774988,-101.947051,2.5,0.0019529999390243,0.008371744,0.0033188097,0.0062103937,0.0021613506,0.0145821385
P6_R2b,CVT-2-2,32.774988,-101.947051,7.5,0.002635000027716,0.007846231,0.0033859606,0.006336051,0.0015101796,0.014182282
P6_R2b,CVT-2-2,32.774988,-101.947051,22.5,0.0023220000922678,0.0059707765,0.002598985,0.0048634065,0.00110737,0.010834184
P6_R2b,CVT-2-2,32.774988,-101.947051,55.0,0.0023290000244973,0.0024989855,0.0023725992,0.0044397768,0.0,0.006938762
P6_R2b,CVT-2-2,32.774988,-101.947051,87.5,0.0018329999327658,0.0017705944,0.0023725992,0.0044397768,0.0,0.006210371
P6_R2c,CVT-2-3,32.774988,-101.947051,2.5,0.0025919999420642,0.008371744,0.0033188097,0.0062103937,0.0021613506,0.0145821385
P6_R2c,CVT-2-3,32.774988,-101.947051,7.5,0.0020060000210999,0.007846231,0.0033859606,0.006336051,0.0015101796,0.014182282
P6_R2c,CVT-2-3,32.774988,-101.947051,22.5,0.0026460001051424,0.0059707765,0.002598985,0.0048634065,0.00110737,0.010834184
P6_R2c,CVT-2-3,32.774988,-101.947051,55.0,0.0027720001101492,0.0024989855,0.0023725992,0.0044397768,0.0,0.006938762
P6_R2c,CVT-2-3,32.774988,-101.947051,87.5,0.0032129998996852,0.0017705944,0.0023725992,0.0044397768,0.0,0.006210371
P7_R3a,NTM-3-1,32.775739,-101.94738006591795,2.5,0.0088549997806548,0.008540217,0.0037084804,0.006939573,0.0016006436,0.01547979
P7_R3a,NTM-3-1,32.775739,-101.94738006591795,7.5,0.004730000078678,0.008058633,0.003775658,0.007065281,0.0009933519,0.015123913
P7_R3a,NTM-3-1,32.775739,-101.94738006591795,22.5,0.0029200000435113,0.0057163797,0.0029641157,0.005546665,0.00016971491,0.011263045
P7_R3a,NTM-3-1,32.775739,-101.94738006591795,55.0,0.0033120000600814,0.0022454646,0.0027619025,0.005168269,0.0,0.0074137338
P7_R3a,NTM-3-1,32.775739,-101.94738006591795,87.5,0.0033840001344679,0.0016158426,0.0027619025,0.005168269,0.0,0.0067841113
P7_R3b,NTM-3-2,32.775739,-101.94738006591795,2.5,0.0147960005879401,0.008540217,0.0037084804,0.006939573,0.0016006436,0.01547979
P7_R3b,NTM-3-2,32.775739,-101.94738006591795,7.5,0.0085560000658035,0.008058633,0.003775658,0.007065281,0.0009933519,0.015123913
P7_R3b,NTM-3-2,32.775739,-101.94738006591795,22.5,0.0017279999613761,0.0057163797,0.0029641157,0.005546665,0.00016971491,0.011263045
P7_R3b,NTM-3-2,32.775739,-101.94738006591795,55.0,0.0032119999825953,0.0022454646,0.0027619025,0.005168269,0.0,0.0074137338
P7_R3b,NTM-3-2,32.775739,-101.94738006591795,87.5,0.0055099999308584,0.0016158426,0.0027619025,0.005168269,0.0,0.0067841113
P7_R3c,NTM-3-3,32.775739,-101.94738006591795,2.5,0.0074970001459121,0.008540217,0.0037084804,0.006939573,0.0016006436,0.01547979
P7_R3c,NTM-3-3,32.775739,-101.94738006591795,7.5,0.0043240000784396,0.008058633,0.003775658,0.007065281,0.0009933519,0.015123913
P7_R3c,NTM-3-3,32.775739,-101.94738006591795,22.5,0.0019499999284743,0.0057163797,0.0029641157,0.005546665,0.00016971491,0.011263045
P7_R3c,NTM-3-3,32.775739,-101.94738006591795,55.0,0.0020409999251364,0.0022454646,0.0027619025,0.005168269,0.0,0.0074137338
P7_R3c,NTM-3-3,32.775739,-101.94738006591795,87.5,0.0010290000043808,0.0016158426,0.0027619025,0.005168269,0.0,0.0067841113
P8_R3a,CVT-3-1,32.775733947753906,-101.947185,2.5,0.0028119999647139,0.008540217,0.0037084804,0.006939573,0.0016006436,0.01547979
P8_R3a,CVT-3-1,32.775733947753906,-101.947185,7.5,0.0036540001451967,0.008058633,0.003775658,0.007065281,0.0009933519,0.015123913
P8_R3a,CVT-3-1,32.775733947753906,-101.947185,22.5,0.0031019999831913,0.0057163797,0.0029641157,0.005546665,0.00016971491,0.011263045
P8_R3a,CVT-3-1,32.775733947753906,-101.947185,55.0,0.0018849999308584,0.0022454646,0.0027619025,0.005168269,0.0,0.0074137338
P8_R3a,CVT-3-1,32.775733947753906,-101.947185,87.5,0.0014600000217556,0.0016158426,0.0027619025,0.005168269,0.0,0.0067841113
P8_R3b,CVT-3-2,32.775733947753906,-101.947185,2.5,0.0034720000267028,0.008540217,0.0037084804,0.006939573,0.0016006436,0.01547979
P8_R3b,CVT-3-2,32.775733947753906,-101.947185,7.5,0.0035310001403093,0.008058633,0.003775658,0.007065281,0.0009933519,0.015123913
P8_R3b,CVT-3-2,32.775733947753906,-101.947185,22.5,0.0033879999816416,0.0057163797,0.0029641157,0.005546665,0.00016971491,0.011263045
P8_R3b,CVT-3-2,32.775733947753906,-101.947185,55.0,0.0032779999822377,0.0022454646,0.0027619025,0.005168269,0.0,0.0074137338
P8_R3b,CVT-3-2,32.775733947753906,-101.947185,87.5,0.0017519999608397,0.0016158426,0.0027619025,0.005168269,0.0,0.0067841113
P8_R3c,CVT-3-3,32.775733947753906,-101.947185,2.5,0.0030400000452994,0.008540217,0.0037084804,0.006939573,0.0016006436,0.01547979
P8_R3c,CVT-3-3,32.775733947753906,-101.947185,7.5,0.0044770000576972,0.008058633,0.003775658,0.007065281,0.0009933519,0.015123913
P8_R3c,CVT-3-3,32.775733947753906,-101.947185,22.5,0.0026520000278948,0.0057163797,0.0029641157,0.005546665,0.00016971491,0.011263045
P8_R3c,CVT-3-3,32.775733947753906,-101.947185,55.0,0.0031019999831913,0.0022454646,0.0027619025,0.005168269,0.0,0.0074137338
P8_R3c,CVT-3-3,32.775733947753906,-101.947185,87.5,0.0021150000840424,0.0016158426,0.0027619025,0.005168269,0.0,0.0067841113
CK-1A-ASP2,ASP2-1,46.78188975,-117.0822114,2.5,0.0217299200057982,0.020779284,0.0057507725,0.010761256,0.010018027,0.03154054
CK-1A-ASP2,ASP2-1,46.78188975,-117.0822114,7.5,0.0214463202953337,0.020359915,0.0055208122,0.010330938,0.010028977,0.030690853
CK-1A-ASP2,ASP2-1,46.78188975,-117.0822114,19.5,0.0253988998532294,0.016204322,0.0049521276,0.009266774,0.0069375476,0.025471095
CK-1A-ASP2,ASP2-1,46.78188975,-117.0822114,47.0,0.0171595603466032,0.010138384,0.0039791977,0.0074461587,0.0026922254,0.017584544
CK-1A-ASP2,ASP2-1,46.78188975,-117.0822114,76.5,0.010694207894802,0.008683628,0.0031212834,0.005840768,0.0028428603,0.0145243965
CK-1B-ASP2,ASP2-2,46.78188975,-117.0822114,2.5,0.0136945198774337,0.020779284,0.0057507725,0.010761256,0.010018027,0.03154054
CK-1B-ASP2,ASP2-2,46.78188975,-117.0822114,7.5,0.0166042506694793,0.020359915,0.0055208122,0.010330938,0.010028977,0.030690853
CK-1B-ASP2,ASP2-2,46.78188975,-117.0822114,21.0,0.0161461699604987,0.016163683,0.0052504265,0.009824973,0.00633871,0.025988655
CK-1B-ASP2,ASP2-2,46.78188975,-117.0822114,54.5,0.0099926317214965,0.009532745,0.0035408486,0.006625889,0.0029068561,0.016158633
CK-1B-ASP2,ASP2-2,46.78188975,-117.0822114,87.5,0.005892959833145,0.008683628,0.0031212834,0.005840768,0.0028428603,0.0145243965
CK-1C-ASP2,ASP2-3,46.78188975,-117.0822114,2.5,0.0158149196147918,0.020779284,0.0057507725,0.010761256,0.010018027,0.03154054
CK-1C-ASP2,ASP2-3,46.78188975,-117.0822114,7.5,0.022707969379425,0.020359915,0.0055208122,0.010330938,0.010028977,0.030690853
CK-1C-ASP2,ASP2-3,46.78188975,-117.0822114,24.5,0.02736420006752,0.013869963,0.004751817,0.008891939,0.0049780235,0.022761902
CK-1C-ASP2,ASP2-3,46.78188975,-117.0822114,51.5,0.0197248001098631,0.009532745,0.0035408486,0.006625889,0.0029068561,0.016158633
CK-1C-ASP2,ASP2-3,46.78188975,-117.0822114,76.5,0.0081665612757205,0.008683628,0.0031212834,0.005840768,0.0028428603,0.0145243965
CK-2A-BAU9,BAU9-1,46.78188975,-117.0822114,2.5,0.0117599401235579,0.020779284,0.0057507725,0.010761256,0.010018027,0.03154054
CK-2A-BAU9,BAU9-1,46.78188975,-117.0822114,7.5,0.0098085004091262,0.020359915,0.0055208122,0.010330938,0.010028977,0.030690853
CK-2A-BAU9,BAU9-1,46.78188975,-117.0822114,21.5,0.0153885702848433,0.015844889,0.005226069,0.009779394,0.0060654953,0.025624283
CK-2A-BAU9,BAU9-1,46.78188975,-117.0822114,50.5,0.0113477997779845,0.009532745,0.0035408486,0.006625889,0.0029068561,0.016158633
CK-2A-BAU9,BAU9-1,46.78188975,-117.0822114,78.5,0.0091623841047286,0.008683628,0.0031212834,0.005840768,0.0028428603,0.0145243965
CK-2A-BAU9,BAU9-1,46.78188975,-117.0822114,97.5,0.004643304145336,0.008683628,0.0031212834,0.005840768,0.0028428603,0.0145243965
CK-2A-BAU9,BAU9-1,46.78188975,-117.0822114,114.0,0.002852514052391,0.008683628,0.0031212834,0.005840768,0.0028428603,0.0145243965
CK-2B-BAU9,BAU9-2,46.78188975,-117.0822114,2.5,0.0110711996555328,0.020779284,0.0057507725,0.010761256,0.010018027,0.03154054
CK-2B-BAU9,BAU9-2,46.78188975,-117.0822114,7.5,0.0132114398002624,0.020359915,0.0055208122,0.010330938,0.010028977,0.030690853
CK-2B-BAU9,BAU9-2,46.78188975,-117.0822114,20.5,0.0161929206132888,0.016163683,0.0052504265,0.009824973,0.00633871,0.025988655
CK-2B-BAU9,BAU9-2,46.78188975,-117.0822114,45.5,0.0093987429738044,0.010138384,0.0039791977,0.0074461587,0.0026922254,0.017584544
CK-2B-BAU9,BAU9-2,46.78188975,-117.0822114,71.5,0.0039957209944724,0.008683628,0.0031212834,0.005840768,0.0028428603,0.0145243965
CK-2B-BAU9,BAU9-2,46.78188975,-117.0822114,93.0,0.0073873801827429,0.008683628,0.0031212834,0.005840768,0.0028428603,0.0145243965
CK-2B-BAU9,BAU9-2,46.78188975,-117.0822114,112.5,0.0048332361161707,0.008683628,0.0031212834,0.005840768,0.0028428603,0.0145243965
CK-2C-BAU9,BAU9-3,46.78188975,-117.0822114,2.5,0.016738919520378,0.020779284,0.0057507725,0.010761256,0.010018027,0.03154054
CK-2C-BAU9,BAU9-3,46.78188975,-117.0822114,7.5,0.0139095595121383,0.020359915,0.0055208122,0.010330938,0.010028977,0.030690853
CK-2C-BAU9,BAU9-3,46.78188975,-117.0822114,72.5,0.0073660948872565,0.008683628,0.0031212834,0.005840768,0.0028428603,0.0145243965
JEA-1A-ASP10,ASP10-1,46.78836813,-117.4595977,21.5,0.0124320000529289,0.011764635,0.004349155,0.008138449,0.0036261864,0.019903084
JEA-1A-ASP10,ASP10-1,46.78836813,-117.4595977,46.5,0.0049439998894929,0.006784945,0.0031303673,0.0058577666,0.0009271782,0.012642711
JEA-1A-ASP10,ASP10-1,46.78836813,-117.4595977,71.0,0.0038520001530646,0.005659458,0.002667404,0.004991437,0.0006680214,0.010650896
JEA-1A-ASP10,ASP10-1,46.78836813,-117.4595977,94.0,0.0027440000116824,0.005659458,0.002667404,0.004991437,0.0006680214,0.010650896
JEA-1A-ASP10,ASP10-1,46.78836813,-117.4595977,114.0,0.0023970000252126,0.005659458,0.002667404,0.004991437,0.0006680214,0.010650896
JEA-1B-ASP10,ASP10-2,46.788368,-117.4595978,21.0,0.011,0.0122047225,0.004911386,0.009190536,0.0030141864,0.021395259
JEA-1B-ASP10,ASP10-2,46.788368,-117.4595978,43.5,0.0054119999706744,0.0070922794,0.0032415795,0.006065875,0.0010264046,0.013158154
JEA-1B-ASP10,ASP10-2,46.788368,-117.4595978,69.5,0.0024380000442265,0.005659458,0.002667404,0.004991437,0.0006680214,0.010650896
JEA-1B-ASP10,ASP10-2,46.788368,-117.4595978,96.0,0.0015839999645948,0.005659458,0.002667404,0.004991437,0.0006680214,0.010650896
JEA-1B-ASP10,ASP10-2,46.788368,-117.4595978,115.0,0.0007679999828338,0.005659458,0.002667404,0.004991437,0.0006680214,0.010650896
JEA-1C-ASP10,ASP10-3,46.78836851,-117.4595972,18.5,0.0070840001285076,0.0123449555,0.0047767228,0.008938544,0.003406411,0.0212835
JEA-1C-ASP10,ASP10-3,46.78836851,-117.4595972,39.0,0.0010999999940395,0.007800315,0.0032415795,0.006065875,0.0017344402,0.01386619
JEA-1C-ASP10,ASP10-3,46.78836851,-117.4595972,64.5,0.0009759999781846,0.0057902443,0.002667404,0.004991437,0.0007988075,0.010781681
JEA-1C-ASP10,ASP10-3,46.78836851,-117.4595972,91.5,0.0008050000034272,0.005659458,0.002667404,0.004991437,0.0006680214,0.010650896
JEA-1C-ASP10,ASP10-3,46.78836851,-117.4595972,113.5,0.000535000007972,0.005659458,0.002667404,0.004991437,0.0006680214,0.010650896
KUI-1A-ASP6,ASP6-1,46.78188975,-117.0822114,2.5,0.0255419992446899,0.020779284,0.0057507725,0.010761256,0.010018027,0.03154054
KUI-1A-ASP6,ASP6-1,46.78188975,-117.0822114,7.5,0.0172380005836485,0.020359915,0.0055208122,0.010330938,0.010028977,0.030690853
KUI-1A-ASP6,ASP6-1,46.78188975,-117.0822114,19.0,0.0169499999999999,0.01606665,0.0048709107,0.009114795,0.0069518546,0.025181446
KUI-1A-ASP6,ASP6-1,46.78188975,-117.0822114,38.0,0.0082960000872611,0.011064229,0.0039791977,0.0074461587,0.00361807,0.018510386
KUI-1A-ASP6,ASP6-1,46.78188975,-117.0822114,60.0,0.0046400000691413,0.008870363,0.0031212834,0.005840768,0.0030295951,0.014711131
KUI-1A-ASP6,ASP6-1,46.78188975,-117.0822114,82.0,0.0031979998826979,0.008683628,0.0031212834,0.005840768,0.0028428603,0.0145243965
KUI-1A-ASP6,ASP6-1,46.78188975,-117.0822114,107.0,0.0024149999246,0.008683628,0.0031212834,0.005840768,0.0028428603,0.0145243965
KUI-1B-ASP6,ASP6-2,46.78188975,-117.0822114,2.5,0.0209670007467269,0.020779284,0.0057507725,0.010761256,0.010018027,0.03154054
KUI-1B-ASP6,ASP6-2,46.78188975,-117.0822114,7.5,0.0142799997329711,0.020359915,0.0055208122,0.010330938,0.010028977,0.030690853
KUI-1B-ASP6,ASP6-2,46.78188975,-117.0822114,21.5,0.0158549998998641,0.015844889,0.005226069,0.009779394,0.0060654953,0.025624283
KUI-1B-ASP6,ASP6-2,46.78188975,-117.0822114,45.0,0.0058200001716613,0.010563696,0.0039791977,0.0074461587,0.0031175371,0.018009854
KUI-1B-ASP6,ASP6-2,46.78188975,-117.0822114,72.5,0.007669999718666,0.008683628,0.0031212834,0.005840768,0.0028428603,0.0145243965
KUI-1B-ASP6,ASP6-2,46.78188975,-117.0822114,97.0,0.0055,0.008683628,0.0031212834,0.005840768,0.0028428603,0.0145243965
KUI-1B-ASP6,ASP6-2,46.78188975,-117.0822114,114.0,0.0044079999446867,0.008683628,0.0031212834,0.005840768,0.0028428603,0.0145243965
KUI-1C-ASP6,ASP6-3,46.78188975,-117.0822114,2.5,0.0287830006122588,0.020779284,0.0057507725,0.010761256,0.010018027,0.03154054
KUI-1C-ASP6,ASP6-3,46.78188975,-117.0822114,7.5,0.0196350000500678,0.020359915,0.0055208122,0.010330938,0.010028977,0.030690853
KUI-1C-ASP6,ASP6-3,46.78188975,-117.0822114,19.0,0.0206080003738403,0.01606665,0.0048709107,0.009114795,0.0069518546,0.025181446
KUI-1C-ASP6,ASP6-3,46.78188975,-117.0822114,44.5,0.011134999513626,0.010563696,0.0039791977,0.0074461587,0.0031175371,0.018009854
KUI-1C-ASP6,ASP6-3,46.78188975,-117.0822114,74.5,0.0109610003232954,0.008683628,0.0031212834,0.005840768,0.0028428603,0.0145243965
KUI-1C-ASP6,ASP6-3,46.78188975,-117.0822114,98.5,0.007752000081539,0.008683628,0.0031212834,0.005840768,0.0028428603,0.0145243965
KUI-1C-ASP6,ASP6-3,46.78188975,-117.0822114,115.5,0.0050530000388621,0.008683628,0.0031212834,0.005840768,0.0028428603,0.0145243965
KUI-2A-BAU3,BAU3-1,46.78188975,-117.0822114,2.5,0.0157849996328353,0.020779284,0.0057507725,0.010761256,0.010018027,0.03154054
KUI-2A-BAU3,BAU3-1,46.78188975,-117.0822114,7.5,0.0117149998307227,0.020359915,0.0055208122,0.010330938,0.010028977,0.030690853
KUI-2A-BAU3,BAU3-1,46.78188975,-117.0822114,22.0,0.009858000075817,0.015844889,0.005349493,0.010010353,0.0058345357,0.025855243
KUI-2A-BAU3,BAU3-1,46.78188975,-117.0822114,52.0,0.0049819999873637,0.009532745,0.0035408486,0.006625889,0.0029068561,0.016158633
KUI-2A-BAU3,BAU3-1,46.78188975,-117.0822114,85.0,0.0047959999740123,0.008683628,0.0031212834,0.005840768,0.0028428603,0.0145243965
KUI-2A-BAU3,BAU3-1,46.78188975,-117.0822114,111.0,0.0043459999620914,0.008683628,0.0031212834,0.005840768,0.0028428603,0.0145243965
KUI-2B-BAU3,BAU3-2,46.74504916,-117.4236809,2.5,0.0126,0.026632972,0.0072643473,0.013593565,0.013039407,0.040226538
KUI-2B-BAU3,BAU3-2,46.74504916,-117.4236809,7.5,0.0089110002875327,0.024140798,0.0071631107,0.0134041235,0.010736674,0.03754492
KUI-2B-BAU3,BAU3-2,46.74504916,-117.4236809,24.0,0.0083159997403621,0.010459734,0.0040617445,0.0076006264,0.0028591077,0.01806036
KUI-2B-BAU3,BAU3-2,46.74504916,-117.4236809,56.5,0.006440000027418,0.006854854,0.0028788045,0.0053870245,0.0014678296,0.012241879
KUI-2B-BAU3,BAU3-2,46.74504916,-117.4236809,89.0,0.005813999891281,0.006268552,0.0024929633,0.004665011,0.001603541,0.010933563
KUI-2B-BAU3,BAU3-2,46.74504916,-117.4236809,112.5,0.0022400000333785,0.006268552,0.0024929633,0.004665011,0.001603541,0.010933563
KUI-2C-BAU3,BAU3-3,46.74504916,-117.4236809,2.5,0.0136799998283386,0.026632972,0.0072643473,0.013593565,0.013039407,0.040226538
KUI-2C-BAU3,BAU3-3,46.74504916,-117.4236809,7.5,0.0102240004062651,0.024140798,0.0071631107,0.0134041235,0.010736674,0.03754492
KUI-2C-BAU3,BAU3-3,46.74504916,-117.4236809,21.5,0.0086000001430511,0.012493451,0.004634292,0.008672018,0.0038214335,0.021165468
KUI-2C-BAU3,BAU3-3,46.74504916,-117.4236809,52.5,0.0050489999055861,0.0068921745,0.002910049,0.005445491,0.0014466834,0.012337666
KUI-2C-BAU3,BAU3-3,46.74504916,-117.4236809,83.0,0.0029700001180171,0.006268552,0.0024929633,0.004665011,0.001603541,0.010933563
KUI-2C-BAU3,BAU3-3,46.74504916,-117.4236809,108.0,0.0010800000429153,0.006268552,0.0024929633,0.004665011,0.001603541,0.010933563
LYM-1A-BAU8,BAU8-1,46.74504916,-117.4236809,19.5,0.0165344009399413,0.013124266,0.0046030832,0.008613618,0.0045106476,0.021737885
LYM-1A-BAU8,BAU8-1,46.74504916,-117.4236809,54.0,0.0185133204460143,0.0068921745,0.002910049,0.005445491,0.0014466834,0.012337666
LYM-1A-BAU8,BAU8-1,46.74504916,-117.4236809,92.5,0.0173249995708465,0.006268552,0.0024929633,0.004665011,0.001603541,0.010933563
LYM-1B-BAU8,BAU8-2,46.74504915,-117.4236809,18.0,0.0177477998971938,0.01425097,0.0045629228,0.008538467,0.0057125036,0.022789437
LYM-1B-BAU8,BAU8-2,46.74504915,-117.4236809,66.5,0.0236034007072448,0.006268552,0.0024929633,0.004665011,0.001603541,0.010933563
LYM-1C-BAU8,BAU8-3,46.74504922,-117.4236808,17.0,0.0298929400205611,0.01425097,0.004471447,0.008367291,0.0058836797,0.02261826
LYM-1C-BAU8,BAU8-3,46.74504922,-117.4236808,43.0,0.0163820497989653,0.007693609,0.0029899888,0.0055950806,0.0020985287,0.01328869
PCFS1-PGL7a,PGL7-7a,46.75739636,-117.1998969,15.0,0.0137295003771781,0.017809229,0.0052402616,0.009805951,0.008003278,0.02761518
PCFS1-PGL7a,PGL7-7a,46.75739636,-117.1998969,30.5,0.0062278247773647,0.012026728,0.004907845,0.00918391,0.0028428184,0.021210637
PCFS1-PGL7a,PGL7-7a,46.75739636,-117.1998969,52.5,0.0045354001522063,0.0081638405,0.0034770188,0.006506446,0.0016573947,0.014670286
PCFS1-PGL7b,PGL7-7b,46.75739636,-117.1998969,2.5,0.0202548099517821,0.027231274,0.007567782,0.0141613735,0.013069901,0.041392647
PCFS1-PGL7b,PGL7-7b,46.75739636,-117.1998969,7.5,0.0144742000579833,0.024472082,0.007323563,0.0137043735,0.0107677085,0.038176455
PCFS1-PGL7b,PGL7-7b,46.75739636,-117.1998969,16.0,0.0152089794754981,0.01714365,0.0052819033,0.009883874,0.007259776,0.027027525
PCFS1-PGL7b,PGL7-7b,46.75739636,-117.1998969,33.5,0.0100874078392981,0.010865515,0.00435343,0.008146449,0.002719066,0.019011963
PCFS1-PGL7b,PGL7-7b,46.75739636,-117.1998969,85.0,0.0038654851734637,0.0073752375,0.0033014033,0.006177821,0.0011974163,0.013553059
PCFS1-PGL7c,PGL7-7c,46.75739636,-117.1998969,2.5,0.0286048796653747,0.027231274,0.007567782,0.0141613735,0.013069901,0.041392647
PCFS1-PGL7c,PGL7-7c,46.75739636,-117.1998969,7.5,0.0161335795998573,0.024472082,0.007323563,0.0137043735,0.0107677085,0.038176455
PCFS1-PGL7c,PGL7-7c,46.75739636,-117.1998969,16.5,0.0128823995590209,0.016951011,0.0052819033,0.009883874,0.0070671374,0.026834887
PCFS1-PGL7c,PGL7-7c,46.75739636,-117.1998969,32.5,0.0164985396385192,0.0116524445,0.0044236477,0.008277846,0.003374599,0.01993029
PCFS3-1A-ASP9,ASP9-1,46.75757137,-117.2000596,2.5,0.0280043397188186,0.027231274,0.007567782,0.0141613735,0.013069901,0.041392647
PCFS3-1A-ASP9,ASP9-1,46.75757137,-117.2000596,7.5,0.0141628500223159,0.024472082,0.007323563,0.0137043735,0.0107677085,0.038176455
PCFS3-1A-ASP9,ASP9-1,46.75757137,-117.2000596,20.0,0.0165280501842498,0.015971985,0.0055585457,0.010401548,0.005570437,0.026373532
PCFS3-1A-ASP9,ASP9-1,46.75757137,-117.2000596,46.5,0.0206062396526335,0.008768663,0.0034770188,0.006506446,0.002262217,0.015275109
PCFS3-1A-ASP9,ASP9-1,46.75757137,-117.2000596,83.5,0.0154772794723509,0.0073752375,0.0033014033,0.006177821,0.0011974163,0.013553059
PCFS3-1A-ASP9,ASP9-1,46.75757137,-117.2000596,113.0,0.0117649399757385,0.0073752375,0.0033014033,0.006177821,0.0011974163,0.013553059
PCFS3-1B-ASP9,ASP9-2,46.75757137,-117.2000596,2.5,0.0276252598285674,0.027231274,0.007567782,0.0141613735,0.013069901,0.041392647
PCFS3-1B-ASP9,ASP9-2,46.75757137,-117.2000596,7.5,0.0168861006021499,0.024472082,0.007323563,0.0137043735,0.0107677085,0.038176455
PCFS3-1B-ASP9,ASP9-2,46.75757137,-117.2000596,21.5,0.0157172399282454,0.01537344,0.0055032712,0.010298114,0.005075326,0.025671555
PCFS3-1B-ASP9,ASP9-2,46.75757137,-117.2000596,45.0,0.0159118300557136,0.009108349,0.0038208247,0.0071497997,0.001958549,0.016258148
PCFS3-1B-ASP9,ASP9-2,46.75757137,-117.2000596,72.0,0.0113048066675663,0.0073752375,0.0033014033,0.006177821,0.0011974163,0.013553059
PCFS3-1B-ASP9,ASP9-2,46.75757137,-117.2000596,98.0,0.0063036302804946,0.0073752375,0.0033014033,0.006177821,0.0011974163,0.013553059
PCFS3-1B-ASP9,ASP9-2,46.75757137,-117.2000596,115.5,0.004447449979186,0.0073752375,0.0033014033,0.006177821,0.0011974163,0.013553059
PCFS3-1C-ASP9,ASP9-3,46.74504918,-117.4236807,2.5,0.0353121398448944,0.026632972,0.0072643473,0.013593565,0.013039407,0.040226538
PCFS3-1C-ASP9,ASP9-3,46.74504918,-117.4236807,7.5,0.0112380800962447,0.024140798,0.0071631107,0.0134041235,0.010736674,0.03754492
PCFS3-1C-ASP9,ASP9-3,46.74504918,-117.4236807,19.5,0.0116928197979926,0.013124266,0.0046030832,0.008613618,0.0045106476,0.021737885
PCFS3-1C-ASP9,ASP9-3,46.74504918,-117.4236807,40.0,0.0092509381771087,0.008169788,0.00316555,0.005923603,0.0022461847,0.014093392
PCFS3-1C-ASP9,ASP9-3,46.74504918,-117.4236807,66.5,0.0056101761341094,0.006268552,0.0024929633,0.004665011,0.001603541,0.010933563
PCFS3-1C-ASP9,ASP9-3,46.74504918,-117.4236807,94.0,0.003384443950653,0.006268552,0.0024929633,0.004665011,0.001603541,0.010933563
PCFS3-1C-ASP9,ASP9-3,46.74504918,-117.4236807,114.0,0.0015196799755096,0.006268552,0.0024929633,0.004665011,0.001603541,0.010933563
PCFS3-2A-PGL9,PGL9-1,46.75757146,-117.20005798339844,2.5,0.0280043397188186,0.027231274,0.007567782,0.0141613735,0.013069901,0.041392647
PCFS3-2A-PGL9,PGL9-1,46.75757146,-117.20005798339844,7.5,0.0141628500223159,0.024472082,0.007323563,0.0137043735,0.0107677085,0.038176455
PCFS3-2A-PGL9,PGL9-1,46.75757146,-117.20005798339844,20.0,0.0165280501842498,0.015971985,0.0055585457,0.010401548,0.005570437,0.026373532
PCFS3-2A-PGL9,PGL9-1,46.75757146,-117.20005798339844,46.5,0.0206062396526335,0.008768663,0.0034770188,0.006506446,0.002262217,0.015275109
PCFS3-2A-PGL9,PGL9-1,46.75757146,-117.20005798339844,83.5,0.0154772794723509,0.0073752375,0.0033014033,0.006177821,0.0011974163,0.013553059
PCFS3-2A-PGL9,PGL9-1,46.75757146,-117.20005798339844,113.0,0.0117649399757385,0.0073752375,0.0033014033,0.006177821,0.0011974163,0.013553059
PCFS3-2B-PGL9,PGL9-2,46.75739636,-117.1998969,2.5,0.0276252598285674,0.027231274,0.007567782,0.0141613735,0.013069901,0.041392647
PCFS3-2B-PGL9,PGL9-2,46.75739636,-117.1998969,7.5,0.0168861006021499,0.024472082,0.007323563,0.0137043735,0.0107677085,0.038176455
PCFS3-2B-PGL9,PGL9-2,46.75739636,-117.1998969,21.5,0.0157172399282454,0.01537344,0.0055032712,0.010298114,0.005075326,0.025671555
PCFS3-2B-PGL9,PGL9-2,46.75739636,-117.1998969,45.0,0.0159118300557136,0.009108349,0.0038208247,0.0071497997,0.001958549,0.016258148
PCFS3-2B-PGL9,PGL9-2,46.75739636,-117.1998969,72.0,0.0113048066675663,0.0073752375,0.0033014033,0.006177821,0.0011974163,0.013553059
PCFS3-2B-PGL9,PGL9-2,46.75739636,-117.1998969,98.0,0.0063036302804946,0.0073752375,0.0033014033,0.006177821,0.0011974163,0.013553059
PCFS3-2B-PGL9,PGL9-2,46.75739636,-117.1998969,115.5,0.004447449979186,0.0073752375,0.0033014033,0.006177821,0.0011974163,0.013553059
PCFS3-2C-PGL9,PGL9-3,46.75739636,-117.1998969,2.5,0.0353121398448944,0.027231274,0.007567782,0.0141613735,0.013069901,0.041392647
PCFS3-2C-PGL9,PGL9-3,46.75739636,-117.1998969,7.5,0.0112380800962447,0.024472082,0.007323563,0.0137043735,0.0107677085,0.038176455
PCFS3-2C-PGL9,PGL9-3,46.75739636,-117.1998969,19.5,0.0116928197979926,0.015971985,0.005260156,0.009843179,0.0061288057,0.025815163
PCFS3-2C-PGL9,PGL9-3,46.75739636,-117.1998969,40.0,0.0092509381771087,0.009615134,0.0039348495,0.0073631713,0.0022519631,0.016978305
PCFS3-2C-PGL9,PGL9-3,46.75739636,-117.1998969,66.5,0.0056101761341094,0.0073752375,0.0033014033,0.006177821,0.0011974163,0.013553059
PCFS3-2C-PGL9,PGL9-3,46.75739636,-117.1998969,94.0,0.003384443950653,0.0073752375,0.0033014033,0.006177821,0.0011974163,0.013553059
PCFS3-2C-PGL9,PGL9-3,46.75739636,-117.1998969,114.0,0.0015196799755096,0.0073752375,0.0033014033,0.006177821,0.0011974163,0.013553059
S2019MN99-A-CON,CON-1,43.7476806640625,-92.845294,2.5,0.0322169158802241,0.048481453,0.015439571,0.028891627,0.019589826,0.07737308
S2019MN99-A-CON,CON-1,43.7476806640625,-92.845294,7.5,0.0373163119771512,0.051106956,0.01689089,0.03160744,0.019499514,0.082714394
S2019MN99-A-CON,CON-1,43.7476806640625,-92.845294,18.0,0.0326926859174545,0.04272838,0.015090668,0.028238734,0.014489645,0.070967115
S2019MN99-A-CON,CON-1,43.7476806640625,-92.845294,38.0,0.013400248451241,0.03336429,0.0140653765,0.026320137,0.0070441514,0.059684426
S2019MN99-A-CON,CON-1,43.7476806640625,-92.845294,80.0,0.005961074519536,0.030241601,0.013987481,0.026174372,0.004067229,0.056415975
S2019MN99-B-CON,CON-2,43.74790573120117,-92.845601,2.5,0.0375456632279321,0.04878313,0.015251664,0.028540002,0.020243129,0.07732313
S2019MN99-B-CON,CON-2,43.74790573120117,-92.845601,7.5,0.0345747701334262,0.05129259,0.01670271,0.0312553,0.02003729,0.08254789
S2019MN99-B-CON,CON-2,43.74790573120117,-92.845601,21.0,0.0325394737352589,0.041903947,0.015423899,0.0288623,0.013041647,0.07076625
S2019MN99-B-CON,CON-2,43.74790573120117,-92.845601,43.0,0.0156579554412573,0.03213366,0.014002733,0.026202913,0.005930748,0.058336575
S2019MN99-B-CON,CON-2,43.74790573120117,-92.845601,65.5,0.008279044871274,0.030604616,0.013863615,0.025942584,0.0046620313,0.056547202
S2019MN99-B-CON,CON-2,43.74790573120117,-92.845601,107.0,0.0058358926582345,0.030604616,0.013863615,0.025942584,0.0046620313,0.056547202
S2019MN99-C-CON,CON-3,43.74759292602539,-92.844985,2.5,0.0319202889553156,0.048481453,0.015439571,0.028891627,0.019589826,0.07737308
S2019MN99-C-CON,CON-3,43.74759292602539,-92.844985,7.5,0.0349377946253439,0.051106956,0.01689089,0.03160744,0.019499514,0.082714394
S2019MN99-C-CON,CON-3,43.74759292602539,-92.844985,17.5,0.0267935576811436,0.042961176,0.015090668,0.028238734,0.014722442,0.07119991
S2019MN99-C-CON,CON-3,43.74759292602539,-92.844985,30.0,0.0107073221538488,0.03650628,0.01435209,0.026856655,0.009649625,0.06336293
S2019MN99-C-CON,CON-3,43.74759292602539,-92.844985,47.5,0.0087848669371913,0.031006012,0.014153095,0.02648428,0.0045217313,0.057490293
S2019MN99-C-CON,CON-3,43.74759292602539,-92.844985,70.0,0.0061952399055912,0.030241601,0.013987481,0.026174372,0.004067229,0.056415975
S2019MN99-C-CON,CON-3,43.74759292602539,-92.844985,95.0,0.0028724554238785,0.030241601,0.013987481,0.026174372,0.004067229,0.056415975
S2019MN99-D-CON,CON-4,43.750483,-92.84107208251952,2.5,0.0303934647500422,0.036218338,0.009220562,0.017254174,0.018964164,0.05347251
S2019MN99-D-CON,CON-4,43.750483,-92.84107208251952,7.5,0.0330255126469371,0.037897542,0.010002792,0.018717937,0.019179605,0.05661548
S2019MN99-D-CON,CON-4,43.750483,-92.84107208251952,17.5,0.0370741783973403,0.034041174,0.010032281,0.01877312,0.015268054,0.052814294
S2019MN99-D-CON,CON-4,43.750483,-92.84107208251952,36.0,0.0149091099174069,0.026994312,0.011568296,0.02164742,0.0053468924,0.048641734
S2019MN99-D-CON,CON-4,43.750483,-92.84107208251952,78.5,0.005203380550732,0.022958618,0.01175689,0.022000333,0.00095828436,0.04495895
S2019MN99-E-CON,CON-5,43.7506217956543,-92.84133911132812,2.5,0.0302385020619624,0.036218338,0.009220562,0.017254174,0.018964164,0.05347251
S2019MN99-E-CON,CON-5,43.7506217956543,-92.84133911132812,7.5,0.0318193377578924,0.037897542,0.010002792,0.018717937,0.019179605,0.05661548
S2019MN99-E-CON,CON-5,43.7506217956543,-92.84133911132812,16.0,0.0395067580099631,0.03357798,0.009883234,0.018494213,0.015083766,0.05207219
S2019MN99-E-CON,CON-5,43.7506217956543,-92.84133911132812,37.5,0.0129740765777129,0.025903607,0.011592483,0.021692682,0.0042109247,0.04759629
S2019MN99-E-CON,CON-5,43.7506217956543,-92.84133911132812,66.5,0.0078967460259772,0.022958618,0.01175689,0.022000333,0.00095828436,0.04495895
S2019MN99-E-CON,CON-5,43.7506217956543,-92.84133911132812,95.0,0.0032391968466515,0.022958618,0.01175689,0.022000333,0.00095828436,0.04495895
S2019MN99-F-CON,CON-6,43.75033950805664,-92.84078216552734,2.5,0.0372223191129277,0.036294837,0.009220562,0.017254174,0.019040663,0.05354901
S2019MN99-F-CON,CON-6,43.75033950805664,-92.84078216552734,7.5,0.0378721810177018,0.037974168,0.010002792,0.018717937,0.01925623,0.056692105
S2019MN99-F-CON,CON-6,43.75033950805664,-92.84078216552734,17.5,0.0292670141828915,0.034117512,0.010032281,0.01877312,0.0153443925,0.052890632
S2019MN99-F-CON,CON-6,43.75033950805664,-92.84078216552734,33.5,0.0163494275360843,0.027226303,0.011401358,0.021335036,0.005891267,0.04856134
S2019MN99-F-CON,CON-6,43.75033950805664,-92.84078216552734,64.5,0.0062214710347448,0.023040483,0.01153065,0.021576975,0.0014635082,0.04461746
S2019MN99-G-CON,CON-7,43.752220153808594,-92.84329223632812,2.5,0.0245478492641244,0.035808723,0.008891443,0.016638303,0.01917042,0.05244703
S2019MN99-G-CON,CON-7,43.752220153808594,-92.84329223632812,7.5,0.0370158877975069,0.03748727,0.009598558,0.017961506,0.019525763,0.055448774
S2019MN99-G-CON,CON-7,43.752220153808594,-92.84329223632812,15.0,0.0384033878033687,0.03307687,0.0095133465,0.017802052,0.015274819,0.050878923
S2019MN99-G-CON,CON-7,43.752220153808594,-92.84329223632812,27.0,0.0129069153707514,0.028157972,0.010668952,0.019964505,0.008193467,0.048122477
S2019MN99-G-CON,CON-7,43.752220153808594,-92.84329223632812,52.0,0.0096783331948682,0.02274155,0.0114479,0.021422127,0.0013194233,0.044163678
S2019MN99-G-CON,CON-7,43.752220153808594,-92.84329223632812,76.5,0.0058139156743021,0.022491524,0.011395661,0.021324374,0.0011671502,0.043815896
S2019MN99-G-CON,CON-7,43.752220153808594,-92.84329223632812,93.0,0.0228361186050677,0.022491524,0.011395661,0.021324374,0.0011671502,0.043815896
S2019MN99-H-CON,CON-8,43.75217819213867,-92.843677,2.5,0.026353209304406,0.035808723,0.008891443,0.016638303,0.01917042,0.05244703
S2019MN99-H-CON,CON-8,43.75217819213867,-92.843677,7.5,0.0365208027683703,0.03748727,0.009598558,0.017961506,0.019525763,0.055448774
S2019MN99-H-CON,CON-8,43.75217819213867,-92.843677,16.0,0.0248630594718435,0.032520287,0.009546983,0.017864997,0.01465529,0.05038528
S2019MN99-H-CON,CON-8,43.75217819213867,-92.843677,30.5,0.0169629624887423,0.027969034,0.011062281,0.02070053,0.007268505,0.04866956
S2019MN99-H-CON,CON-8,43.75217819213867,-92.843677,52.0,0.0092829095801654,0.02274155,0.0114479,0.021422127,0.0013194233,0.044163678
S2019MN99-H-CON,CON-8,43.75217819213867,-92.843677,80.5,0.0069128528101019,0.022491524,0.011395661,0.021324374,0.0011671502,0.043815896
S2019MN99-H-CON,CON-8,43.75217819213867,-92.843677,119.0,0.0272046821862598,0.022491524,0.011395661,0.021324374,0.0011671502,0.043815896
S2019MN99-I-CON,CON-9,43.752284,-92.842882,2.5,0.0440647664691691,0.03606649,0.00917396,0.01716697,0.01889952,0.05323346
S2019MN99-I-CON,CON-9,43.752284,-92.842882,7.5,0.039726896316513,0.03774545,0.00992184,0.018566456,0.019178994,0.056311905
S2019MN99-I-CON,CON-9,43.752284,-92.842882,15.0,0.0377049032326891,0.033481598,0.009836602,0.018406952,0.015074646,0.051888548
S2019MN99-I-CON,CON-9,43.752284,-92.842882,37.0,0.0158667850734819,0.026111314,0.011545772,0.021605272,0.004506042,0.047716588
S2019MN99-I-CON,CON-9,43.752284,-92.842882,54.0,0.0120901728220655,0.023142217,0.011694784,0.021884115,0.0012581013,0.045026332
S2019MN99-I-CON,CON-9,43.752284,-92.842882,82.5,0.0056967589150912,0.02289209,0.011771775,0.022028185,0.00086390413,0.044920273
S2019MN99-A-ALT,ALT-1,43.74983978271485,-92.8546371459961,2.5,0.0393284478924671,0.035100237,0.01139714,0.021327142,0.013773095,0.05642738
S2019MN99-A-ALT,ALT-1,43.74983978271485,-92.8546371459961,7.5,0.0366560634602153,0.037412506,0.0121644875,0.022763057,0.014649449,0.06017556
S2019MN99-A-ALT,ALT-1,43.74983978271485,-92.8546371459961,15.0,0.0401096770983519,0.03110535,0.0117414305,0.021971403,0.009133948,0.05307675
S2019MN99-A-ALT,ALT-1,43.74983978271485,-92.8546371459961,27.5,0.0302309494066358,0.024147654,0.013421543,0.025115348,0.0,0.049263
S2019MN99-A-ALT,ALT-1,43.74983978271485,-92.8546371459961,48.0,0.0067416850173848,0.019529846,0.012575118,0.023531457,0.0,0.0430613
S2019MN99-A-ALT,ALT-1,43.74983978271485,-92.8546371459961,80.5,0.0058309663003976,0.01893688,0.012546287,0.023477508,0.0,0.04241439
S2019MN99-B-ALT,ALT-2,43.74980926513672,-92.85498809814452,2.5,0.0422692400435191,0.035353977,0.011590137,0.021688292,0.013665685,0.05704227
S2019MN99-B-ALT,ALT-2,43.74980926513672,-92.85498809814452,7.5,0.0377615769366382,0.037666813,0.0121644875,0.022763057,0.014903756,0.06042987
S2019MN99-B-ALT,ALT-2,43.74980926513672,-92.85498809814452,16.0,0.0509851798298541,0.030842623,0.011776092,0.022036266,0.008806357,0.052878886
S2019MN99-B-ALT,ALT-2,43.74980926513672,-92.85498809814452,31.0,0.026230574384002,0.024270141,0.01352274,0.025304718,0.0,0.04957486
S2019MN99-B-ALT,ALT-2,43.74980926513672,-92.85498809814452,55.0,0.0185423136562046,0.020060219,0.012575118,0.023531457,0.0,0.04359168
S2019MN99-B-ALT,ALT-2,43.74980926513672,-92.85498809814452,90.0,0.0143700980441537,0.019840153,0.012575118,0.023531457,0.0,0.04337161
S2019MN99-C-ALT,ALT-3,43.74953079223633,-92.85456848144533,2.5,0.0299050973687598,0.035179347,0.01139714,0.021327142,0.013852205,0.05650649
S2019MN99-C-ALT,ALT-3,43.74953079223633,-92.85456848144533,7.5,0.0390300068151009,0.03748923,0.0121644875,0.022763057,0.014726175,0.060252286
S2019MN99-C-ALT,ALT-3,43.74953079223633,-92.85456848144533,16.0,0.0254685590416132,0.029455347,0.011619251,0.021742772,0.0077125747,0.051198117
S2019MN99-C-ALT,ALT-3,43.74953079223633,-92.85456848144533,30.0,0.0169618133441331,0.022545042,0.013376371,0.02503082,0.0,0.04757586
S2019MN99-C-ALT,ALT-3,43.74953079223633,-92.85456848144533,59.0,0.0061386388850441,0.018662266,0.012468069,0.023331141,0.0,0.04199341
S2019MN99-C-ALT,ALT-3,43.74953079223633,-92.85456848144533,110.0,0.0051699511270023,0.018584164,0.012468069,0.023331141,0.0,0.041915305
S2019MN99-D-ALT,ALT-4,43.74922180175781,-92.85453033447266,2.5,0.049440002744179,0.035179347,0.01139714,0.021327142,0.013852205,0.05650649
S2019MN99-D-ALT,ALT-4,43.74922180175781,-92.85453033447266,7.5,0.0415719395085543,0.03748923,0.0121644875,0.022763057,0.014726175,0.060252286
S2019MN99-D-ALT,ALT-4,43.74922180175781,-92.85453033447266,17.5,0.0462631993015567,0.029120702,0.011768554,0.022022158,0.0070985444,0.05114286
S2019MN99-D-ALT,ALT-4,43.74922180175781,-92.85453033447266,32.5,0.0223283782211265,0.021927003,0.012763063,0.023883155,0.0,0.045810156
S2019MN99-D-ALT,ALT-4,43.74922180175781,-92.85453033447266,50.5,0.0118380940715869,0.01880395,0.012468069,0.023331141,0.0,0.04213509
S2019MN99-D-ALT,ALT-4,43.74922180175781,-92.85453033447266,80.5,0.0046711557782941,0.018584164,0.012468069,0.023331141,0.0,0.041915305
S2019MN99-E-ALT,ALT-5,43.74898910522461,-92.85466766357422,2.5,0.0464532908823117,0.035179347,0.01139714,0.021327142,0.013852205,0.05650649
S2019MN99-E-ALT,ALT-5,43.74898910522461,-92.85466766357422,7.5,0.054621342038507,0.03748923,0.0121644875,0.022763057,0.014726175,0.060252286
S2019MN99-E-ALT,ALT-5,43.74898910522461,-92.85466766357422,18.0,0.0415192832615245,0.028890993,0.011830738,0.022138521,0.0067524724,0.051029515
S2019MN99-E-ALT,ALT-5,43.74898910522461,-92.85466766357422,36.0,0.0402052418418898,0.021212649,0.012688488,0.023743603,0.0,0.044956252
S2019MN99-E-ALT,ALT-5,43.74898910522461,-92.85466766357422,62.0,0.0074072820328022,0.01861806,0.012468069,0.023331141,0.0,0.0419492
S2019MN99-E-ALT,ALT-5,43.74898910522461,-92.85466766357422,97.0,0.0048734810753288,0.018584164,0.012468069,0.023331141,0.0,0.041915305
S2019MN99-F-ALT,ALT-6,43.748931884765625,-92.85418701171876,2.5,0.0386435528049319,0.041366618,0.0137030985,0.025642216,0.015724402,0.06700884
S2019MN99-F-ALT,ALT-6,43.748931884765625,-92.85418701171876,7.5,0.0409905864642657,0.043319,0.015421845,0.028858457,0.014460545,0.072177455
S2019MN99-F-ALT,ALT-6,43.748931884765625,-92.85418701171876,16.5,0.0389619414188329,0.033511918,0.01315303,0.024612887,0.008899031,0.058124803
S2019MN99-F-ALT,ALT-6,43.748931884765625,-92.85418701171876,33.0,0.0222141783121749,0.024941456,0.014571098,0.027266478,0.0,0.052207932
S2019MN99-F-ALT,ALT-6,43.748931884765625,-92.85418701171876,56.5,0.0119083954258839,0.020745281,0.0139824515,0.026164962,0.0,0.04691024
S2019MN99-F-ALT,ALT-6,43.748931884765625,-92.85418701171876,87.0,0.0084866236468773,0.020487748,0.013889736,0.025991464,0.0,0.04647921
S2019MN99-G-ALT,ALT-7,43.74876022338867,-92.85347747802734,2.5,0.0345385121126994,0.041366618,0.0137030985,0.025642216,0.015724402,0.06700884
S2019MN99-G-ALT,ALT-7,43.74876022338867,-92.85347747802734,7.5,0.0427129520024378,0.043319,0.015421845,0.028858457,0.014460545,0.072177455
S2019MN99-G-ALT,ALT-7,43.74876022338867,-92.85347747802734,18.5,0.0367316438622926,0.031501412,0.013406642,0.025087465,0.006413948,0.056588877
S2019MN99-G-ALT,ALT-7,43.74876022338867,-92.85347747802734,41.5,0.022270297202759,0.022096341,0.014431955,0.027006105,0.0,0.049102448
S2019MN99-G-ALT,ALT-7,43.74876022338867,-92.85347747802734,66.5,0.0194221182924526,0.020487748,0.013889736,0.025991464,0.0,0.04647921
S2019MN99-G-ALT,ALT-7,43.74876022338867,-92.85347747802734,88.5,0.0058819747795462,0.020487748,0.013889736,0.025991464,0.0,0.04647921
S2019MN99-H-ALT,ALT-8,43.74855041503906,-92.8537368774414,2.5,0.0405632231524671,0.041366618,0.0137030985,0.025642216,0.015724402,0.06700884
S2019MN99-H-ALT,ALT-8,43.74855041503906,-92.8537368774414,7.5,0.0467470632857989,0.043319,0.015421845,0.028858457,0.014460545,0.072177455
S2019MN99-H-ALT,ALT-8,43.74855041503906,-92.8537368774414,16.5,0.0373710342454219,0.033511918,0.01315303,0.024612887,0.008899031,0.058124803
S2019MN99-H-ALT,ALT-8,43.74855041503906,-92.8537368774414,32.0,0.0208934016802808,0.025372218,0.014677577,0.027465729,0.0,0.052837946
S2019MN99-H-ALT,ALT-8,43.74855041503906,-92.8537368774414,63.0,0.0058024500543607,0.02052171,0.013889736,0.025991464,0.0,0.046513174
S2019MN99-H-ALT,ALT-8,43.74855041503906,-92.8537368774414,101.0,0.0042497620300209,0.020487748,0.013889736,0.025991464,0.0,0.04647921
S2019MN99-I-ALT,ALT-9,43.749000549316406,-92.85340881347656,2.5,0.0394959616062143,0.04117544,0.0137030985,0.025642216,0.015533224,0.066817656
S2019MN99-I-ALT,ALT-9,43.749000549316406,-92.85340881347656,7.5,0.0473733994827447,0.043127466,0.015421845,0.028858457,0.014269009,0.07198592
S2019MN99-I-ALT,ALT-9,43.749000549316406,-92.85340881347656,15.5,0.0394878072110941,0.03400142,0.013107602,0.02452788,0.009473542,0.058529302
S2019MN99-I-ALT,ALT-9,43.749000549316406,-92.85340881347656,33.5,0.0255982331725111,0.02417175,0.01453494,0.027198818,0.0,0.05137057
S2019MN99-I-ALT,ALT-9,43.749000549316406,-92.85340881347656,59.0,0.0278606710241972,0.020086529,0.013889736,0.025991464,0.0,0.046077993
S2019MN99-I-ALT,ALT-9,43.749000549316406,-92.85340881347656,90.0,0.0057317062309465,0.020008318,0.013889736,0.025991464,0.0,0.04599978
S2019MN99-A-REF,REF-1,43.746917,-92.845067,2.5,0.0448625821735284,0.04705608,0.015511002,0.029025294,0.018030785,0.07608137
S2019MN99-A-REF,REF-1,43.746917,-92.845067,7.5,0.0522001431575874,0.04987787,0.016822409,0.03147929,0.01839858,0.081357166
S2019MN99-A-REF,REF-1,43.746917,-92.845067,17.0,0.04269364541738,0.040702596,0.014541737,0.027211536,0.013491061,0.06791413
S2019MN99-A-REF,REF-1,43.746917,-92.845067,33.0,0.0400205170181638,0.033482265,0.014119549,0.026421508,0.007060757,0.05990377
S2019MN99-A-REF,REF-1,43.746917,-92.845067,56.0,0.0353891652527097,0.029278418,0.014092186,0.026370304,0.0029081143,0.05564872
S2019MN99-A-REF,REF-1,43.746917,-92.845067,81.0,0.022714467103489,0.029150603,0.014092186,0.026370304,0.0027802996,0.055520907
S2019MN99-A-REF,REF-1,43.746917,-92.845067,126.5,0.0080559955399472,0.029150603,0.014092186,0.026370304,0.0027802996,0.055520907
S2019MN99-B-REF,REF-2,43.74689865112305,-92.84539794921876,2.5,0.0350048564132128,0.04705608,0.015511002,0.029025294,0.018030785,0.07608137
S2019MN99-B-REF,REF-2,43.74689865112305,-92.84539794921876,7.5,0.0488311810028353,0.04987787,0.016822409,0.03147929,0.01839858,0.081357166
S2019MN99-B-REF,REF-2,43.74689865112305,-92.84539794921876,18.0,0.0424135363778886,0.040470302,0.0146341305,0.02738443,0.013085872,0.06785473
S2019MN99-B-REF,REF-2,43.74689865112305,-92.84539794921876,44.0,0.0464739552541072,0.030341843,0.014041648,0.026275733,0.0040661097,0.056617577
S2019MN99-B-REF,REF-2,43.74689865112305,-92.84539794921876,81.0,0.0250502286542053,0.029150603,0.014092186,0.026370304,0.0027802996,0.055520907
S2019MN99-C-REF,REF-3,43.746883392333984,-92.84465026855467,2.5,0.0549858916929143,0.04705608,0.015511002,0.029025294,0.018030785,0.07608137
S2019MN99-C-REF,REF-3,43.746883392333984,-92.84465026855467,7.5,0.0335169438416916,0.04987787,0.016822409,0.03147929,0.01839858,0.081357166
S2019MN99-C-REF,REF-3,43.746883392333984,-92.84465026855467,23.0,0.032624627885747,0.037537165,0.014300934,0.026760928,0.010776237,0.06429809
S2019MN99-C-REF,REF-3,43.746883392333984,-92.84465026855467,49.0,0.0407376709977639,0.029430833,0.014092186,0.026370304,0.003060529,0.05580114
S2019MN99-C-REF,REF-3,43.746883392333984,-92.84465026855467,72.5,0.0212450939670456,0.029150603,0.014092186,0.026370304,0.0027802996,0.055520907
S2019MN99-C-REF,REF-3,43.746883392333984,-92.84465026855467,88.0,0.0127426246915143,0.029150603,0.014092186,0.026370304,0.0027802996,0.055520907
S2019MN99-C-REF,REF-3,43.746883392333984,-92.84465026855467,121.5,0.0036026832852149,0.029150603,0.014092186,0.026370304,0.0027802996,0.055520907
S2019MN99-D-REF,REF-4,43.746883392333984,-92.8439483642578,2.5,0.0467048954295611,0.04705608,0.015511002,0.029025294,0.018030785,0.07608137
S2019MN99-D-REF,REF-4,43.746883392333984,-92.8439483642578,7.5,0.0485367424364834,0.04987787,0.016822409,0.03147929,0.01839858,0.081357166
S2019MN99-D-REF,REF-4,43.746883392333984,-92.8439483642578,19.5,0.0378916469269279,0.039092537,0.0150271505,0.028119877,0.01097266,0.06721242
S2019MN99-D-REF,REF-4,43.746883392333984,-92.8439483642578,40.0,0.0319190964507086,0.031210976,0.01502818,0.028121803,0.0030891728,0.05933278
S2019MN99-D-REF,REF-4,43.746883392333984,-92.8439483642578,60.5,0.0254540583546879,0.029184852,0.014092186,0.026370304,0.002814548,0.055555157
S2019MN99-D-REF,REF-4,43.746883392333984,-92.8439483642578,100.0,0.0049420553669744,0.029150603,0.014092186,0.026370304,0.0027802996,0.055520907
S2019MN99-E-REF,REF-5,43.74689865112305,-92.844333,2.5,0.054227942947725,0.04705608,0.015511002,0.029025294,0.018030785,0.07608137
S2019MN99-E-REF,REF-5,43.74689865112305,-92.844333,7.5,0.0474870333904195,0.04987787,0.016822409,0.03147929,0.01839858,0.081357166
S2019MN99-E-REF,REF-5,43.74689865112305,-92.844333,26.0,0.037687079220446,0.03464733,0.01367157,0.025583219,0.009064112,0.06023055
S2019MN99-E-REF,REF-5,43.74689865112305,-92.844333,60.0,0.0267843776918601,0.029216792,0.014092186,0.026370304,0.0028464887,0.055587098
S2019MN99-E-REF,REF-5,43.74689865112305,-92.844333,113.0,0.005938619044872,0.029150603,0.014092186,0.026370304,0.0027802996,0.055520907
S2019MN99-F-REF,REF-6,43.746849060058594,-92.84359741210938,2.5,0.0614660959399371,0.04705608,0.015511002,0.029025294,0.018030785,0.07608137
S2019MN99-F-REF,REF-6,43.746849060058594,-92.84359741210938,7.5,0.0453644873365733,0.04987787,0.016822409,0.03147929,0.01839858,0.081357166
S2019MN99-F-REF,REF-6,43.746849060058594,-92.84359741210938,29.5,0.0434934197787346,0.03436957,0.01422598,0.02662067,0.0077489,0.060990237
S2019MN99-F-REF,REF-6,43.746849060058594,-92.84359741210938,60.5,0.0210224864960629,0.029184852,0.014092186,0.026370304,0.002814548,0.055555157
S2019MN99-F-REF,REF-6,43.746849060058594,-92.84359741210938,78.0,0.0157016649375079,0.029150603,0.014092186,0.026370304,0.0027802996,0.055520907
S2019MN99-F-REF,REF-6,43.746849060058594,-92.84359741210938,108.5,0.0079026144828457,0.029150603,0.014092186,0.026370304,0.0027802996,0.055520907
S2019MN99-G-REF,REF-7,43.746849060058594,-92.84300231933594,2.5,0.036044073000588,0.048336986,0.01473115,0.02756598,0.020771006,0.07590297
S2019MN99-G-REF,REF-7,43.746849060058594,-92.84300231933594,7.5,0.0383582340618307,0.050834246,0.01618145,0.030279884,0.020554362,0.08111413
S2019MN99-G-REF,REF-7,43.746849060058594,-92.84300231933594,22.5,0.0316172569257005,0.04039077,0.014825748,0.027742999,0.012647772,0.06813377
S2019MN99-G-REF,REF-7,43.746849060058594,-92.84300231933594,47.5,0.0397038331606399,0.031428672,0.014002733,0.026202913,0.005225759,0.057631586
S2019MN99-G-REF,REF-7,43.746849060058594,-92.84300231933594,70.0,0.0398930569913525,0.030663949,0.013863615,0.025942584,0.004721364,0.05660653
S2019MN99-G-REF,REF-7,43.746849060058594,-92.84300231933594,106.0,0.0053707556690726,0.030663949,0.013863615,0.025942584,0.004721364,0.05660653
S2019MN99-H-REF,REF-8,43.74689865112305,-92.84324645996094,2.5,0.0442898113914582,0.048032347,0.015316958,0.028662184,0.019370163,0.07669453
S2019MN99-H-REF,REF-8,43.74689865112305,-92.84324645996094,7.5,0.0490913035532477,0.05060991,0.016768096,0.03137766,0.01923225,0.08198757
S2019MN99-H-REF,REF-8,43.74689865112305,-92.84324645996094,21.5,0.0436803137749166,0.040335227,0.0151008405,0.02825777,0.012077456,0.068592995
S2019MN99-H-REF,REF-8,43.74689865112305,-92.84324645996094,42.5,0.0331313689941416,0.03190363,0.01419041,0.026554108,0.0053495206,0.058457736
S2019MN99-H-REF,REF-8,43.74689865112305,-92.84324645996094,62.0,0.0260706761234057,0.030297162,0.013987481,0.026174372,0.00412279,0.056471534
S2019MN99-H-REF,REF-8,43.74689865112305,-92.84324645996094,93.5,0.0095931282262217,0.030262876,0.013987481,0.026174372,0.0040885042,0.056437247
S2019MN99-I-REF,REF-9,43.746867,-92.8426513671875,2.5,0.0405863373123493,0.048336986,0.01473115,0.02756598,0.020771006,0.07590297
S2019MN99-I-REF,REF-9,43.746867,-92.8426513671875,7.5,0.0488951298166441,0.050834246,0.01618145,0.030279884,0.020554362,0.08111413
S2019MN99-I-REF,REF-9,43.746867,-92.8426513671875,17.5,0.0359707039736569,0.04345975,0.014504992,0.027142776,0.016316975,0.07060253
S2019MN99-I-REF,REF-9,43.746867,-92.8426513671875,38.5,0.0348433045649181,0.033750184,0.013877722,0.025968984,0.0077812,0.059719168
S2019MN99-I-REF,REF-9,43.746867,-92.8426513671875,61.5,0.0195422457600339,0.030698247,0.013863615,0.025942584,0.0047556628,0.056640834
S2019MN99-I-REF,REF-9,43.746867,-92.8426513671875,98.5,0.0056109424942144,0.030663949,0.013863615,0.025942584,0.004721364,0.05660653
S2019OR003001,JoF1-1,44.6361175,-123.2972812,2.5,0.0213287939095496,0.031725988,0.011533733,0.021582745,0.010143243,0.053308733
S2019OR003001,JoF1-1,44.6361175,-123.2972812,7.5,0.0229518698847293,0.03015229,0.011563553,0.021638544,0.008513745,0.051790833
S2019OR003001,JoF1-1,44.6361175,-123.2972812,19.5,0.0304871200752257,0.021340176,0.007986357,0.014944642,0.0063955346,0.03628482
S2019OR003001,JoF1-1,44.6361175,-123.2972812,37.0,0.0220211192321777,0.016491633,0.006514901,0.012191148,0.0043004854,0.02868278
S2019OR003001,JoF1-1,44.6361175,-123.2972812,72.5,0.0067043996930121,0.014472517,0.0057142973,0.010693001,0.0037795166,0.025165517
S2019OR003001,JoF1-2,44.6362175,-123.2973802,2.5,0.0187089000225066,0.031725988,0.011533733,0.021582745,0.010143243,0.053308733
S2019OR003001,JoF1-2,44.6362175,-123.2973802,7.5,0.0273024007081985,0.03015229,0.011563553,0.021638544,0.008513745,0.051790833
S2019OR003001,JoF1-2,44.6362175,-123.2973802,19.5,0.0423631994247435,0.021340176,0.007986357,0.014944642,0.0063955346,0.03628482
S2019OR003001,JoF1-2,44.6362175,-123.2973802,37.0,0.0341087985992431,0.016491633,0.006514901,0.012191148,0.0043004854,0.02868278
S2019OR003001,JoF1-2,44.6362175,-123.2973802,72.5,0.0105819996118544,0.014472517,0.0057142973,0.010693001,0.0037795166,0.025165517
S2019OR003001,JoF1-3,44.6358175,-123.2974823,2.5,0.0285087986946105,0.03233186,0.011179835,0.020920504,0.011411358,0.053252365
S2019OR003001,JoF1-3,44.6358175,-123.2974823,7.5,0.0324137012958526,0.030363899,0.011209643,0.020976285,0.009387614,0.051340185
S2019OR003001,JoF1-3,44.6358175,-123.2974823,19.5,0.0513647996902464,0.021751992,0.007838521,0.014668,0.0070839925,0.03641999
S2019OR003001,JoF1-3,44.6358175,-123.2974823,37.0,0.0365159992218017,0.01675288,0.0064454568,0.012061199,0.004691681,0.02881408
S2019OR003001,JoF1-3,44.6358175,-123.2974823,72.5,0.0161320004940032,0.014711484,0.0054536113,0.010205187,0.0045062974,0.024916671
S2019OR053002,JoF2-1,44.918413,-123.355451,2.5,0.0298386550998687,0.039021462,0.01386558,0.025946263,0.013075199,0.06496772
S2019OR053002,JoF2-1,44.918413,-123.355451,7.5,0.0308448000907897,0.03693452,0.012989699,0.024307251,0.01262727,0.061241772
S2019OR053002,JoF2-1,44.918413,-123.355451,20.0,0.0244402206945418,0.02335357,0.0088251475,0.016514245,0.006839324,0.039867815
S2019OR053002,JoF2-1,44.918413,-123.355451,41.0,0.0168809593391417,0.016275039,0.0058435714,0.010934908,0.005340131,0.027209947
S2019OR053002,JoF2-1,44.918413,-123.355451,76.0,0.0110853597271441,0.014860038,0.0055304337,0.010348942,0.0045110956,0.02520898
S2019OR053002,JoF2-2,44.918544,-123.355551,2.5,0.0367675007343292,0.039021462,0.01386558,0.025946263,0.013075199,0.06496772
S2019OR053002,JoF2-2,44.918544,-123.355551,7.5,0.0465807991027831,0.03693452,0.012989699,0.024307251,0.01262727,0.061241772
S2019OR053002,JoF2-2,44.918544,-123.355551,20.0,0.0454608005046844,0.02335357,0.0088251475,0.016514245,0.006839324,0.039867815
S2019OR053002,JoF2-2,44.918544,-123.355551,41.0,0.0253895998239516,0.016275039,0.0058435714,0.010934908,0.005340131,0.027209947
S2019OR053002,JoF2-2,44.918544,-123.355551,76.0,0.017925600528717,0.014860038,0.0055304337,0.010348942,0.0045110956,0.02520898
S2019OR053002,JoF2-3,44.918514251708984,-123.355451,2.5,0.036213100528717,0.039021462,0.01386558,0.025946263,0.013075199,0.06496772
S2019OR053002,JoF2-3,44.918514251708984,-123.355451,7.5,0.0501536018371581,0.03693452,0.012989699,0.024307251,0.01262727,0.061241772
S2019OR053002,JoF2-3,44.918514251708984,-123.355451,20.0,0.0405216010093688,0.02335357,0.0088251475,0.016514245,0.006839324,0.039867815
S2019OR053002,JoF2-3,44.918514251708984,-123.355451,41.0,0.0263267996072768,0.016275039,0.0058435714,0.010934908,0.005340131,0.027209947
S2019OR053002,JoF2-3,44.918514251708984,-123.355451,76.0,0.0178596005916595,0.014860038,0.0055304337,0.010348942,0.0045110956,0.02520898
S2019OR053003,WoNT1-1,44.737333,-123.2709732055664,2.5,0.0278460009098052,0.027690684,0.008781026,0.016431684,0.011259001,0.044122368
S2019OR053003,WoNT1-1,44.737333,-123.2709732055664,7.5,0.0283239006042479,0.026315704,0.008504538,0.015914299,0.010401405,0.042230003
S2019OR053003,WoNT1-1,44.737333,-123.2709732055664,21.5,0.0167987203216552,0.02062554,0.0070804795,0.013249499,0.0073760403,0.033875037
S2019OR053003,WoNT1-1,44.737333,-123.2709732055664,51.5,0.009147600030899,0.012317455,0.0055936743,0.0104672825,0.0018501729,0.022784738
S2019OR053003,WoNT1-1,44.737333,-123.2709732055664,80.0,0.0062639998197554,0.01177752,0.0049474095,0.009257946,0.002519574,0.021035466
S2019OR053003,WoNT1-1,44.737333,-123.2709732055664,95.0,0.0059091999679803,0.01177752,0.0049474095,0.009257946,0.002519574,0.021035466
S2019OR053003,WoNT1-2,44.737333,-123.27107238769533,2.5,0.0348599996566772,0.027690684,0.008781026,0.016431684,0.011259001,0.044122368
S2019OR053003,WoNT1-2,44.737333,-123.27107238769533,7.5,0.0381347991943358,0.026315704,0.008504538,0.015914299,0.010401405,0.042230003
S2019OR053003,WoNT1-2,44.737333,-123.27107238769533,21.5,0.0175712007522582,0.02062554,0.0070804795,0.013249499,0.0073760403,0.033875037
S2019OR053003,WoNT1-2,44.737333,-123.27107238769533,51.5,0.0078839998841285,0.012317455,0.0055936743,0.0104672825,0.0018501729,0.022784738
S2019OR053003,WoNT1-2,44.737333,-123.27107238769533,80.0,0.006749999821186,0.01177752,0.0049474095,0.009257946,0.002519574,0.021035466
S2019OR053003,WoNT1-2,44.737333,-123.27107238769533,95.0,0.0085320003390311,0.01177752,0.0049474095,0.009257946,0.002519574,0.021035466
S2019OR053003,WoNT1-3,44.73763275146485,-123.27076721191406,2.5,0.0339000005722045,0.027690684,0.008781026,0.016431684,0.011259001,0.044122368
S2019OR053003,WoNT1-3,44.73763275146485,-123.27076721191406,7.5,0.0308351995468139,0.026315704,0.008504538,0.015914299,0.010401405,0.042230003
S2019OR053003,WoNT1-3,44.73763275146485,-123.27076721191406,21.5,0.0201415992736815,0.02062554,0.0070804795,0.013249499,0.0073760403,0.033875037
S2019OR053003,WoNT1-3,44.73763275146485,-123.27076721191406,51.5,0.0078705000579356,0.012317455,0.0055936743,0.0104672825,0.0018501729,0.022784738
S2019OR053003,WoNT1-3,44.73763275146485,-123.27076721191406,80.0,0.0065250000357627,0.01177752,0.0049474095,0.009257946,0.002519574,0.021035466
S2019OR053003,WoNT1-3,44.73763275146485,-123.27076721191406,95.0,0.0076314001619814,0.01177752,0.0049474095,0.009257946,0.002519574,0.021035466
S2019OR071004,JoV1-1,45.24882125854492,-123.07115936279295,2.5,0.0368694408988952,0.03824146,0.013716157,0.02566665,0.012574811,0.063908115
S2019OR071004,JoV1-1,45.24882125854492,-123.07115936279295,7.5,0.0276849602508544,0.03660139,0.014061797,0.026313439,0.010287952,0.06291483
S2019OR071004,JoV1-1,45.24882125854492,-123.07115936279295,15.5,0.0253894992947578,0.02393309,0.009052519,0.016939718,0.006993372,0.04087281
S2019OR071004,JoV1-1,45.24882125854492,-123.07115936279295,31.5,0.0181300744593143,0.017129883,0.007287008,0.01363597,0.0034939134,0.030765854
S2019OR071004,JoV1-1,45.24882125854492,-123.07115936279295,54.5,0.0156312444591521,0.013511997,0.0061015813,0.011417714,0.0020942828,0.02492971
S2019OR071004,JoV1-1,45.24882125854492,-123.07115936279295,83.5,0.0101273253428934,0.012847868,0.0060608634,0.011341521,0.0015063472,0.024189388
S2019OR071004,JoV1-2,45.24882125854492,-123.07125854492188,2.5,0.0542245992422102,0.03824146,0.013716157,0.02566665,0.012574811,0.063908115
S2019OR071004,JoV1-2,45.24882125854492,-123.07125854492188,7.5,0.0400999006271361,0.03660139,0.014061797,0.026313439,0.010287952,0.06291483
S2019OR071004,JoV1-2,45.24882125854492,-123.07125854492188,15.5,0.03040649831295,0.02393309,0.009052519,0.016939718,0.006993372,0.04087281
S2019OR071004,JoV1-2,45.24882125854492,-123.07125854492188,31.5,0.0257520003318786,0.017129883,0.007287008,0.01363597,0.0034939134,0.030765854
S2019OR071004,JoV1-2,45.24882125854492,-123.07125854492188,54.5,0.0149703003048895,0.013511997,0.0061015813,0.011417714,0.0020942828,0.02492971
S2019OR071004,JoV1-2,45.24882125854492,-123.07125854492188,83.5,0.0128310003697871,0.012847868,0.0060608634,0.011341521,0.0015063472,0.024189388
S2019OR071004,JoV1-3,45.24911880493164,-123.07096099853516,2.5,0.0288659015417097,0.03824146,0.013716157,0.02566665,0.012574811,0.063908115
S2019OR071004,JoV1-3,45.24911880493164,-123.07096099853516,7.5,0.0359213997125624,0.03660139,0.014061797,0.026313439,0.010287952,0.06291483
S2019OR071004,JoV1-3,45.24911880493164,-123.07096099853516,15.5,0.0309430009126662,0.02393309,0.009052519,0.016939718,0.006993372,0.04087281
S2019OR071004,JoV1-3,45.24911880493164,-123.07096099853516,31.5,0.0250850002765654,0.017129883,0.007287008,0.01363597,0.0034939134,0.030765854
S2019OR071004,JoV1-3,45.24911880493164,-123.07096099853516,54.5,0.0153317006230353,0.013511997,0.0061015813,0.011417714,0.0020942828,0.02492971
S2019OR071004,JoV1-3,45.24911880493164,-123.07096099853516,83.5,0.0236739002823829,0.012847868,0.0060608634,0.011341521,0.0015063472,0.024189388
S2019OR047005,WoH1-1,45.227901458740234,-122.96961212158205,2.5,0.0529883194899558,0.03332437,0.011815231,0.022109505,0.0112148635,0.055433873
S2019OR047005,WoH1-1,45.227901458740234,-122.96961212158205,7.5,0.0257413998913764,0.028913924,0.011710494,0.021913512,0.007000413,0.050827436
S2019OR047005,WoH1-1,45.227901458740234,-122.96961212158205,19.5,0.0172073997616766,0.017691908,0.006364141,0.011909035,0.0057828734,0.029600944
S2019OR047005,WoH1-1,45.227901458740234,-122.96961212158205,40.0,0.014334911842346,0.010417243,0.0049149846,0.00919727,0.001219973,0.019614512
S2019OR047005,WoH1-1,45.227901458740234,-122.96961212158205,63.5,0.0072548352998494,0.008623876,0.0040138904,0.0075110784,0.0011127973,0.016134955
S2019OR047005,WoH1-1,45.227901458740234,-122.96961212158205,88.0,0.0018495000734924,0.008523133,0.0040138904,0.0075110784,0.0010120543,0.016034212
S2019OR047005,WoH1-2,45.22779846191406,-122.96961212158205,2.5,0.0557689024925231,0.028943459,0.009614469,0.01799128,0.010952178,0.04693474
S2019OR047005,WoH1-2,45.22779846191406,-122.96961212158205,7.5,0.0314497984409331,0.026035663,0.00819233,0.015330072,0.010705591,0.041365735
S2019OR047005,WoH1-2,45.22779846191406,-122.96961212158205,19.5,0.0254100008010862,0.016997546,0.0055708257,0.010424526,0.0065730195,0.027422072
S2019OR047005,WoH1-2,45.22779846191406,-122.96961212158205,40.0,0.0073728003501891,0.0102106165,0.004336053,0.008113932,0.0020966846,0.018324548
S2019OR047005,WoH1-2,45.22779846191406,-122.96961212158205,63.5,0.0039319000065325,0.008517007,0.003477833,0.0065079695,0.0020090379,0.015024977
S2019OR047005,WoH1-2,45.22779846191406,-122.96961212158205,88.0,0.0034386998236178,0.0084162755,0.003477833,0.0065079695,0.001908306,0.014924245
S2019OR047005,WoH1-3,45.227901458740234,-122.96981048583984,2.5,0.0459921014308928,0.028943459,0.009614469,0.01799128,0.010952178,0.04693474
S2019OR047005,WoH1-3,45.227901458740234,-122.96981048583984,7.5,0.0283812004089354,0.026035663,0.00819233,0.015330072,0.010705591,0.041365735
S2019OR047005,WoH1-3,45.227901458740234,-122.96981048583984,19.5,0.0117880001068114,0.016997546,0.0055708257,0.010424526,0.0065730195,0.027422072
S2019OR047005,WoH1-3,45.227901458740234,-122.96981048583984,40.0,0.0051552001476286,0.0102106165,0.004336053,0.008113932,0.0020966846,0.018324548
S2019OR047005,WoH1-3,45.227901458740234,-122.96981048583984,63.5,0.0039593000620603,0.008517007,0.003477833,0.0065079695,0.0020090379,0.015024977
S2019OR047005,WoH1-3,45.227901458740234,-122.96981048583984,88.0,0.002178299923241,0.0084162755,0.003477833,0.0065079695,0.001908306,0.014924245
S2019OR047006,WoCT1-1,45.231101989746094,-122.964818,2.5,0.0185664001464842,0.035578236,0.015370957,0.02876323,0.006815005,0.06434147
S2019OR047006,WoCT1-1,45.231101989746094,-122.964818,7.5,0.0174116995185613,0.03187851,0.015886711,0.029728347,0.0021501612,0.061606854
S2019OR047006,WoCT1-1,45.231101989746094,-122.964818,13.0,0.0177450753360985,0.02743068,0.012493978,0.023379624,0.0040510558,0.050810304
S2019OR047006,WoCT1-1,45.231101989746094,-122.964818,24.5,0.0115392002105712,0.019630894,0.009601875,0.017967714,0.0016631801,0.03759861
S2019OR047006,WoCT1-1,45.231101989746094,-122.964818,49.0,0.0045983338728546,0.013962655,0.00783473,0.014660905,0.0,0.02862356
S2019OR047006,WoCT1-1,45.231101989746094,-122.964818,77.5,0.0031332598525285,0.0128194,0.0077725565,0.014544562,0.0,0.027363963
S2019OR047006,WoCT1-1,45.231101989746094,-122.964818,95.0,0.0018900699366628,0.0128194,0.0077725565,0.014544562,0.0,0.027363963
S2019OR047006,WoCT1-2,45.231202,-122.964718,2.5,0.0257536010742186,0.024426108,0.00812599,0.015205932,0.009220176,0.03963204
S2019OR047006,WoCT1-2,45.231202,-122.964718,7.5,0.0220598998546599,0.0220751,0.007903039,0.014788732,0.007286368,0.036863834
S2019OR047006,WoCT1-2,45.231202,-122.964718,13.0,0.0193421000242232,0.019840768,0.0063860863,0.011950101,0.007890667,0.031790867
S2019OR047006,WoCT1-2,45.231202,-122.964718,24.5,0.0164223999023436,0.0142414,0.005252868,0.009829542,0.0044118585,0.02407094
S2019OR047006,WoCT1-2,45.231202,-122.964718,49.0,0.0058307998985051,0.009862081,0.0043038167,0.008053609,0.001808472,0.01791569
S2019OR047006,WoCT1-2,45.231202,-122.964718,77.5,0.0040429998636245,0.008682991,0.00371686,0.0069552534,0.001727738,0.015638245
S2019OR047006,WoCT1-2,45.231202,-122.964718,95.0,0.0030417999744415,0.008682991,0.00371686,0.0069552534,0.001727738,0.015638245
S2019OR047006,WoCT1-3,45.231402,-122.964618,2.5,0.0235264007568358,0.024426108,0.00812599,0.015205932,0.009220176,0.03963204
S2019OR047006,WoCT1-3,45.231402,-122.964618,7.5,0.0219836993217467,0.0220751,0.007903039,0.014788732,0.007286368,0.036863834
S2019OR047006,WoCT1-3,45.231402,-122.964618,13.0,0.0183895994186401,0.019840768,0.0063860863,0.011950101,0.007890667,0.031790867
S2019OR047006,WoCT1-3,45.231402,-122.964618,24.5,0.0144,0.0142414,0.005252868,0.009829542,0.0044118585,0.02407094
S2019OR047006,WoCT1-3,45.231402,-122.964618,49.0,0.0054953999876975,0.009862081,0.0043038167,0.008053609,0.001808472,0.01791569
S2019OR047006,WoCT1-3,45.231402,-122.964618,77.5,0.0028339999318122,0.008682991,0.00371686,0.0069552534,0.001727738,0.015638245
S2019OR047006,WoCT1-3,45.231402,-122.964618,95.0,0.0039664000511168,0.008682991,0.00371686,0.0069552534,0.001727738,0.015638245
S2019OR053007,WoNT2-1,45.07067108154297,-123.2136688232422,2.5,0.0285141850578784,0.035205103,0.011385968,0.021306235,0.013898868,0.05651134
S2019OR053007,WoNT2-1,45.07067108154297,-123.2136688232422,7.5,0.0268210814237594,0.030542899,0.011268022,0.021085527,0.009457372,0.051628426
S2019OR053007,WoNT2-1,45.07067108154297,-123.2136688232422,21.5,0.0233009993433952,0.020477818,0.0075990013,0.0142197935,0.006258025,0.03469761
S2019OR053007,WoNT2-1,45.07067108154297,-123.2136688232422,47.0,0.0128042092859744,0.012945005,0.0058090757,0.010870357,0.0020746477,0.023815362
S2019OR053007,WoNT2-1,45.07067108154297,-123.2136688232422,70.0,0.0072170997798441,0.011933816,0.0056450795,0.010563476,0.0013703397,0.022497293
S2019OR053007,WoNT2-1,45.07067108154297,-123.2136688232422,89.5,0.0035161600875854,0.011933816,0.0056450795,0.010563476,0.0013703397,0.022497293
S2019OR053007,WoNT2-2,45.07057189941406,-123.2137680053711,2.5,0.0270368008852004,0.03460081,0.011049329,0.020676294,0.013924515,0.0552771
S2019OR053007,WoNT2-2,45.07057189941406,-123.2137680053711,7.5,0.0310310010910033,0.03000798,0.010861211,0.020324275,0.009683706,0.050332256
S2019OR053007,WoNT2-2,45.07057189941406,-123.2137680053711,21.5,0.0269999992847442,0.01979777,0.007448171,0.013937549,0.0058602216,0.03373532
S2019OR053007,WoNT2-2,45.07057189941406,-123.2137680053711,47.0,0.0123515998184679,0.012184265,0.005656462,0.010584775,0.0015994897,0.022769041
S2019OR053007,WoNT2-2,45.07057189941406,-123.2137680053711,70.0,0.0062100001126527,0.011173836,0.0049239146,0.00921398,0.0019598557,0.020387817
S2019OR053007,WoNT2-2,45.07057189941406,-123.2137680053711,89.5,0.00318719997406,0.011173836,0.0049239146,0.00921398,0.0019598557,0.020387817
S2019OR053007,WoNT2-3,45.07096862792969,-123.2138671875,2.5,0.0285837994098662,0.035041932,0.011302293,0.021149658,0.013892274,0.05619159
S2019OR053007,WoNT2-3,45.07096862792969,-123.2138671875,7.5,0.0209781001091002,0.030629778,0.011362245,0.021261845,0.0093679335,0.051891625
S2019OR053007,WoNT2-3,45.07096862792969,-123.2138671875,21.5,0.0267299991846084,0.021167133,0.008154181,0.015258685,0.0059084482,0.036425818
S2019OR053007,WoNT2-3,45.07096862792969,-123.2138671875,47.0,0.0131411997377872,0.013629225,0.005902791,0.011045723,0.0025835019,0.024674948
S2019OR053007,WoNT2-3,45.07096862792969,-123.2138671875,70.0,0.0073710000514983,0.012617352,0.0058470443,0.010941407,0.0016759457,0.023558758
S2019OR053007,WoNT2-3,45.07096862792969,-123.2138671875,89.5,0.0036096000671385,0.012617352,0.0058470443,0.010941407,0.0016759457,0.023558758
S2019OR053008,WoH2-1,45.074334,-123.213416,2.5,0.0692330104494094,0.031159932,0.011807453,0.022094948,0.009064984,0.05325488
S2019OR053008,WoH2-1,45.074334,-123.213416,7.5,0.0252618305635452,0.029860696,0.011758245,0.022002866,0.007857829,0.051863562
S2019OR053008,WoH2-1,45.074334,-123.213416,28.0,0.0159652955996989,0.01522203,0.006309497,0.011806781,0.0034152484,0.02702881
S2019OR053008,WoH2-1,45.074334,-123.213416,62.0,0.006146519871354,0.010877083,0.0049540224,0.009270321,0.0016067624,0.020147404
S2019OR053008,WoH2-1,45.074334,-123.213416,89.0,0.0036741600108146,0.0108104,0.0049540224,0.009270321,0.0015400797,0.020080721
S2019OR053008,WoH2-2,45.074334,-123.213516,2.5,0.0421189983844756,0.031159932,0.011807453,0.022094948,0.009064984,0.05325488
S2019OR053008,WoH2-2,45.074334,-123.213516,7.5,0.0232576000452041,0.029860696,0.011758245,0.022002866,0.007857829,0.051863562
S2019OR053008,WoH2-2,45.074334,-123.213516,28.0,0.0175497002482413,0.01522203,0.006309497,0.011806781,0.0034152484,0.02702881
S2019OR053008,WoH2-2,45.074334,-123.213516,62.0,0.0089424000263212,0.010877083,0.0049540224,0.009270321,0.0016067624,0.020147404
S2019OR053008,WoH2-2,45.074334,-123.213516,89.0,0.0040067998588084,0.0108104,0.0049540224,0.009270321,0.0015400797,0.020080721
S2019OR053008,WoH2-3,45.074334,-123.213616,2.5,0.0345884007930755,0.031159932,0.011807453,0.022094948,0.009064984,0.05325488
S2019OR053008,WoH2-3,45.074334,-123.213616,7.5,0.0246953994274138,0.029860696,0.011758245,0.022002866,0.007857829,0.051863562
S2019OR053008,WoH2-3,45.074334,-123.213616,28.0,0.0155357992291449,0.01522203,0.006309497,0.011806781,0.0034152484,0.02702881
S2019OR053008,WoH2-3,45.074334,-123.213616,62.0,0.0064170000493525,0.010877083,0.0049540224,0.009270321,0.0016067624,0.020147404
S2019OR053008,WoH2-3,45.074334,-123.213616,89.0,0.0038933998167513,0.0108104,0.0049540224,0.009270321,0.0015400797,0.020080721
S2019OR003009,JoXT1-1,44.43190002441406,-123.3352279663086,2.5,0.0336672004699707,0.028358476,0.010372844,0.019410405,0.008948071,0.047768883
S2019OR003009,JoXT1-1,44.43190002441406,-123.3352279663086,7.5,0.0303564003753661,0.025251584,0.010006524,0.018724922,0.006526662,0.043976508
S2019OR003009,JoXT1-1,44.43190002441406,-123.3352279663086,17.5,0.0275026860225199,0.020780662,0.008584349,0.016063647,0.0047170147,0.03684431
S2019OR003009,JoXT1-1,44.43190002441406,-123.3352279663086,31.5,0.0206042544019222,0.01664699,0.007656442,0.014327281,0.0023197094,0.030974273
S2019OR003009,JoXT1-1,44.43190002441406,-123.3352279663086,53.5,0.0098342451441287,0.012339908,0.0062193316,0.011638057,0.0007018503,0.023977965
S2019OR003009,JoXT1-1,44.43190002441406,-123.3352279663086,84.5,0.0071995001560448,0.011629849,0.00545041,0.010199196,0.001430653,0.021829044
S2019OR003009,JoXT1-2,44.43180084228515,-123.3353271484375,2.5,0.0482719993591308,0.028358476,0.010372844,0.019410405,0.008948071,0.047768883
S2019OR003009,JoXT1-2,44.43180084228515,-123.3353271484375,7.5,0.0439109991788863,0.025251584,0.010006524,0.018724922,0.006526662,0.043976508
S2019OR003009,JoXT1-2,44.43180084228515,-123.3353271484375,17.5,0.0376159001588821,0.020780662,0.008584349,0.016063647,0.0047170147,0.03684431
S2019OR003009,JoXT1-2,44.43180084228515,-123.3353271484375,31.5,0.02917879884243,0.01664699,0.007656442,0.014327281,0.0023197094,0.030974273
S2019OR003009,JoXT1-2,44.43180084228515,-123.3353271484375,53.5,0.0189483997941016,0.012339908,0.0062193316,0.011638057,0.0007018503,0.023977965
S2019OR003009,JoXT1-2,44.43180084228515,-123.3353271484375,84.5,0.0111341998457907,0.011629849,0.00545041,0.010199196,0.001430653,0.021829044
S2019OR003009,JoXT1-3,44.43159866333008,-123.33502960205078,2.5,0.0501619992256164,0.027950855,0.010263456,0.019205712,0.008745143,0.047156565
S2019OR003009,JoXT1-3,44.43159866333008,-123.33502960205078,7.5,0.0440955004692077,0.024845192,0.009961694,0.018641032,0.00620416,0.043486223
S2019OR003009,JoXT1-3,44.43159866333008,-123.33502960205078,17.5,0.0434112000226973,0.02055599,0.007951428,0.01487928,0.00567671,0.03543527
S2019OR003009,JoXT1-3,44.43159866333008,-123.33502960205078,31.5,0.0299165992736816,0.016597334,0.0074935458,0.014022457,0.0025748769,0.030619793
S2019OR003009,JoXT1-3,44.43159866333008,-123.33502960205078,53.5,0.0151130007266997,0.0129596805,0.006292195,0.011774405,0.0011852756,0.024734085
S2019OR003009,JoXT1-3,44.43159866333008,-123.33502960205078,84.5,0.0089319997429846,0.012249188,0.0062364265,0.0116700465,0.0005791411,0.023919234
S2019OR053010,JoF3-1,44.74261093139648,-123.41895294189452,2.5,0.0247698009252547,0.037231326,0.013774666,0.025776139,0.011455188,0.06300747
S2019OR053010,JoF3-1,44.74261093139648,-123.41895294189452,7.5,0.0199835995674133,0.03660462,0.014198625,0.026569482,0.010035139,0.0631741
S2019OR053010,JoF3-1,44.74261093139648,-123.41895294189452,26.5,0.0277838336055278,0.020163473,0.009569548,0.01790722,0.0022562519,0.038070694
S2019OR053010,JoF3-1,44.74261093139648,-123.41895294189452,54.0,0.0144629764404296,0.015664198,0.0077163316,0.014439351,0.0012248466,0.03010355
S2019OR053010,JoF3-1,44.74261093139648,-123.41895294189452,82.5,0.0056426399445532,0.014724546,0.0073659434,0.013783679,0.00094086677,0.028508225
S2019OR053010,JoF3-2,44.74261093139648,-123.41905212402344,2.5,0.0370061991691589,0.037231326,0.013774666,0.025776139,0.011455188,0.06300747
S2019OR053010,JoF3-2,44.74261093139648,-123.41905212402344,7.5,0.0373608009338378,0.03660462,0.014198625,0.026569482,0.010035139,0.0631741
S2019OR053010,JoF3-2,44.74261093139648,-123.41905212402344,26.5,0.06241689786911,0.020163473,0.009569548,0.01790722,0.0022562519,0.038070694
S2019OR053010,JoF3-2,44.74261093139648,-123.41905212402344,54.0,0.0214912002563476,0.015664198,0.0077163316,0.014439351,0.0012248466,0.03010355
S2019OR053010,JoF3-2,44.74261093139648,-123.41905212402344,82.5,0.0086975996017455,0.014724546,0.0073659434,0.013783679,0.00094086677,0.028508225
S2019OR053010,JoF3-3,44.74261093139648,-123.4187469482422,2.5,0.0392237989425658,0.037231326,0.013245721,0.02478634,0.012444986,0.062017664
S2019OR053010,JoF3-3,44.74261093139648,-123.4187469482422,7.5,0.0406079990386962,0.03660462,0.01366946,0.02557927,0.011025351,0.06218389
S2019OR053010,JoF3-3,44.74261093139648,-123.4187469482422,26.5,0.0475874009132385,0.020163473,0.009061717,0.016956933,0.00320654,0.037120406
S2019OR053010,JoF3-3,44.74261093139648,-123.4187469482422,54.0,0.0211583999633788,0.015664198,0.007209434,0.013490808,0.0021733893,0.029155005
S2019OR053010,JoF3-3,44.74261093139648,-123.4187469482422,82.5,0.0074735999107359,0.014724546,0.006859222,0.012835465,0.0018890807,0.02756001
S2019OR071011,JoV2-1,45.251054,-123.049801,2.5,0.0218790002918243,0.034373436,0.01263367,0.023641026,0.0107324105,0.05801446
S2019OR071011,JoV2-1,45.251054,-123.049801,7.5,0.0272676606082916,0.033469703,0.013430326,0.025131784,0.008337919,0.058601487
S2019OR071011,JoV2-1,45.251054,-123.049801,17.5,0.0174675,0.022357939,0.008411697,0.015740568,0.006617371,0.038098507
S2019OR071011,JoV2-1,45.251054,-123.049801,37.0,0.0086832002162933,0.012575623,0.0055875536,0.010455829,0.0021197936,0.02303145
S2019OR071011,JoV2-1,45.251054,-123.049801,66.5,0.0057476998205481,0.009959131,0.004732364,0.008855537,0.001103594,0.018814668
S2019OR071011,JoV2-1,45.251054,-123.049801,92.0,0.0048212998867034,0.009959131,0.004732364,0.008855537,0.001103594,0.018814668
S2019OR071011,JoV2-2,45.250953674316406,-123.049901,2.5,0.01498719997406,0.034431957,0.01167321,0.021843744,0.012588212,0.056275703
S2019OR071011,JoV2-2,45.250953674316406,-123.049901,7.5,0.0296006014823913,0.032673333,0.012502845,0.023396216,0.0092771165,0.05606955
S2019OR071011,JoV2-2,45.250953674316406,-123.049901,17.5,0.0177963003396987,0.022329878,0.008238329,0.015416148,0.00691373,0.037746027
S2019OR071011,JoV2-2,45.250953674316406,-123.049901,37.0,0.0121759996414184,0.013021417,0.0054880125,0.010269561,0.002751856,0.023290977
S2019OR071011,JoV2-2,45.250953674316406,-123.049901,66.5,0.0103039997696875,0.010503359,0.004732723,0.008856209,0.0016471501,0.019359568
S2019OR071011,JoV2-2,45.250953674316406,-123.049901,92.0,0.0086459996223449,0.010503359,0.004732723,0.008856209,0.0016471501,0.019359568
S2019OR071011,JoV2-3,45.2513542175293,-123.049601,2.5,0.0158235993385314,0.035453282,0.0128118135,0.02397438,0.011478903,0.059427664
S2019OR071011,JoV2-3,45.2513542175293,-123.049601,7.5,0.0257146003961562,0.034548637,0.013430326,0.025131784,0.009416852,0.05968042
S2019OR071011,JoV2-3,45.2513542175293,-123.049601,17.5,0.0168783999085425,0.023216037,0.008691822,0.016264757,0.00695128,0.039480794
S2019OR053012,JoXT2-1,45.04996871948242,-123.13707733154295,2.5,0.026450159626007,0.024418129,0.0093510235,0.017498303,0.0069198254,0.04191643
S2019OR053012,JoXT2-1,45.04996871948242,-123.13707733154295,7.5,0.0244700002670288,0.021725923,0.008876552,0.016610438,0.005115485,0.03833636
S2019OR053012,JoXT2-1,45.04996871948242,-123.13707733154295,17.0,0.0245514967975616,0.015506587,0.0060088728,0.011244232,0.004262355,0.026750818
S2019OR053012,JoXT2-1,45.04996871948242,-123.13707733154295,40.5,0.0223027708320617,0.008817906,0.0040126555,0.0075087673,0.0013091383,0.016326673
S2019OR053012,JoXT2-1,45.04996871948242,-123.13707733154295,66.0,0.0121268002843855,0.0070557473,0.003817324,0.0071432493,0.0,0.014198996
S2019OR053012,JoXT2-1,45.04996871948242,-123.13707733154295,87.5,0.007615999829769,0.0070557473,0.003817324,0.0071432493,0.0,0.014198996
S2019OR053012,JoXT2-2,45.04986953735352,-123.13717651367188,2.5,0.0306116987943648,0.025949033,0.010258035,0.019195566,0.006753467,0.0451446
S2019OR053012,JoXT2-2,45.04986953735352,-123.13717651367188,7.5,0.0277875006198882,0.023252806,0.010532727,0.01970959,0.0035432149,0.042962395
S2019OR053012,JoXT2-2,45.04986953735352,-123.13717651367188,17.0,0.0293963994503021,0.016899731,0.0074969917,0.014028906,0.0028708251,0.030928638
S2019OR053012,JoXT2-2,45.04986953735352,-123.13717651367188,40.5,0.0240064993023872,0.010137707,0.0057757637,0.010808021,0.0,0.020945728
S2019OR053012,JoXT2-2,45.04986953735352,-123.13717651367188,66.0,0.0216719996929168,0.008373242,0.004916313,0.009199756,0.0,0.017572999
S2019OR053012,JoXT2-2,45.04986953735352,-123.13717651367188,87.5,0.0095479997396468,0.008373242,0.004916313,0.009199756,0.0,0.017572999
S2019OR053012,JoXT2-3,45.04996871948242,-123.13687896728516,2.5,0.0325725012302398,0.023750326,0.00923222,0.017275989,0.0064743366,0.041026317
S2019OR053012,JoXT2-3,45.04996871948242,-123.13687896728516,7.5,0.0303499996662138,0.021059874,0.008943375,0.016735481,0.0043243933,0.037795357
S2019OR053012,JoXT2-3,45.04996871948242,-123.13687896728516,17.0,0.0277327013492583,0.015035594,0.005748063,0.010756185,0.0042794086,0.02579178
S2019OR053012,JoXT2-3,45.04996871948242,-123.13687896728516,40.5,0.0195244007229804,0.008350015,0.004017532,0.0075178924,0.0008321223,0.015867908
S2019OR053012,JoXT2-3,45.04996871948242,-123.13687896728516,66.0,0.0124880002737044,0.0065886746,0.0036724294,0.006872112,0.0,0.013460787
S2019OR053012,JoXT2-3,45.04996871948242,-123.13687896728516,87.5,0.0082459998130796,0.0065886746,0.0036724294,0.006872112,0.0,0.013460787
S2019OR047013,JoXT3-1,44.910377,-122.90908813476562,2.5,0.0271626010894775,0.034022614,0.011940457,0.022343835,0.0116787795,0.05636645
S2019OR047013,JoXT3-1,44.910377,-122.90908813476562,7.5,0.0312748144435882,0.032115746,0.012504259,0.023398861,0.008716885,0.055514608
S2019OR047013,JoXT3-1,44.910377,-122.90908813476562,19.0,0.024935199241638,0.019988917,0.007591595,0.0142059345,0.0057829823,0.03419485
S2019OR047013,JoXT3-1,44.910377,-122.90908813476562,44.0,0.012065760269165,0.012036501,0.005945809,0.011126222,0.00091027934,0.023162723
S2019OR047013,JoXT3-1,44.910377,-122.90908813476562,80.0,0.0062889751687645,0.01057625,0.0052266056,0.009780398,0.0007958524,0.020356648
S2019OR047013,JoXT3-2,44.910277,-122.90898895263672,2.5,0.0324239988327025,0.04039422,0.016928047,0.03167697,0.00871725,0.072071195
S2019OR047013,JoXT3-2,44.910277,-122.90898895263672,7.5,0.039396501636505,0.03867897,0.015767409,0.0295051,0.00917387,0.06818407
S2019OR047013,JoXT3-2,44.910277,-122.90898895263672,19.0,0.0314529987812042,0.0255035,0.011772775,0.022030057,0.003473442,0.047533557
S2019OR047013,JoXT3-2,44.910277,-122.90898895263672,44.0,0.0181314001321791,0.016400905,0.009334426,0.017467245,0.0,0.03386815
S2019OR047013,JoXT3-2,44.910277,-122.90898895263672,80.0,0.0034606001615524,0.014934361,0.008330676,0.015588955,0.0,0.030523315
S2019OR047013,JoXT3-3,44.910077,-122.9088897705078,2.5,0.0321120014190673,0.04039422,0.016928047,0.03167697,0.00871725,0.072071195
S2019OR047013,JoXT3-3,44.910077,-122.9088897705078,7.5,0.0393679003000258,0.03867897,0.015767409,0.0295051,0.00917387,0.06818407
S2019OR047013,JoXT3-3,44.910077,-122.9088897705078,19.0,0.0340942003250121,0.0255035,0.011772775,0.022030057,0.003473442,0.047533557
S2019OR047013,JoXT3-3,44.910077,-122.9088897705078,44.0,0.0192024006128311,0.016400905,0.009334426,0.017467245,0.0,0.03386815
S2019OR047013,JoXT3-3,44.910077,-122.9088897705078,80.0,0.0077560996711253,0.014934361,0.008330676,0.015588955,0.0,0.030523315
S2019OR053014,JoV3-1,45.037101,-123.130763,2.5,0.03735061312294,0.030823098,0.011271407,0.021091862,0.009731237,0.05191496
S2019OR053014,JoV3-1,45.037101,-123.130763,7.5,0.0293030394287109,0.028557777,0.011019424,0.020620331,0.007937446,0.04917811
S2019OR053014,JoV3-1,45.037101,-123.130763,33.0,0.0191689679102897,0.015691744,0.006436129,0.012043744,0.0036479998,0.027735488
S2019OR053014,JoV3-1,45.037101,-123.130763,65.0,0.0138974996656178,0.010926285,0.005138295,0.009615144,0.0013111411,0.02054143
S2019OR053014,JoV3-1,45.037101,-123.130763,87.0,0.0108051999092101,0.010856812,0.005138295,0.009615144,0.0012416681,0.020471957
S2019OR053014,JoV3-2,45.037201,-123.130863,2.5,0.0427794010162353,0.030823098,0.011271407,0.021091862,0.009731237,0.05191496
S2019OR053014,JoV3-2,45.037201,-123.130863,7.5,0.0332928009033201,0.028557777,0.011019424,0.020620331,0.007937446,0.04917811
S2019OR053014,JoV3-2,45.037201,-123.130863,33.0,0.0253394004344939,0.015691744,0.006436129,0.012043744,0.0036479998,0.027735488
S2019OR053014,JoV3-2,45.037201,-123.130863,65.0,0.0139249995350837,0.010926285,0.005138295,0.009615144,0.0013111411,0.02054143
S2019OR053014,JoV3-2,45.037201,-123.130863,87.0,0.0144199995994567,0.010856812,0.005138295,0.009615144,0.0012416681,0.020471957
S2019OR053014,JoV3-3,45.037101,-123.130563,2.5,0.0478854014396666,0.030823098,0.011271407,0.021091862,0.009731237,0.05191496
S2019OR053014,JoV3-3,45.037101,-123.130563,7.5,0.0364032012939452,0.028557777,0.011019424,0.020620331,0.007937446,0.04917811
S2019OR053014,JoV3-3,45.037101,-123.130563,33.0,0.0261433996677397,0.015691744,0.006436129,0.012043744,0.0036479998,0.027735488
S2019OR053014,JoV3-3,45.037101,-123.130563,65.0,0.0151250004768371,0.010926285,0.005138295,0.009615144,0.0013111411,0.02054143
S2019OR053014,JoV3-3,45.037101,-123.130563,87.0,0.0126280001401901,0.010856812,0.005138295,0.009615144,0.0012416681,0.020471957
S2019OR047015,WoH3-1,44.948448181152344,-122.86279296875,2.5,0.0184366405677795,0.039305698,0.015252115,0.028540846,0.010764852,0.067846544
S2019OR047015,WoH3-1,44.948448181152344,-122.86279296875,7.5,0.0172348805236815,0.036752928,0.014193768,0.02656039,0.010192538,0.06331332
S2019OR047015,WoH3-1,44.948448181152344,-122.86279296875,27.5,0.0079636500656604,0.020159522,0.009588489,0.017942665,0.002216857,0.038102187
S2019OR047015,WoH3-1,44.948448181152344,-122.86279296875,70.0,0.0025662000477313,0.01411954,0.007410277,0.01386664,0.00025290065,0.02798618
S2019OR047015,WoH3-1,44.948448181152344,-122.86279296875,97.5,0.0018620439707039,0.01411954,0.007410277,0.01386664,0.00025290065,0.02798618
S2019OR047015,WoH3-2,44.94855117797851,-122.8628921508789,2.5,0.0430416014194487,0.03728096,0.01169964,0.021893201,0.015387757,0.059174158
S2019OR047015,WoH3-2,44.94855117797851,-122.8628921508789,7.5,0.036114000892639,0.03457171,0.011835912,0.022148203,0.012423508,0.056719914
S2019OR047015,WoH3-2,44.94855117797851,-122.8628921508789,27.5,0.0101591996133327,0.019995999,0.008733749,0.016343215,0.003652783,0.036339216
S2019OR047015,WoH3-2,44.94855117797851,-122.8628921508789,70.0,0.0032759999632834,0.014469567,0.006480122,0.012126067,0.0023435,0.026595633
S2019OR047015,WoH3-2,44.94855117797851,-122.8628921508789,97.5,0.0032386999353765,0.014469567,0.006480122,0.012126067,0.0023435,0.026595633
S2019OR047015,WoH3-3,44.948150634765625,-122.86258697509766,2.5,0.058779598045349,0.033671055,0.011609095,0.021723768,0.011947287,0.05539482
S2019OR047015,WoH3-3,44.948150634765625,-122.86258697509766,7.5,0.0386411999702453,0.03247975,0.01204135,0.022532633,0.009947119,0.055012383
S2019OR047015,WoH3-3,44.948150634765625,-122.86258697509766,27.5,0.017579700744152,0.019621413,0.008990002,0.016822733,0.0027986802,0.036444146
S2019OR047015,WoH3-3,44.948150634765625,-122.86258697509766,70.0,0.0053899998664855,0.01409701,0.006713493,0.012562767,0.0015342431,0.026659776
S2019OR047015,WoH3-3,44.948150634765625,-122.86258697509766,97.5,0.002363000024855,0.01409701,0.006713493,0.012562767,0.0015342431,0.026659776
S2019OR047016,WoCT2-1,45.014134,-122.842842,2.5,0.022032590265274,0.027283309,0.008173458,0.015294759,0.01198855,0.042578068
S2019OR047016,WoCT2-1,45.014134,-122.842842,7.5,0.0266591855460404,0.025819877,0.008090021,0.015138625,0.010681252,0.0409585
S2019OR047016,WoCT2-1,45.014134,-122.842842,17.5,0.0282124347782134,0.021245174,0.0070404876,0.013174663,0.008070511,0.03441984
S2019OR047016,WoCT2-1,45.014134,-122.842842,41.5,0.0135270499080418,0.012935306,0.005394602,0.010094765,0.0028405413,0.02303007
S2019OR047016,WoCT2-1,45.014134,-122.842842,79.0,0.0056715000271795,0.011258544,0.0046318253,0.008667402,0.0025911424,0.019925946
S2019OR047016,WoCT2-2,45.014034271240234,-122.842742,2.5,0.0275475987434386,0.027283309,0.008173458,0.015294759,0.01198855,0.042578068
S2019OR047016,WoCT2-2,45.014034271240234,-122.842742,7.5,0.0303848987102508,0.025819877,0.008090021,0.015138625,0.010681252,0.0409585
S2019OR047016,WoCT2-2,45.014034271240234,-122.842742,17.5,0.0324054004669188,0.021245174,0.0070404876,0.013174663,0.008070511,0.03441984
S2019OR047016,WoCT2-2,45.014034271240234,-122.842742,41.5,0.0220689993500708,0.012935306,0.005394602,0.010094765,0.0028405413,0.02303007
S2019OR047016,WoCT2-2,45.014034271240234,-122.842742,79.0,0.0082199996709823,0.011258544,0.0046318253,0.008667402,0.0025911424,0.019925946
S2019OR047016,WoCT2-3,45.013834,-122.843042,2.5,0.0291336001396178,0.032703675,0.011838475,0.022153,0.010550676,0.054856673
S2019OR047016,WoCT2-3,45.013834,-122.843042,7.5,0.0341334003925323,0.029361127,0.011558676,0.02162942,0.0077317078,0.050990544
S2019OR047016,WoCT2-3,45.013834,-122.843042,17.5,0.0351440989494322,0.022192108,0.008262003,0.015460449,0.0067316582,0.037652556
S2019OR047016,WoCT2-3,45.013834,-122.843042,41.5,0.0190094998478889,0.013188194,0.005794134,0.010842397,0.0023457967,0.02403059
S2019OR047016,WoCT2-3,45.013834,-122.843042,79.0,0.0062849999964237,0.011511016,0.005193885,0.009719168,0.0017918479,0.021230184
S2019OR071017,WoCT3-1,45.125099182128906,-123.0616683959961,2.5,0.0208791002690791,0.025251655,0.008090979,0.015140418,0.010111237,0.04039207
S2019OR071017,WoCT3-1,45.125099182128906,-123.0616683959961,7.5,0.0227002507746218,0.024098404,0.008345845,0.015617341,0.008481063,0.039715745
S2019OR071017,WoCT3-1,45.125099182128906,-123.0616683959961,16.0,0.0212723992824554,0.020179525,0.0064396937,0.012050414,0.008129111,0.032229938
S2019OR071017,WoCT3-1,45.125099182128906,-123.0616683959961,39.5,0.0063201601639389,0.011461409,0.0045851697,0.008580097,0.0028813118,0.020041507
S2019OR071017,WoCT3-1,45.125099182128906,-123.0616683959961,78.5,0.0027627900356053,0.008742486,0.003630839,0.006794285,0.0019482011,0.015536771
S2019OR071017,WoCT3-2,45.125099182128906,-123.06201171875,2.5,0.0242729997038841,0.025251655,0.008090979,0.015140418,0.010111237,0.04039207
S2019OR071017,WoCT3-2,45.125099182128906,-123.06201171875,7.5,0.0230999994277953,0.024098404,0.008345845,0.015617341,0.008481063,0.039715745
S2019OR071017,WoCT3-2,45.125099182128906,-123.06201171875,16.0,0.0208943996429442,0.020179525,0.0064396937,0.012050414,0.008129111,0.032229938
S2019OR071017,WoCT3-2,45.125099182128906,-123.06201171875,39.5,0.0077769999265669,0.011461409,0.0045851697,0.008580097,0.0028813118,0.020041507
S2019OR071017,WoCT3-2,45.125099182128906,-123.06201171875,78.5,0.0029605999484657,0.008742486,0.003630839,0.006794285,0.0019482011,0.015536771
S2019OR071017,WoCT3-3,45.12480163574219,-123.06134033203124,2.5,0.0224774994850157,0.025251655,0.008090979,0.015140418,0.010111237,0.04039207
S2019OR071017,WoCT3-3,45.12480163574219,-123.06134033203124,7.5,0.0232050007581709,0.024098404,0.008345845,0.015617341,0.008481063,0.039715745
S2019OR071017,WoCT3-3,45.12480163574219,-123.06134033203124,16.0,0.0204191997528075,0.020179525,0.0064396937,0.012050414,0.008129111,0.032229938
S2019OR071017,WoCT3-3,45.12480163574219,-123.06134033203124,39.5,0.0120735996842384,0.011461409,0.0045851697,0.008580097,0.0028813118,0.020041507
S2019OR071017,WoCT3-3,45.12480163574219,-123.06134033203124,78.5,0.0039430999875067,0.008742486,0.003630839,0.006794285,0.0019482011,0.015536771
S2019OR047018,WoNT3-1,44.950981,-122.8565444946289,2.5,0.0326219405221938,0.03981,0.013195211,0.02469182,0.015118182,0.06450182
S2019OR047018,WoNT3-1,44.950981,-122.8565444946289,7.5,0.0269540987348555,0.036160313,0.012079114,0.022603301,0.013557011,0.058763616
S2019OR047018,WoNT3-1,44.950981,-122.8565444946289,15.5,0.0203918401050566,0.026255924,0.008824312,0.016512683,0.009743242,0.042768605
S2019OR047018,WoNT3-1,44.950981,-122.8565444946289,45.5,0.0068656500661372,0.014983731,0.006221904,0.0116428705,0.0033408608,0.026626602
S2019OR047018,WoNT3-1,44.950981,-122.8565444946289,85.0,0.0027283500453828,0.013807615,0.006172016,0.011549517,0.0022580987,0.02535713
S2019OR047018,WoNT3-2,44.950981,-122.856644,2.5,0.0345501008033752,0.03981,0.013195211,0.02469182,0.015118182,0.06450182
S2019OR047018,WoNT3-2,44.950981,-122.856644,7.5,0.0276977988243102,0.036160313,0.012079114,0.022603301,0.013557011,0.058763616
S2019OR047018,WoNT3-2,44.950981,-122.856644,15.5,0.0233240004539489,0.026255924,0.008824312,0.016512683,0.009743242,0.042768605
S2019OR047018,WoNT3-2,44.950981,-122.856644,45.5,0.0086870004177092,0.014983731,0.006221904,0.0116428705,0.0033408608,0.026626602
S2019OR047018,WoNT3-2,44.950981,-122.856644,85.0,0.0031865999445318,0.013807615,0.006172016,0.011549517,0.0022580987,0.02535713
S2019OR047018,WoNT3-3,44.950981,-122.856744,2.5,0.0297414006471633,0.03981,0.013195211,0.02469182,0.015118182,0.06450182
S2019OR047018,WoNT3-3,44.950981,-122.856744,7.5,0.0275235986709594,0.036160313,0.012079114,0.022603301,0.013557011,0.058763616
S2019OR047018,WoNT3-3,44.950981,-122.856744,15.5,0.0198015995979308,0.026255924,0.008824312,0.016512683,0.009743242,0.042768605
S2019OR047018,WoNT3-3,44.950981,-122.856744,45.5,0.0097966000556944,0.014983731,0.006221904,0.0116428705,0.0033408608,0.026626602
S2019OR047018,WoNT3-3,44.950981,-122.856744,85.0,0.0032571000874042,0.013807615,0.006172016,0.011549517,0.0022580987,0.02535713
IL-115-SW-WDFLD-001,IL-115-SW-WDFLD-001,39.86606216430664,-88.798131,2.5,0.026288941159807,0.031214384,0.0077157808,0.01443832,0.016776064,0.045652702
IL-115-SW-WDFLD-001,IL-115-SW-WDFLD-001,39.86606216430664,-88.798131,7.5,0.0446300285112751,0.029587897,0.007968304,0.014910859,0.0146770375,0.044498757
IL-115-SW-WDFLD-001,IL-115-SW-WDFLD-001,39.86606216430664,-88.798131,15.0,0.0327571671619619,0.02523556,0.0065714167,0.012296904,0.012938656,0.037532464
IL-115-SW-WDFLD-001,IL-115-SW-WDFLD-001,39.86606216430664,-88.798131,25.0,0.0296684050751851,0.019673502,0.0069489735,0.013003415,0.0066700866,0.032676917
IL-115-SW-WDFLD-001,IL-115-SW-WDFLD-001,39.86606216430664,-88.798131,40.0,0.0152627780489044,0.014112483,0.0048452765,0.009066828,0.005045655,0.023179311
IL-115-SW-WDFLD-001,IL-115-SW-WDFLD-001,39.86606216430664,-88.798131,75.0,0.0085658200457802,0.011612384,0.0043233377,0.008090138,0.0035222452,0.019702522
IL-115-SW-WDFLD-002,IL-115-SW-WDFLD-002,39.86539459228515,-88.799917,2.5,0.0287540740321956,0.029809035,0.00755284,0.014133413,0.015675623,0.043942448
IL-115-SW-WDFLD-002,IL-115-SW-WDFLD-002,39.86539459228515,-88.799917,7.5,0.0364202690443099,0.028472,0.008507026,0.015918955,0.0125530455,0.044390954
IL-115-SW-WDFLD-002,IL-115-SW-WDFLD-002,39.86539459228515,-88.799917,15.0,0.0352128205757015,0.024770709,0.0067826924,0.012692258,0.012078451,0.037462965
IL-115-SW-WDFLD-002,IL-115-SW-WDFLD-002,39.86539459228515,-88.799917,25.0,0.0325903795763193,0.019204743,0.0069364696,0.012980017,0.0062247263,0.03218476
IL-115-SW-WDFLD-002,IL-115-SW-WDFLD-002,39.86539459228515,-88.799917,40.0,0.0198608162463952,0.013238077,0.0049942965,0.009345684,0.0038923929,0.02258376
IL-115-SW-WDFLD-002,IL-115-SW-WDFLD-002,39.86539459228515,-88.799917,75.0,0.008881639901022,0.010823395,0.0043112906,0.008067595,0.0027558003,0.01889099
IL-115-SW-WDFLD-003,IL-115-SW-WDFLD-003,39.868482,-88.798039,2.5,0.0257463758581008,0.027584318,0.006202137,0.011605881,0.015978437,0.0391902
IL-115-SW-WDFLD-003,IL-115-SW-WDFLD-003,39.868482,-88.798039,7.5,0.0378225218777308,0.027076585,0.0067612855,0.0126522,0.0144243855,0.039728783
IL-115-SW-WDFLD-003,IL-115-SW-WDFLD-003,39.868482,-88.798039,15.0,0.0345320450568669,0.026210854,0.0062445938,0.0116853295,0.014525524,0.037896182
IL-115-SW-WDFLD-003,IL-115-SW-WDFLD-003,39.868482,-88.798039,25.0,0.0317649662291934,0.02049317,0.006706651,0.012549964,0.0079432065,0.033043135
IL-115-SW-WDFLD-003,IL-115-SW-WDFLD-003,39.868482,-88.798039,40.0,0.0179945208035986,0.014480653,0.004712951,0.00881921,0.005661443,0.023299864
IL-115-SW-WDFLD-003,IL-115-SW-WDFLD-003,39.868482,-88.798039,75.0,0.0091154010978156,0.01206524,0.00465004,0.0087014865,0.0033637537,0.020766728
IL-115-SW-ETAL-001,IL-115-SW-ETAL-001,39.895068,-88.745608,2.5,0.0281351793645927,0.029357739,0.007141854,0.013364348,0.01599339,0.042722087
IL-115-SW-ETAL-001,IL-115-SW-ETAL-001,39.895068,-88.745608,7.5,0.0394138169003993,0.02766759,0.007866323,0.0147200255,0.012947564,0.042387616
IL-115-SW-ETAL-001,IL-115-SW-ETAL-001,39.895068,-88.745608,15.0,0.0308462611456158,0.022711417,0.0059636915,0.011159685,0.011551731,0.033871103
IL-115-SW-ETAL-001,IL-115-SW-ETAL-001,39.895068,-88.745608,25.0,0.0329720947539893,0.017342215,0.005531049,0.010350093,0.006992122,0.027692309
IL-115-SW-ETAL-001,IL-115-SW-ETAL-001,39.895068,-88.745608,40.0,0.0260503625508897,0.011873183,0.0042441403,0.007941938,0.003931245,0.01981512
IL-115-SW-ETAL-001,IL-115-SW-ETAL-001,39.895068,-88.745608,75.0,0.0116591173222279,0.009552505,0.003246358,0.0060748165,0.0034776884,0.01562732
IL-115-SW-ETAL-002,IL-115-SW-ETAL-002,39.895384,-88.746645,2.5,0.0237332952088513,0.02986967,0.007180793,0.013437212,0.016432457,0.043306883
IL-115-SW-ETAL-002,IL-115-SW-ETAL-002,39.895384,-88.746645,7.5,0.0308985769503081,0.028253227,0.007969679,0.014913432,0.013339795,0.04316666
IL-115-SW-ETAL-002,IL-115-SW-ETAL-002,39.895384,-88.746645,15.0,0.0241905344418,0.02346578,0.005927013,0.01109105,0.012374731,0.03455683
IL-115-SW-ETAL-002,IL-115-SW-ETAL-002,39.895384,-88.746645,25.0,0.0264494994911656,0.0182329,0.005795083,0.010844173,0.0073887277,0.029077074
IL-115-SW-ETAL-002,IL-115-SW-ETAL-002,39.895384,-88.746645,40.0,0.0205384732051047,0.012248846,0.004369141,0.008175849,0.004072997,0.020424694
IL-115-SW-ETAL-002,IL-115-SW-ETAL-002,39.895384,-88.746645,75.0,0.0078100572555301,0.009927306,0.003459788,0.006474202,0.0034531043,0.016401509
IL-115-SW-ETAL-003,IL-115-SW-ETAL-003,39.901458740234375,-88.746587,2.5,0.0270257602321259,0.0299597,0.006791098,0.012707988,0.017251711,0.042667687
IL-115-SW-ETAL-003,IL-115-SW-ETAL-003,39.901458740234375,-88.746587,7.5,0.0336516252750283,0.028072663,0.0075320806,0.014094567,0.013978096,0.04216723
IL-115-SW-ETAL-003,IL-115-SW-ETAL-003,39.901458740234375,-88.746587,15.0,0.0302743172273523,0.02333521,0.0059216446,0.0110810045,0.012254205,0.034416214
IL-115-SW-ETAL-003,IL-115-SW-ETAL-003,39.901458740234375,-88.746587,25.0,0.026391882437939,0.018270552,0.006001591,0.011230606,0.0070399465,0.029501159
IL-115-SW-ETAL-003,IL-115-SW-ETAL-003,39.901458740234375,-88.746587,40.0,0.0183899090828737,0.012641137,0.0044194455,0.0082699815,0.004371155,0.020911118
IL-115-SW-ETAL-003,IL-115-SW-ETAL-003,39.901458740234375,-88.746587,75.0,0.0064291474102729,0.010236797,0.0037256686,0.006971737,0.00326506,0.017208533
IL-147-SW-TS-001,IL-147-SW-TS-001,39.876683,-88.700021,2.5,0.036013872121264,0.034941714,0.007955526,0.014886948,0.020054765,0.049828663
IL-147-SW-TS-001,IL-147-SW-TS-001,39.876683,-88.700021,7.5,0.0433639239881651,0.034370054,0.008642357,0.016172195,0.018197859,0.05054225
IL-147-SW-TS-001,IL-147-SW-TS-001,39.876683,-88.700021,15.0,0.0344308979959439,0.029792823,0.007844817,0.014679781,0.015113042,0.044472605
IL-147-SW-TS-001,IL-147-SW-TS-001,39.876683,-88.700021,25.0,0.0185348121120654,0.024005948,0.0076278723,0.014273819,0.009732129,0.038279764
IL-147-SW-TS-001,IL-147-SW-TS-001,39.876683,-88.700021,40.0,0.0118618361665232,0.017560678,0.0062650573,0.011723623,0.005837055,0.0292843
IL-147-SW-TS-001,IL-147-SW-TS-001,39.876683,-88.700021,75.0,0.0060109250032811,0.015001064,0.0051580686,0.009652146,0.005348918,0.024653211
IL-147-SW-TS-002,IL-147-SW-TS-002,39.878541,-88.700776,2.5,0.0345745803267349,0.035076138,0.008654619,0.01619514,0.018880997,0.05127128
IL-147-SW-TS-002,IL-147-SW-TS-002,39.878541,-88.700776,7.5,0.0418734312623521,0.03432475,0.009341926,0.017481279,0.016843472,0.05180603
IL-147-SW-TS-002,IL-147-SW-TS-002,39.878541,-88.700776,15.0,0.038470854723313,0.029802112,0.008543833,0.01598783,0.013814282,0.045789942
IL-147-SW-TS-002,IL-147-SW-TS-002,39.878541,-88.700776,25.0,0.0284040550262781,0.023921685,0.008102175,0.015161368,0.008760317,0.039083052
IL-147-SW-TS-002,IL-147-SW-TS-002,39.878541,-88.700776,40.0,0.0151370146817818,0.017562494,0.0068479343,0.012814344,0.00474815,0.030376837
IL-147-SW-TS-002,IL-147-SW-TS-002,39.878541,-88.700776,75.0,0.0081970992454574,0.015088724,0.005740304,0.010741667,0.004347057,0.025830392
IL-147-SW-TS-003,IL-147-SW-TS-003,39.878261,-88.705988,2.5,0.0314697812124158,0.033787694,0.007902497,0.014787717,0.018999977,0.04857541
IL-147-SW-TS-003,IL-147-SW-TS-003,39.878261,-88.705988,7.5,0.0434562602325653,0.033518605,0.008571894,0.01604034,0.017478265,0.049558945
IL-147-SW-TS-003,IL-147-SW-TS-003,39.878261,-88.705988,15.0,0.0395139879032801,0.029150378,0.0077182706,0.014442979,0.014707399,0.04359336
IL-147-SW-TS-003,IL-147-SW-TS-003,39.878261,-88.705988,25.0,0.0337897607722762,0.02345511,0.0073940996,0.013836367,0.009618742,0.037291475
IL-147-SW-TS-003,IL-147-SW-TS-003,39.878261,-88.705988,40.0,0.0143105843563851,0.016631968,0.006079074,0.011375597,0.0052563716,0.028007565
IL-147-SW-TS-003,IL-147-SW-TS-003,39.878261,-88.705988,75.0,0.0097083301306031,0.0142065,0.00497229,0.009304504,0.004901996,0.023511004
IL-147-SW-CRP-001,IL-147-SW-CRP-001,39.895694,-88.743611,2.5,0.0372257939720936,0.026171189,0.0056332843,0.010541404,0.015629785,0.036712594
IL-147-SW-CRP-001,IL-147-SW-CRP-001,39.895694,-88.743611,7.5,0.0504464419001538,0.026057592,0.0062498963,0.011695252,0.01436234,0.037752844
IL-147-SW-CRP-001,IL-147-SW-CRP-001,39.895694,-88.743611,15.0,0.0341274281829009,0.023291485,0.0057000807,0.010666397,0.012625088,0.033957884
IL-147-SW-CRP-001,IL-147-SW-CRP-001,39.895694,-88.743611,25.0,0.0311171141557172,0.017560957,0.005350726,0.010012661,0.007548296,0.027573619
IL-147-SW-CRP-001,IL-147-SW-CRP-001,39.895694,-88.743611,40.0,0.0214559230201649,0.011921117,0.0041212323,0.007711944,0.004209173,0.019633062
IL-147-SW-CRP-001,IL-147-SW-CRP-001,39.895694,-88.743611,75.0,0.0089280203647871,0.009600329,0.0031616592,0.0059163226,0.0036840066,0.015516652
IL-147-SW-CRP-002,IL-147-SW-CRP-002,39.896889,-88.743611,2.5,0.0261112219469894,0.024803624,0.0057399017,0.010740913,0.01406271,0.035544537
IL-147-SW-CRP-002,IL-147-SW-CRP-002,39.896889,-88.743611,7.5,0.0308529800935735,0.02509249,0.00635658,0.011894886,0.013197604,0.036987375
IL-147-SW-CRP-002,IL-147-SW-CRP-002,39.896889,-88.743611,15.0,0.0269819046609002,0.022407148,0.005676265,0.010621832,0.011785316,0.03302898
IL-147-SW-CRP-002,IL-147-SW-CRP-002,39.896889,-88.743611,25.0,0.0251597831772039,0.016079789,0.004728064,0.008847491,0.007232298,0.02492728
IL-147-SW-CRP-002,IL-147-SW-CRP-002,39.896889,-88.743611,40.0,0.0241474222164843,0.010800648,0.0035837719,0.00670621,0.0040944377,0.017506856
IL-147-SW-CRP-002,IL-147-SW-CRP-002,39.896889,-88.743611,75.0,0.0087424583193267,0.008482429,0.0027481276,0.0051424922,0.003339937,0.013624921
IL-147-SW-CRP-003,IL-147-SW-CRP-003,39.898194,-88.743333,2.5,0.0271016167563851,0.024778737,0.0057399017,0.010740913,0.014037823,0.035519652
IL-147-SW-CRP-003,IL-147-SW-CRP-003,39.898194,-88.743333,7.5,0.0292156775930832,0.02501136,0.00635658,0.011894886,0.013116474,0.036906246
IL-147-SW-CRP-003,IL-147-SW-CRP-003,39.898194,-88.743333,15.0,0.0286720408282997,0.022381153,0.005619692,0.010515969,0.011865184,0.032897122
IL-147-SW-CRP-003,IL-147-SW-CRP-003,39.898194,-88.743333,25.0,0.01587156380747,0.016053954,0.004728064,0.008847491,0.0072064633,0.024901446
IL-147-SW-CRP-003,IL-147-SW-CRP-003,39.898194,-88.743333,40.0,0.0117912237413933,0.01077495,0.0035837719,0.00670621,0.0040687397,0.01748116
IL-147-SW-CRP-003,IL-147-SW-CRP-003,39.898194,-88.743333,75.0,0.0058956401683905,0.00845679,0.0027481276,0.0051424922,0.0033142976,0.013599282
IL-019-SW-ARBRTM-001,IL-019-SW-ARBRTM-001,40.0916401,-88.216396,2.5,0.0618161243879153,0.03590505,0.01076954,0.020152733,0.015752316,0.05605778
IL-019-SW-ARBRTM-001,IL-019-SW-ARBRTM-001,40.0916401,-88.216396,15.0,0.0392196930157778,0.022366324,0.007795626,0.014587731,0.0077785933,0.036954056
IL-019-SW-ARBRTM-001,IL-019-SW-ARBRTM-001,40.0916401,-88.216396,25.0,0.0352876906184348,0.015941532,0.006035652,0.011294343,0.0046471898,0.027235875
IL-019-SW-ARBRTM-001,IL-019-SW-ARBRTM-001,40.0916401,-88.216396,40.0,0.0164201122917037,0.011300526,0.005031144,0.009414636,0.00188589,0.020715162
IL-019-SW-ARBRTM-001,IL-019-SW-ARBRTM-001,40.0916401,-88.216396,75.0,0.0076645288486941,0.008869963,0.004103923,0.007679554,0.0011904086,0.016549516
IL-019-SW-ARBRTM-002,IL-019-SW-ARBRTM-002,40.0918033,-88.2161899,2.5,0.0567488068697376,0.03590505,0.010773666,0.020160453,0.015744595,0.0560655
IL-019-SW-ARBRTM-002,IL-019-SW-ARBRTM-002,40.0918033,-88.2161899,7.5,0.0508348955293984,0.030085066,0.011338605,0.021217607,0.008867459,0.05130267
IL-019-SW-ARBRTM-002,IL-019-SW-ARBRTM-002,40.0918033,-88.2161899,15.0,0.0442895522087795,0.022366324,0.008043263,0.015051128,0.007315196,0.037417453
IL-019-SW-ARBRTM-002,IL-019-SW-ARBRTM-002,40.0918033,-88.2161899,25.0,0.0295519748577936,0.015941532,0.006040609,0.011303619,0.004637914,0.02724515
IL-019-SW-ARBRTM-002,IL-019-SW-ARBRTM-002,40.0918033,-88.2161899,40.0,0.0189835303330958,0.011300526,0.00498799,0.0093338825,0.0019666431,0.020634409
IL-019-SW-ARBRTM-002,IL-019-SW-ARBRTM-002,40.0918033,-88.2161899,75.0,0.0072735001715585,0.008816333,0.004060809,0.0075988756,0.001217457,0.016415209
IL-019-SW-ARBRTM-003,IL-019-SW-ARBRTM-003,40.0914285,-88.2159005,2.5,0.0607010680856078,0.03590505,0.01076954,0.020152733,0.015752316,0.05605778
IL-019-SW-ARBRTM-003,IL-019-SW-ARBRTM-003,40.0914285,-88.2159005,7.5,0.0505740430274599,0.030085066,0.011254455,0.021060139,0.009024927,0.051145203
IL-019-SW-ARBRTM-003,IL-019-SW-ARBRTM-003,40.0914285,-88.2159005,15.0,0.0335916797046483,0.022366324,0.007795626,0.014587731,0.0077785933,0.036954056
IL-019-SW-ARBRTM-003,IL-019-SW-ARBRTM-003,40.0914285,-88.2159005,25.0,0.0184558217829731,0.015941532,0.006035652,0.011294343,0.0046471898,0.027235875
IL-019-SW-ARBRTM-003,IL-019-SW-ARBRTM-003,40.0914285,-88.2159005,40.0,0.0210131479190709,0.011300526,0.005031144,0.009414636,0.00188589,0.020715162
IL-019-SW-ARBRTM-003,IL-019-SW-ARBRTM-003,40.0914285,-88.2159005,75.0,0.0091081559947847,0.008869963,0.004103923,0.007679554,0.0011904086,0.016549516
TX-AX1-1-CON,AX1-1,26.371829986572266,-97.86128997802734,2.5,0.0212959031128225,0.013359044,0.006078392,0.011374321,0.001984723,0.024733365
TX-AX1-1-CON,AX1-1,26.371829986572266,-97.86128997802734,7.5,0.0215448259937403,0.012570574,0.006159339,0.011525795,0.0010447791,0.02409637
TX-AX1-1-CON,AX1-1,26.371829986572266,-97.86128997802734,20.0,0.0160059443926101,0.009731137,0.0040403865,0.0075606597,0.0021704775,0.017291797
TX-AX1-2-CON,AX1-2,26.376803,-97.861285,2.5,0.0294894186062959,0.012041127,0.0049557686,0.009273588,0.0027675396,0.021314714
TX-AX1-2-CON,AX1-2,26.376803,-97.861285,7.5,0.0356036254380408,0.011064619,0.00427326,0.007996429,0.00306819,0.019061048
TX-AX1-2-CON,AX1-2,26.376803,-97.861285,20.0,0.0360805344345204,0.007933579,0.0031981366,0.0059845815,0.0019489978,0.013918161
TX-AX1-3-CON,AX1-3,26.381147384643555,-97.861396,2.5,0.0280737734461021,0.010780887,0.0044548986,0.008336324,0.0024445625,0.01911721
TX-AX1-3-CON,AX1-3,26.381147384643555,-97.861396,7.5,0.0295920860579058,0.009763381,0.004067233,0.007610896,0.0021524853,0.017374277
TX-AX1-3-CON,AX1-3,26.381147384643555,-97.861396,20.0,0.0231515586003117,0.008482779,0.0034798752,0.0065117907,0.0019709887,0.01499457
TX-AX2-1-CON,AX2-1,26.372257232666016,-97.860439,2.5,0.0250678889072146,0.012714785,0.0060826633,0.011382313,0.0013324711,0.024097098
TX-AX2-1-CON,AX2-1,26.372257232666016,-97.860439,7.5,0.008504268525,0.011926819,0.006078344,0.0113742305,0.00055258814,0.02330105
TX-AX2-1-CON,AX2-1,26.372257232666016,-97.860439,20.0,0.0197869138921795,0.009601545,0.0040403865,0.0075606597,0.002040885,0.017162204
TX-AX2-2-CON,AX2-2,26.372359,-97.854799,2.5,0.0113570894087941,0.011778368,0.00457804,0.008566755,0.0032116128,0.020345122
TX-AX2-2-CON,AX2-2,26.372359,-97.854799,7.5,0.0173379565247177,0.010722984,0.0044080266,0.008248614,0.0024743695,0.018971598
TX-AX2-2-CON,AX2-2,26.372359,-97.854799,20.0,0.020179579075,0.008914694,0.0033327588,0.006236496,0.0026781983,0.01515119
TX-AX2-3-CON,AX2-3,26.372348,-97.841816,2.5,0.0271413996941423,0.013018153,0.009082343,0.016995529,0.0,0.03001368
TX-AX2-3-CON,AX2-3,26.372348,-97.841816,7.5,0.0314640304298441,0.012376753,0.009143966,0.017110841,0.0,0.029487595
TX-AX2-3-CON,AX2-3,26.372348,-97.841816,20.0,0.0272411930528753,0.010682705,0.0074166725,0.013878607,0.0,0.024561312
TX-AX3-1-CON,AX3-1,26.449237,-97.845711,2.5,0.0226924237322894,0.011020436,0.0040720655,0.0076199397,0.0034004962,0.018640377
TX-AX3-1-CON,AX3-1,26.449237,-97.845711,7.5,0.023420033686339,0.008873174,0.0031894778,0.0059683784,0.0029047956,0.014841553
TX-AX3-1-CON,AX3-1,26.449237,-97.845711,20.0,0.026982546144686,0.0071223797,0.0029594062,0.005537852,0.0015845275,0.012660231
TX-AX3-2-CON,AX3-2,26.45138326,-97.84310718,2.5,0.0377000468104006,0.014500935,0.020033222,0.037487593,0.0,0.051988527
TX-AX3-2-CON,AX3-2,26.45138326,-97.84310718,7.5,0.029428162963708,0.019022398,0.024245234,0.045369413,0.0,0.06439181
TX-AX3-2-CON,AX3-2,26.45138326,-97.84310718,20.0,0.0320460072892026,0.033651557,0.030233804,0.056575652,0.0,0.09022721
TX-AX3-3-CON,AX3-3,26.451224,-97.842418,2.5,0.0245296277224442,0.014708468,0.020066708,0.037550256,0.0,0.052258722
TX-AX3-3-CON,AX3-3,26.451224,-97.842418,7.5,0.0192694177810957,0.019041236,0.024359094,0.045582477,0.0,0.06462371
TX-AX3-3-CON,AX3-3,26.451224,-97.842418,20.0,0.01862513719,0.033504926,0.03023564,0.05657909,0.0,0.09008402
TX-AY1-1-INT,AY1-1,26.429164,-97.87774658203124,2.5,0.0164385652719056,0.013078518,0.0050173043,0.009388738,0.00368978,0.022467256
TX-AY1-1-INT,AY1-1,26.429164,-97.87774658203124,7.5,0.0176445325975076,0.010913879,0.004266635,0.007984032,0.0029298468,0.01889791
TX-AY1-1-INT,AY1-1,26.429164,-97.87774658203124,20.0,0.0129991547430461,0.008527884,0.0032579482,0.006096505,0.0024313792,0.014624389
TX-AY1-2-INT,AY1-2,26.428431,-97.876675,2.5,0.0106905973546464,0.012214123,0.0057789455,0.010813976,0.0014001476,0.023028098
TX-AY1-2-INT,AY1-2,26.428431,-97.876675,7.5,0.0148010940116593,0.009945383,0.0041340287,0.0077358894,0.002209494,0.017681273
TX-AY1-2-INT,AY1-2,26.428431,-97.876675,20.0,0.0040555345420907,0.007865811,0.003248945,0.006079658,0.0017861528,0.013945469
TX-AY1-3-INT,AY1-3,26.423498153686523,-97.878012,2.5,0.01904179171,0.01225872,0.005836705,0.010922059,0.0013366602,0.02318078
TX-AY1-3-INT,AY1-3,26.423498153686523,-97.878012,7.5,0.0217137906030704,0.010520978,0.004292297,0.008032053,0.0024889251,0.01855303
TX-AY1-3-INT,AY1-3,26.423498153686523,-97.878012,20.0,0.0140132668224675,0.0086019,0.0032835852,0.006144479,0.0024574213,0.014746379
TX-AY2-1-INT,AY2-1,26.417867,-97.87735748291016,2.5,0.0183106548009332,0.01182326,0.005854617,0.010955577,0.00086768344,0.022778837
TX-AY2-1-INT,AY2-1,26.417867,-97.87735748291016,7.5,0.0132306744966544,0.010963858,0.004377514,0.008191517,0.0027723415,0.019155376
TX-AY2-1-INT,AY2-1,26.417867,-97.87735748291016,20.0,0.0132368718561347,0.008113864,0.0033950435,0.0063530477,0.0017608162,0.014466912
TX-AY2-2-INT,AY2-2,26.408338,-97.877546,2.5,0.0162452726660384,0.01224025,0.0058041117,0.010861068,0.0013791816,0.023101319
TX-AY2-2-INT,AY2-2,26.408338,-97.877546,7.5,0.0272038009622398,0.011283873,0.004316445,0.00807724,0.003206633,0.019361112
TX-AY2-2-INT,AY2-2,26.408338,-97.877546,20.0,0.012407854918304,0.008994855,0.0033470457,0.006263231,0.002731624,0.015258086
TX-AY2-3-INT,AY2-3,26.408107,-97.867819,2.5,0.0180149184828046,0.011927066,0.0058251023,0.0109003475,0.0010267189,0.022827413
TX-AY2-3-INT,AY2-3,26.408107,-97.867819,7.5,0.0161548910650896,0.0111866025,0.004348043,0.008136368,0.0030502342,0.01932297
TX-AY2-3-INT,AY2-3,26.408107,-97.867819,20.0,0.0146189207139754,0.009217517,0.0038766568,0.007254277,0.0019632406,0.016471794
TX-AY3-1-INT,AY3-1,26.378011,-97.894115,2.5,0.0136824882682833,0.014187992,0.019181224,0.035893276,0.0,0.050081268
TX-AY3-1-INT,AY3-1,26.378011,-97.894115,7.5,0.0205829668539019,0.019416502,0.022957712,0.04296011,0.0,0.06237661
TX-AY3-1-INT,AY3-1,26.378011,-97.894115,20.0,0.0173298180332835,0.032330383,0.029741593,0.055654593,0.0,0.08798498
TX-AY3-2-INT,AY3-2,26.371559,-97.882158,2.5,0.0164786869901128,0.0147757,0.0057599214,0.010778376,0.003997324,0.025554076
TX-AY3-2-INT,AY3-2,26.371559,-97.882158,7.5,0.0181967894430826,0.013467572,0.005776458,0.01080932,0.0026582517,0.024276892
TX-AY3-2-INT,AY3-2,26.371559,-97.882158,20.0,0.0194643716496558,0.009993632,0.004681747,0.008760819,0.0012328131,0.018754452
TX-AY3-3-INT,AY3-3,26.371856,-97.88148498535156,2.5,0.0181943412541246,0.0119894035,0.004787361,0.008958451,0.003030952,0.020947855
TX-AY3-3-INT,AY3-3,26.371856,-97.88148498535156,7.5,0.0160611096189572,0.011238679,0.0041057384,0.0076829507,0.0035557286,0.01892163
TX-AY3-3-INT,AY3-3,26.371856,-97.88148498535156,20.0,0.0216299842499656,0.009086223,0.0034328832,0.006423856,0.0026623672,0.015510079
TX-AZ1-1-STR,AZ1-1,26.442916,-97.81415557861328,2.5,0.031702650074984,0.01134756,0.004082672,0.0076397867,0.0037077735,0.018987346
TX-AZ1-1-STR,AZ1-1,26.442916,-97.81415557861328,7.5,0.0333309053938102,0.010734201,0.004209477,0.007877074,0.0028571272,0.018611275
TX-AZ1-1-STR,AZ1-1,26.442916,-97.81415557861328,20.0,0.0146559548029441,0.008477407,0.003191076,0.0059713693,0.0025060372,0.014448776
TX-AZ1-2-STR,AZ1-2,26.440373,-97.81413269042967,2.5,0.0251208580222722,0.012489705,0.005563504,0.010410826,0.0020788796,0.022900531
TX-AZ1-2-STR,AZ1-2,26.440373,-97.81413269042967,7.5,0.0288900662477185,0.011319294,0.0041845627,0.007830452,0.0034888415,0.019149747
TX-AZ1-2-STR,AZ1-2,26.440373,-97.81413269042967,20.0,0.0129325681476306,0.009047198,0.0035102125,0.0065685604,0.0024786377,0.0156157585
TX-AZ1-3-STR,AZ1-3,26.441953659057617,-97.814157,2.5,0.0205216241592012,0.01134756,0.004082672,0.0076397867,0.0037077735,0.018987346
TX-AZ1-3-STR,AZ1-3,26.441953659057617,-97.814157,7.5,0.0138847941177319,0.010734201,0.004209477,0.007877074,0.0028571272,0.018611275
TX-AZ1-3-STR,AZ1-3,26.441953659057617,-97.814157,20.0,0.0140145684156122,0.008477407,0.003191076,0.0059713693,0.0025060372,0.014448776
TX-AZ2-1-STR,AZ2-1,26.35834312438965,-97.857232,2.5,0.0106118704595162,0.014617298,0.020961396,0.03922446,0.0,0.05384176
TX-AZ2-1-STR,AZ2-1,26.35834312438965,-97.857232,7.5,0.0069426880327667,0.01997593,0.025347522,0.04743209,0.0,0.067408025
TX-AZ2-1-STR,AZ2-1,26.35834312438965,-97.857232,20.0,0.0104495884291556,0.035641022,0.029991824,0.056122843,0.0,0.09176387
TX-AZ2-2-STR,AZ2-2,26.358388,-97.846311,2.5,0.0117971502874652,0.012782937,0.02090049,0.03911049,0.0,0.051893428
TX-AZ2-2-STR,AZ2-2,26.358388,-97.846311,7.5,0.0097320395761109,0.018675627,0.02403573,0.04497737,0.0,0.063653
TX-AZ2-2-STR,AZ2-2,26.358388,-97.846311,20.0,0.0091419248864164,0.039533462,0.031831693,0.059565734,0.0,0.0990992
TX-AZ2-3-STR,AZ2-3,26.365039825439453,-97.85823822021484,2.5,0.0149213894333992,0.013148887,0.009009234,0.016858721,0.0,0.030007608
TX-AZ2-3-STR,AZ2-3,26.365039825439453,-97.85823822021484,7.5,0.0179211375861273,0.012733988,0.009180386,0.017178994,0.0,0.029912982
TX-AZ2-3-STR,AZ2-3,26.365039825439453,-97.85823822021484,20.0,0.0136962788821724,0.011164019,0.0074296356,0.013902864,0.0,0.025066882
TX-AZ3-1-STR,AZ3-1,26.389298,-97.852623,2.5,0.0230635861913934,0.014208204,0.01685129,0.031533334,0.0,0.04574154
TX-AZ3-1-STR,AZ3-1,26.389298,-97.852623,7.5,0.0085631242301222,0.019313307,0.020410094,0.038192824,0.0,0.05750613
TX-AZ3-1-STR,AZ3-1,26.389298,-97.852623,20.0,0.0095420300411661,0.033129264,0.025034841,0.046846982,0.0,0.079976246
TX-AZ3-2-STR,AZ3-2,26.387731,-97.852666,2.5,0.017242912768884,0.014605623,0.0063878726,0.011953443,0.0026521794,0.026559066
TX-AZ3-2-STR,AZ3-2,26.387731,-97.852666,7.5,0.0142672125715969,0.013636577,0.005882765,0.01100825,0.0026283273,0.024644826
TX-AZ3-2-STR,AZ3-2,26.387731,-97.852666,20.0,0.0078023561183429,0.0098391175,0.004936537,0.0092376,0.00060151797,0.019076716
TX-AZ3-3-STR,AZ3-3,26.38783264160156,-97.849146,2.5,0.0155045206010626,0.012313633,0.0063371677,0.01185856,0.00045507308,0.024172194
TX-AZ3-3-STR,AZ3-3,26.38783264160156,-97.849146,7.5,0.0124257259920386,0.01089589,0.005103718,0.009550441,0.0013454491,0.02044633
TX-AZ3-3-STR,AZ3-3,26.38783264160156,-97.849146,20.0,0.0123408410880756,0.008696705,0.004166124,0.0077959485,0.00090075657,0.016492654
TX-AR2-1-REF,AR2-1,26.309165954589844,-98.203663,2.5,0.0191789871908855,0.021032453,0.009627308,0.018015305,0.003017148,0.039047755
TX-AR2-1-REF,AR2-1,26.309165954589844,-98.203663,7.5,0.018124792934892,0.01599974,0.0072300835,0.013529448,0.0024702922,0.029529188
TX-AR2-1-REF,AR2-1,26.309165954589844,-98.203663,20.0,0.0096072372721548,0.009484922,0.004551444,0.008516987,0.0009679347,0.018001908
TX-AR2-2-REF,AR2-2,26.30907954,-98.20307159423828,2.5,0.0313114429784317,0.021426518,0.009627308,0.018015305,0.003411213,0.039441824
TX-AR2-2-REF,AR2-2,26.30907954,-98.20307159423828,7.5,0.027586462525076,0.016391862,0.0076507474,0.014316625,0.0020752372,0.030708488
TX-AR2-2-REF,AR2-2,26.30907954,-98.20307159423828,20.0,0.0208756540104896,0.009668101,0.0045895856,0.00858836,0.0010797409,0.01825646
TX-AR2-3-REF,AR2-3,26.3089599609375,-98.202272,2.5,0.0642851889582445,0.021426518,0.009627308,0.018015305,0.003411213,0.039441824
TX-AR2-3-REF,AR2-3,26.3089599609375,-98.202272,7.5,0.0367312134379446,0.016391862,0.0076507474,0.014316625,0.0020752372,0.030708488
TX-AR2-3-REF,AR2-3,26.3089599609375,-98.202272,20.0,0.0234890889905513,0.009668101,0.0045895856,0.00858836,0.0010797409,0.01825646
TX-AR3-1-REF,AR3-1,26.425935745239254,-97.865571,2.5,0.0281492484587817,0.020416496,0.010112493,0.01892322,0.001493277,0.039339714
TX-AR3-1-REF,AR3-1,26.425935745239254,-97.865571,7.5,0.0282012773014179,0.01602845,0.007945955,0.014869038,0.0011594128,0.030897489
TX-AR3-1-REF,AR3-1,26.425935745239254,-97.865571,20.0,0.045860901854524,0.010284422,0.0050456584,0.009441796,0.0008426262,0.019726217
TX-AR3-2-REF,AR3-2,26.425750732421875,-97.86554718017578,2.5,0.0635798791032607,0.019427223,0.00951743,0.017809695,0.0016175285,0.037236918
TX-AR3-2-REF,AR3-2,26.425750732421875,-97.86554718017578,7.5,0.0256328773728472,0.014986385,0.0068967026,0.012905602,0.0020807823,0.027891986
TX-AR3-2-REF,AR3-2,26.425750732421875,-97.86554718017578,20.0,0.0234808616621232,0.009511189,0.0042188386,0.007894592,0.0016165962,0.017405782
TX-AR3-3-REF,AR3-3,26.425912,-97.863987,2.5,0.102121771009036,0.018570678,0.007882892,0.01475103,0.0038196482,0.03332171
TX-AR3-3-REF,AR3-3,26.425912,-97.863987,7.5,0.0452691171225127,0.014011541,0.0063837245,0.011945681,0.0020658607,0.025957223
TX-AR3-3-REF,AR3-3,26.425912,-97.863987,20.0,0.0336021667637402,0.00930369,0.0037425628,0.0070033506,0.0023003393,0.016307041
S2020CT013001,PaN1-1,41.797167,-72.22985076904297,2.5,0.06866312816916,0.0388098,0.012336813,0.023085525,0.015724273,0.061895326
S2020CT013001,PaN1-1,41.797167,-72.22985076904297,7.5,0.04424171690916,0.036292184,0.013183214,0.02466937,0.011622814,0.060961552
S2020CT013001,PaN1-1,41.797167,-72.22985076904297,16.5,0.0452735874723599,0.022598943,0.009880931,0.018489903,0.00410904,0.041088846
S2020CT013001,PaN1-1,41.797167,-72.22985076904297,36.0,0.0104045632123946,0.009606603,0.004342799,0.008126556,0.0014800467,0.017733159
S2020CT013001,PaN1-1,41.797167,-72.22985076904297,62.5,0.00851941630656,0.006522111,0.0032479172,0.0060777343,0.00044437684,0.012599845
S2020CT013001,PaN1-1,41.797167,-72.22985076904297,83.0,0.003771038837016,0.0063742553,0.0030302962,0.0056705065,0.0007037488,0.012044761
S2020CT013001,PaN1-1,41.797167,-72.22985076904297,101.5,0.0,0.0063742553,0.0030302962,0.0056705065,0.0007037488,0.012044761
S2020CT013002,PaT1-1,41.79724884033203,-72.229722,7.5,0.031315543386285,0.036292184,0.013183214,0.02466937,0.011622814,0.060961552
S2020CT013002,PaT1-1,41.79724884033203,-72.229722,17.0,0.0303736889793598,0.022598943,0.009933568,0.018588401,0.0040105414,0.041187346
S2020CT013002,PaT1-1,41.79724884033203,-72.229722,31.0,0.0088468480864798,0.013230009,0.0065786517,0.0123104425,0.0009195665,0.025540452
S2020CT013002,PaT1-1,41.79724884033203,-72.229722,45.0,0.00812531832795,0.0076200264,0.0035346984,0.00661438,0.0010056463,0.014234407
S2020CT013002,PaT1-1,41.79724884033203,-72.229722,62.0,0.004571705761068,0.006522111,0.0032479172,0.0060777343,0.00044437684,0.012599845
S2020CT013002,PaT1-1,41.79724884033203,-72.229722,94.0,0.003152781026,0.0063742553,0.0030302962,0.0056705065,0.0007037488,0.012044761
S2020CT013003,PaT1-2,41.797389,-72.2300556,2.5,0.0345252718813499,0.0388098,0.012336813,0.023085525,0.015724273,0.061895326
S2020CT013003,PaT1-2,41.797389,-72.2300556,7.5,0.0310044052857599,0.036292184,0.013183214,0.02466937,0.011622814,0.060961552
S2020CT013003,PaT1-2,41.797389,-72.2300556,19.5,0.0298106703746099,0.019465994,0.008404206,0.01572655,0.0037394445,0.03519254
S2020CT013003,PaT1-2,41.797389,-72.2300556,34.5,0.008470951798232,0.011113182,0.005077533,0.009501442,0.0016117394,0.020614624
S2020CT013003,PaT1-2,41.797389,-72.2300556,56.5,0.0039325777333919,0.006938001,0.0034132102,0.0063870423,0.0005509588,0.013325043
S2020CT013003,PaT1-2,41.797389,-72.2300556,80.0,0.00240684652533,0.0063742553,0.0030302962,0.0056705065,0.0007037488,0.012044761
S2020CT013003,PaT1-2,41.797389,-72.2300556,101.0,0.00208325406588,0.0063742553,0.0030302962,0.0056705065,0.0007037488,0.012044761
S2020CT013004,PaN1-2,41.7975278,-72.2302474975586,2.5,0.045677616205164,0.0388098,0.012336813,0.023085525,0.015724273,0.061895326
S2020CT013004,PaN1-2,41.7975278,-72.2302474975586,7.5,0.0430831984292,0.036292184,0.013183214,0.02466937,0.011622814,0.060961552
S2020CT013004,PaN1-2,41.7975278,-72.2302474975586,16.0,0.0368947629520198,0.02278111,0.009861367,0.018453293,0.004327817,0.041234404
S2020CT013004,PaN1-2,41.7975278,-72.2302474975586,28.0,0.0091743873032,0.013445504,0.0065786517,0.0123104425,0.0011350615,0.025755946
S2020CT013004,PaN1-2,41.7975278,-72.2302474975586,48.5,0.00727280677728,0.007428753,0.0035346984,0.00661438,0.00081437314,0.014043134
S2020CT013004,PaN1-2,41.7975278,-72.2302474975586,83.5,0.004138185983162,0.0063742553,0.0030302962,0.0056705065,0.0007037488,0.012044761
S2020CT013006,PaN1-3,41.79774856567383,-72.2305556,2.5,0.0506900890150198,0.0388098,0.012336813,0.023085525,0.015724273,0.061895326
S2020CT013006,PaN1-3,41.79774856567383,-72.2305556,7.5,0.0410055688699199,0.036292184,0.013183214,0.02466937,0.011622814,0.060961552
S2020CT013006,PaN1-3,41.79774856567383,-72.2305556,19.0,0.030866893305075,0.019720795,0.00830916,0.015548694,0.0041721007,0.035269488
S2020CT013006,PaN1-3,41.79774856567383,-72.2305556,29.5,0.0113660586,0.013230009,0.0065786517,0.0123104425,0.0009195665,0.025540452
S2020CT013006,PaN1-3,41.79774856567383,-72.2305556,48.0,0.00685349738604,0.007428753,0.0035346984,0.00661438,0.00081437314,0.014043134
S2020CT013006,PaN1-3,41.79774856567383,-72.2305556,70.5,0.0040337197012,0.0063742553,0.0030302962,0.0056705065,0.0007037488,0.012044761
S2020CT013006,PaN1-3,41.79774856567383,-72.2305556,93.0,0.00391097245968,0.0063742553,0.0030302962,0.0056705065,0.0007037488,0.012044761
S2020CT013005,PaT1-3,41.7975833,-72.2303333,2.5,0.03231546435072,0.0388098,0.012336813,0.023085525,0.015724273,0.061895326
S2020CT013005,PaT1-3,41.7975833,-72.2303333,7.5,0.02534762176983,0.036292184,0.013183214,0.02466937,0.011622814,0.060961552
S2020CT013005,PaT1-3,41.7975833,-72.2303333,17.5,0.02516580731952,0.022668043,0.009933568,0.018588401,0.004079642,0.041256443
S2020CT013005,PaT1-3,41.7975833,-72.2303333,28.0,0.010145899049472,0.013445504,0.0065786517,0.0123104425,0.0011350615,0.025755946
S2020CT013005,PaT1-3,41.7975833,-72.2303333,46.0,0.004527272264944,0.007428753,0.0035346984,0.00661438,0.00081437314,0.014043134
S2020CT013005,PaT1-3,41.7975833,-72.2303333,76.0,0.003761832614319,0.0063742553,0.0030302962,0.0056705065,0.0007037488,0.012044761
S2020CT013005,PaT1-3,41.7975833,-72.2303333,101.5,0.0036744784897799,0.0063742553,0.0030302962,0.0056705065,0.0007037488,0.012044761
S2020CT013007,PaM1-1,41.8184833,-72.2374496459961,2.5,0.0708825966803249,0.045045007,0.015072887,0.028205462,0.016839545,0.07325047
S2020CT013007,PaM1-1,41.8184833,-72.2374496459961,7.5,0.021101823701376,0.042925194,0.016434433,0.030753285,0.012171909,0.07367848
S2020CT013007,PaM1-1,41.8184833,-72.2374496459961,16.0,0.010336057473968,0.026974352,0.010951432,0.020493101,0.0064812507,0.047467455
S2020CT013008,PaM1-2,41.81850051879883,-72.2377833,7.5,0.050799431013408,0.042925194,0.016434433,0.030753285,0.012171909,0.07367848
S2020CT013008,PaM1-2,41.81850051879883,-72.2377833,21.0,0.019563642805344,0.022573952,0.010153263,0.01899951,0.0035744421,0.04157346
S2020CT013008,PaM1-2,41.81850051879883,-72.2377833,41.0,0.00824562641916,0.009544283,0.004272842,0.007995646,0.0015486367,0.01753993
S2020CT013008,PaM1-2,41.81850051879883,-72.2377833,63.5,0.0052548210742498,0.007975255,0.003664606,0.0068574725,0.0011177827,0.014832728
S2020CT013008,PaM1-2,41.81850051879883,-72.2377833,90.0,0.0039267233737049,0.00783815,0.0034693398,0.0064920764,0.0013460731,0.014330226
S2020CT013009,PaU1-1,41.8184333,-72.2388333,2.5,0.078666867068,0.04047559,0.01747373,0.03269809,0.007777497,0.07317368
S2020CT013009,PaU1-1,41.8184333,-72.2388333,7.5,0.0640484429112,0.037665278,0.01677173,0.031384457,0.006280821,0.06904973
S2020CT013009,PaU1-1,41.8184333,-72.2388333,17.0,0.0525357215330918,0.021823363,0.009849266,0.01843065,0.0033927131,0.04025401
S2020CT013009,PaU1-1,41.8184333,-72.2388333,30.0,0.01380616682373,0.012160894,0.0075276094,0.0140862,0.0,0.026247095
S2020CT013009,PaU1-1,41.8184333,-72.2388333,53.0,0.0068649244838998,0.00586994,0.0039333343,0.007360336,0.0,0.013230275
S2020CT013009,PaU1-1,41.8184333,-72.2388333,83.5,0.00383891314656,0.005277456,0.003909985,0.007316643,0.0,0.012594098
S2020CT013009,PaU1-1,41.8184333,-72.2388333,103.5,0.0048055401392399,0.005277456,0.003909985,0.007316643,0.0,0.012594098
S2020CT013010,PaU1-2,41.818491,-72.238939,2.5,0.1043439332872299,0.04047559,0.01747373,0.03269809,0.007777497,0.07317368
S2020CT013010,PaU1-2,41.818491,-72.238939,22.5,0.011052098209152,0.01677611,0.008721715,0.016320696,0.000455413,0.033096805
S2020CT013010,PaU1-2,41.818491,-72.238939,44.5,0.005941912179456,0.0066409805,0.004243964,0.007941608,0.0,0.014582589
S2020CT013011,PaM2-1,41.8207833,-72.25135040283203,2.5,0.1067238421995999,0.046877235,0.018399123,0.03442975,0.012447484,0.08130699
S2020CT013011,PaM2-1,41.8207833,-72.25135040283203,7.5,0.03385015569173,0.04101791,0.01807345,0.03382033,0.0071975775,0.074838236
S2020CT013011,PaM2-1,41.8207833,-72.25135040283203,16.5,0.0225412456254899,0.023562688,0.010843318,0.02029079,0.0032718983,0.043853477
S2020CT013011,PaM2-1,41.8207833,-72.25135040283203,37.5,0.007906252515645,0.009031503,0.0052764313,0.009873635,0.0,0.018905139
S2020CT013011,PaM2-1,41.8207833,-72.25135040283203,56.5,0.005528474348703,0.00717398,0.0045099086,0.008439263,0.0,0.015613243
S2020CT013011,PaM2-1,41.8207833,-72.25135040283203,71.0,0.003949958043612,0.0066497764,0.0042893607,0.008026558,0.0,0.014676334
S2020CT013011,PaM2-1,41.8207833,-72.25135040283203,89.5,0.0041650563398399,0.0066497764,0.0042893607,0.008026558,0.0,0.014676334
S2020CT013012,PaM2-2,41.82099914550781,-72.2543056,2.5,0.0860188177574399,0.04646736,0.016033903,0.030003782,0.016463578,0.07647114
S2020CT013012,PaM2-2,41.82099914550781,-72.2543056,7.5,0.029095796656428,0.04303757,0.01745795,0.032668564,0.010369007,0.07570614
S2020CT013012,PaM2-2,41.82099914550781,-72.2543056,14.5,0.0208281365118025,0.028141085,0.011638663,0.021779096,0.0063619893,0.04992018
S2020CT013012,PaM2-2,41.82099914550781,-72.2543056,26.5,0.01042355557269,0.015164271,0.006734044,0.012601224,0.0025630472,0.027765494
S2020CT013012,PaM2-2,41.82099914550781,-72.2543056,41.5,0.006977422016825,0.009168767,0.004237055,0.00792868,0.0012400877,0.017097447
S2020CT013012,PaM2-2,41.82099914550781,-72.2543056,58.0,0.004900711729095,0.007987694,0.0036624044,0.0068533523,0.0011343416,0.014841046
S2020CT013013,PaU2-1,41.8216111,-72.2532778,2.5,0.1626571332804,0.049258735,0.01726433,0.032306246,0.016952489,0.08156498
S2020CT013013,PaU2-1,41.8216111,-72.2532778,36.0,0.011580452723697,0.012728381,0.006628062,0.012402903,0.00032547768,0.025131285
S2020CT013013,PaU2-1,41.8216111,-72.2532778,56.5,0.0080996641573258,0.009632505,0.004461045,0.008347826,0.0012846785,0.01798033
S2020CT013013,PaU2-1,41.8216111,-72.2532778,76.5,0.0062536489222539,0.009107024,0.0044450094,0.008317819,0.00078920554,0.017424844
S2020CT013013,PaU2-1,41.8216111,-72.2532778,103.5,0.00409422310362,0.009107024,0.0044450094,0.008317819,0.00078920554,0.017424844
S2020CT013014,PaU2-2,41.82161667,-72.25332641601562,7.5,0.0379145684367,0.04612686,0.017450405,0.032654446,0.0134724155,0.07878131
S2020CT013014,PaU2-2,41.82161667,-72.25332641601562,16.5,0.0363085025003999,0.0280449,0.01170422,0.021901773,0.0061431266,0.049946673
S2020CT013014,PaU2-2,41.82161667,-72.25332641601562,30.0,0.0074470700718,0.016771108,0.008290514,0.015513802,0.001257306,0.032284908
S2020CT013014,PaU2-2,41.82161667,-72.25332641601562,41.5,0.00468621364395,0.010564624,0.0052686753,0.009859121,0.0007055029,0.020423746
S2020CT013014,PaU2-2,41.82161667,-72.25332641601562,53.0,0.00403956676266,0.009669929,0.004461045,0.008347826,0.0013221027,0.018017754
S2020CT013015,PaL1-1,41.7995278,-72.188333,2.5,0.04164105302838,0.050312757,0.020123273,0.037656106,0.012656651,0.08796886
S2020CT013015,PaL1-1,41.7995278,-72.188333,7.5,0.02379013958979,0.046917383,0.0221205,0.04139346,0.005523924,0.08831084
S2020CT013015,PaL1-1,41.7995278,-72.188333,36.0,0.0086436963430398,0.012150858,0.007719195,0.014444709,0.0,0.026595566
S2020CT013015,PaL1-1,41.7995278,-72.188333,59.0,0.004412482693104,0.008779475,0.0048662433,0.009106061,0.0,0.017885536
S2020CT013015,PaL1-1,41.7995278,-72.188333,84.0,0.004192246310616,0.008642759,0.0048662433,0.009106061,0.0,0.017748822
S2020CT013015,PaL1-1,41.7995278,-72.188333,103.0,0.002721182639328,0.008642759,0.0048662433,0.009106061,0.0,0.017748822
S2020CT013016,PaL1-2,41.7995556,-72.18838889,2.5,0.065509020569168,0.050312757,0.020123273,0.037656106,0.012656651,0.08796886
S2020CT013016,PaL1-2,41.7995556,-72.18838889,7.5,0.03844318964448,0.046917383,0.0221205,0.04139346,0.005523924,0.08831084
S2020CT013016,PaL1-2,41.7995556,-72.18838889,17.0,0.0316675839312,0.028779352,0.014309654,0.026777245,0.002002107,0.055556595
S2020CT013016,PaL1-2,41.7995556,-72.18838889,32.0,0.01023203580399,0.015945777,0.00876555,0.016402723,0.0,0.0323485
S2020CT013016,PaL1-2,41.7995556,-72.18838889,48.5,0.0067589834690069,0.009619388,0.0055133826,0.010317035,0.0,0.019936424
S2020CT013017,PaL2-1,41.800011,-72.189595,2.5,0.0705444491169599,0.049234174,0.01870275,0.034997918,0.0142362565,0.08423209
S2020CT013017,PaL2-1,41.800011,-72.189595,7.5,0.0305580647994298,0.045988414,0.018863304,0.03529836,0.010690056,0.08128677
S2020CT013017,PaL2-1,41.800011,-72.189595,27.0,0.017392704673508,0.017169744,0.008708347,0.016295679,0.00087406486,0.033465423
S2020CT013017,PaL2-1,41.800011,-72.189595,47.5,0.006657064385664,0.010009325,0.0053864713,0.01007955,0.0,0.020088874
S2020CT013017,PaL2-1,41.800011,-72.189595,62.0,0.0044406746272,0.009137775,0.004773179,0.008931913,0.0002058614,0.018069688
S2020CT013018,PaL2-2,41.8000602722168,-72.18949890136719,2.5,0.037931407946005,0.049234174,0.01870275,0.034997918,0.0142362565,0.08423209
S2020CT013018,PaL2-2,41.8000602722168,-72.18949890136719,7.5,0.03106491268531,0.045988414,0.018863304,0.03529836,0.010690056,0.08128677
S2020CT013018,PaL2-2,41.8000602722168,-72.18949890136719,19.5,0.021206596277958,0.024768174,0.011082024,0.020737475,0.004030699,0.04550565
S2020CT013018,PaL2-2,41.8000602722168,-72.18949890136719,36.5,0.023699859242508,0.01197988,0.0067798104,0.012686865,0.0,0.024666745
S2020CT013018,PaL2-2,41.8000602722168,-72.18949890136719,52.0,0.0085532264930519,0.009554741,0.0048113284,0.009003301,0.0005514398,0.018558042
S2020CT015004,PaH1-1,41.96549987792969,-71.9745277,21.5,0.028388406316776,0.019958023,0.008808399,0.016482905,0.0034751184,0.036440928
S2020CT015004,PaH1-1,41.96549987792969,-71.9745277,42.5,0.0081183596949,0.008039798,0.00400541,0.0074952086,0.000544589,0.015535006
S2020CT015004,PaH1-1,41.96549987792969,-71.9745277,62.5,0.0061389458675999,0.0067307497,0.0036093008,0.006753981,0.0,0.013484731
S2020CT015004,PaH1-1,41.96549987792969,-71.9745277,86.0,0.0034856169692759,0.0066185636,0.003570812,0.006681958,0.0,0.013300521
S2020CT015005,PaH1-2,41.96552778,-71.9745556,7.5,0.039139166416112,0.03175607,0.013673577,0.025586974,0.0061690956,0.057343043
S2020CT015005,PaH1-2,41.96552778,-71.9745556,19.0,0.029819188641088,0.02128258,0.008724372,0.016325668,0.0049569122,0.037608247
S2020CT015005,PaH1-2,41.96552778,-71.9745556,35.5,0.00845691154497,0.010607768,0.0053731846,0.010054686,0.00055308174,0.020662453
S2020CT015005,PaH1-2,41.96552778,-71.9745556,58.0,0.0067102681446,0.006865905,0.0036093008,0.006753981,0.00011192402,0.013619887
S2020CT015001,PaN2-1,41.9655556,-71.9746667,2.5,0.0337416995849759,0.030922992,0.0128692165,0.024081796,0.0068411957,0.05500479
S2020CT015001,PaN2-1,41.9655556,-71.9746667,7.5,0.0292656896795519,0.031636816,0.013800591,0.025824651,0.0058121644,0.057461467
S2020CT015001,PaN2-1,41.9655556,-71.9746667,25.0,0.023388319139475,0.0163646,0.008050597,0.015064852,0.0012997482,0.031429455
S2020CT015001,PaN2-1,41.9655556,-71.9746667,44.5,0.008015821466175,0.007971847,0.004032789,0.007546442,0.00042540533,0.015518289
S2020CT015001,PaN2-1,41.9655556,-71.9746667,70.5,0.005646000033425,0.0067072543,0.0036366687,0.006805194,0.0,0.013512448
S2020CT015001,PaN2-1,41.9655556,-71.9746667,97.0,0.002758157927775,0.0067072543,0.0036366687,0.006805194,0.0,0.013512448
S2020CT015002,PaN2-2,41.9654722,-71.97463889,2.5,0.0353170511645039,0.030922992,0.0128692165,0.024081796,0.0068411957,0.05500479
S2020CT015002,PaN2-2,41.9654722,-71.97463889,7.5,0.0277759040799239,0.031636816,0.013800591,0.025824651,0.0058121644,0.057461467
S2020CT015002,PaN2-2,41.9654722,-71.97463889,25.5,0.0276209811440639,0.015535118,0.0074364715,0.013915656,0.0016194619,0.029450774
S2020CT015002,PaN2-2,41.9654722,-71.97463889,43.0,0.011312363277051,0.008128615,0.004032789,0.007546442,0.000582173,0.015675057
S2020CT015003,PaN2-3,41.96552778,-71.9746667,2.5,0.03394987151949,0.030922992,0.0128692165,0.024081796,0.0068411957,0.05500479
S2020CT015003,PaN2-3,41.96552778,-71.9746667,7.5,0.0268198261176959,0.031636816,0.013800591,0.025824651,0.0058121644,0.057461467
S2020CT015003,PaN2-3,41.96552778,-71.9746667,28.5,0.023925585450767,0.01478514,0.007010001,0.013117614,0.0016675256,0.027902754
S2020CT015003,PaN2-3,41.96552778,-71.9746667,48.0,0.00984735925353,0.0077263513,0.0038570752,0.0072176345,0.0005087168,0.014943985
S2020CT013019,PaH2-1,41.7541111,-72.2346389,2.5,0.0598263663576149,0.036926363,0.010766348,0.02014676,0.016779603,0.057073124
S2020CT013019,PaH2-1,41.7541111,-72.2346389,7.5,0.06513618122436,0.037275568,0.011488082,0.021497319,0.01577825,0.058772884
S2020CT013019,PaH2-1,41.7541111,-72.2346389,14.5,0.0138540726676499,0.028756887,0.009860201,0.018451111,0.010305775,0.047207996
S2020CT013019,PaH2-1,41.7541111,-72.2346389,25.5,0.0087113592332199,0.01693404,0.00863586,0.016160037,0.0007740017,0.03309408
S2020CT013019,PaH2-1,41.7541111,-72.2346389,36.5,0.007407720147138,0.010764928,0.0056587243,0.010589009,0.00017591845,0.021353938
S2020CT013019,PaH2-1,41.7541111,-72.2346389,48.0,0.002825941239264,0.008544842,0.004289145,0.008026155,0.00051868707,0.016570996
S2020CT013019,PaH2-1,41.7541111,-72.2346389,65.0,0.002397897420438,0.007859134,0.004289145,0.008026155,0.0,0.01588529
S2020CT013020,PaH2-2,41.7541389,-72.2345833,2.5,0.0594098776810139,0.036926363,0.010766348,0.02014676,0.016779603,0.057073124
S2020CT013020,PaH2-2,41.7541389,-72.2345833,7.5,0.0608013874273259,0.037275568,0.011488082,0.021497319,0.01577825,0.058772884
S2020CT013020,PaH2-2,41.7541389,-72.2345833,17.5,0.036082646299182,0.026193954,0.009162589,0.01714569,0.0090482645,0.043339644
S2020CT013020,PaH2-2,41.7541389,-72.2345833,30.5,0.0122460754440318,0.016132813,0.00798725,0.014946312,0.0011865012,0.031079125
S2020CT013020,PaH2-2,41.7541389,-72.2345833,44.0,0.0088693995666503,0.00886366,0.004289145,0.008026155,0.00083750486,0.016889814
S2020CT013021,PaT2-1,41.7537778,-72.2351944,2.5,0.037020250888605,0.036926363,0.010766348,0.02014676,0.016779603,0.057073124
S2020CT013021,PaT2-1,41.7537778,-72.2351944,7.5,0.0309072990795449,0.037275568,0.011488082,0.021497319,0.01577825,0.058772884
S2020CT013021,PaT2-1,41.7537778,-72.2351944,14.5,0.03043805240751,0.028756887,0.009860201,0.018451111,0.010305775,0.047207996
S2020CT013021,PaT2-1,41.7537778,-72.2351944,24.5,0.00694327071267,0.017764669,0.008576648,0.016049236,0.0017154329,0.033813905
S2020CT013021,PaT2-1,41.7537778,-72.2351944,37.5,0.0055186662686399,0.010683701,0.0056587243,0.010589009,9.469222e-05,0.021272711
S2020CT013021,PaT2-1,41.7537778,-72.2351944,53.5,0.0039581670361756,0.008147646,0.004289145,0.008026155,0.00012149103,0.0161738
S2020CT013021,PaT2-1,41.7537778,-72.2351944,71.0,0.00454535757324,0.007719026,0.004113388,0.0076972647,2.1761283e-05,0.015416291
S2020CT013021,PaT2-1,41.7537778,-72.2351944,87.0,0.0041412287642061,0.007719026,0.004113388,0.0076972647,2.1761283e-05,0.015416291
S2020CT013021,PaT2-1,41.7537778,-72.2351944,105.0,0.0045024892173,0.007719026,0.004113388,0.0076972647,2.1761283e-05,0.015416291
S2020CT013022,PaT2-2,41.75379943847656,-72.2351833,2.5,0.0308640620538838,0.036926363,0.010766348,0.02014676,0.016779603,0.057073124
S2020CT013022,PaT2-2,41.75379943847656,-72.2351833,7.5,0.0340294794725248,0.037275568,0.011488082,0.021497319,0.01577825,0.058772884
S2020CT013022,PaT2-2,41.75379943847656,-72.2351833,22.0,0.02782026637467,0.021579454,0.0094912,0.01776061,0.0038188435,0.039340064
S2020CT013022,PaT2-2,41.75379943847656,-72.2351833,34.0,0.0142289945270199,0.012901035,0.007129214,0.013340694,0.0,0.026241729
S2020CT013022,PaT2-2,41.75379943847656,-72.2351833,47.5,0.00647327593616,0.008544842,0.004289145,0.008026155,0.00051868707,0.016570996
S2020CT013023,PaT2-3,41.7537833,-72.23521667,2.5,0.0369803974822758,0.036926363,0.010766348,0.02014676,0.016779603,0.057073124
S2020CT013023,PaT2-3,41.7537833,-72.23521667,7.5,0.03143522245927,0.037275568,0.011488082,0.021497319,0.01577825,0.058772884
S2020CT013023,PaT2-3,41.7537833,-72.23521667,21.5,0.0127944519035518,0.021655038,0.0092275245,0.017267203,0.004387835,0.038922243
S2020CT013023,PaT2-3,41.7537833,-72.23521667,32.0,0.0061826387489998,0.014777317,0.0073792087,0.013808502,0.0009688148,0.028585818
S2020CT013023,PaT2-3,41.7537833,-72.23521667,44.5,0.0066205305711998,0.00886366,0.004289145,0.008026155,0.00083750486,0.016889814
